수원시정_만족도,경제사회적_위치,성별,연령대3,가구원_수1,가구원_수2,수원시_생활권,월평균_가구소득,연령대2,year,거주_동,주택_유형,거주_구,연령대1,종교,정책_관심도,수원_거주_기간
ADD3,DM12,DM1,DM23,DM71,DM72,DM32,DM11,DM22,2023,DM31,DM9,DM3,DM21,DM6,ADD1,DM7
3,2,1,3,2,3,1,7,2,2023,43,2,4,5,5,2,5
3,3,1,4,2,2,1,7,3,2023,43,2,4,6,5,2,4
3,3,1,1,2,2,1,6,1,2023,43,2,4,2,5,2,4
3,3,2,1,2,3,1,5,1,2023,43,2,4,3,5,2,4
3,3,2,2,2,3,1,6,2,2023,43,1,4,4,3,1,4
3,3,2,1,2,2,1,5,1,2023,43,1,4,2,5,2,3
2,2,2,4,1,1,1,3,3,2023,43,1,4,7,5,2,7
3,3,2,2,2,3,1,4,2,2023,43,1,4,3,3,3,3
3,3,2,3,2,4,1,7,2,2023,43,1,4,5,2,2,4
3,3,1,3,2,3,1,5,2,2023,43,1,4,5,5,2,5
3,3,2,4,2,4,1,7,3,2023,43,1,4,6,5,2,6
3,3,1,2,2,2,1,7,2,2023,43,1,4,4,5,2,4
3,3,1,2,2,3,1,3,2,2023,43,1,4,3,5,2,2
3,3,1,4,2,3,1,7,3,2023,43,1,4,7,5,3,7
2,3,1,1,2,2,1,6,1,2023,43,1,4,2,1,2,3
3,3,2,2,2,3,1,6,2,2023,43,1,4,4,5,3,4
2,3,1,3,2,4,1,7,2,2023,43,1,4,6,5,2,7
3,3,1,3,2,2,1,5,2,2023,43,1,4,5,5,2,2
3,3,2,1,1,1,1,2,1,2023,43,1,4,2,5,2,4
3,3,1,2,2,2,1,6,2,2023,43,1,4,3,1,2,4
3,3,1,2,2,3,1,7,2,2023,43,1,4,4,2,3,3
3,3,2,1,2,2,1,4,1,2023,43,1,4,3,3,2,5
3,3,2,2,2,4,1,5,2,2023,43,1,4,4,5,2,4
2,3,1,3,2,2,1,4,2,2023,43,1,4,5,5,1,5
3,3,1,1,2,3,1,7,1,2023,43,1,4,2,5,2,4
3,3,2,3,2,4,1,7,2,2023,43,1,4,6,5,3,5
2,2,2,3,2,3,1,6,2,2023,43,1,4,5,5,3,4
3,3,2,1,2,2,1,6,1,2023,43,1,4,2,2,3,1
2,3,2,4,2,3,1,6,3,2023,43,1,4,7,2,3,7
3,3,2,3,2,4,1,7,2,2023,43,1,4,6,5,2,6
3,2,1,3,2,2,6,4,2,2023,26,3,3,5,5,1,3
3,1,2,2,2,3,6,3,2,2023,26,3,3,3,5,1,2
3,3,2,3,2,2,6,3,2,2023,26,3,3,5,2,2,4
3,2,2,3,2,3,2,6,2,2023,20,1,2,6,5,2,3
3,2,2,3,2,2,6,4,2,2023,27,3,3,6,5,3,3
3,3,2,3,2,2,3,5,2,2023,3,3,1,6,5,2,5
3,3,1,1,2,3,5,4,1,2023,39,1,4,3,5,3,5
3,3,1,4,2,2,5,3,3,2023,39,1,4,7,5,3,7
3,3,2,1,2,2,5,5,1,2023,39,1,4,2,2,3,1
3,3,1,3,2,3,5,7,2,2023,39,1,4,5,2,2,5
3,3,1,1,2,2,5,6,1,2023,39,1,4,3,5,2,1
3,3,1,2,2,3,5,7,2,2023,39,1,4,4,5,2,6
3,2,2,2,2,4,5,4,2,2023,39,1,4,4,5,3,4
3,3,1,1,2,2,5,5,1,2023,39,1,4,2,5,2,4
3,3,2,3,2,2,5,4,2,2023,39,1,4,6,5,3,7
2,3,1,1,2,2,5,7,1,2023,39,1,4,3,2,2,2
3,3,2,2,2,2,5,6,2,2023,39,1,4,4,1,3,2
3,3,2,1,2,3,5,6,1,2023,39,1,4,3,5,2,4
3,1,1,2,2,3,2,3,2,2023,14,3,2,4,5,2,1
3,2,2,4,2,2,2,2,3,2023,14,3,2,6,1,1,4
3,1,2,4,2,2,2,1,3,2023,14,3,2,7,2,1,4
3,1,2,2,2,4,2,3,2,2023,20,1,2,4,2,1,2
3,1,2,4,2,2,1,3,3,2023,10,3,1,6,5,2,6
3,2,2,2,2,3,2,5,2,2023,20,1,2,4,5,2,2
3,3,1,4,2,2,5,2,3,2023,35,3,4,7,5,3,3
3,3,1,4,1,1,3,4,3,2023,1,3,1,6,5,2,2
2,1,2,2,2,3,2,5,2,2023,20,1,2,3,5,1,3
3,1,2,2,2,3,2,6,2,2023,20,1,2,3,5,2,2
3,1,1,2,2,3,6,4,2,2023,26,1,3,4,5,2,3
3,2,1,2,2,3,2,4,2,2023,14,3,2,4,2,1,2
2,1,2,4,2,2,2,1,3,2023,20,1,2,7,2,2,3
2,2,2,3,2,2,6,4,2,2023,26,1,3,5,5,1,3
3,1,2,3,2,2,2,3,2,2023,14,3,2,5,2,2,3
3,2,2,3,2,2,6,3,2,2023,26,1,3,6,1,1,5
2,1,2,2,2,3,2,4,2,2023,14,3,2,4,5,1,2
2,3,1,3,2,4,6,6,2,2023,26,1,3,5,2,1,3
3,2,1,3,2,3,2,5,2,2023,14,3,2,5,5,2,3
3,1,1,3,2,2,6,5,2,2023,26,1,3,5,2,2,4
2,2,1,3,2,2,2,5,2,2023,14,3,2,6,5,1,4
3,1,1,4,2,4,2,1,3,2023,20,1,2,6,1,2,4
3,1,2,4,2,2,2,2,3,2023,20,1,2,6,2,3,3
3,2,2,4,2,2,6,2,3,2023,26,1,3,7,1,1,5
2,1,2,2,2,3,2,4,2,2023,14,3,2,4,5,1,2
3,1,1,4,2,2,6,3,3,2023,26,1,3,7,5,1,4
2,1,2,1,1,1,2,3,1,2023,14,3,2,3,5,1,1
3,2,2,4,2,2,5,2,3,2023,35,3,4,6,5,2,6
3,3,1,3,2,4,2,7,2,2023,20,1,2,5,5,1,3
2,1,2,4,2,2,6,6,3,2023,31,3,3,6,2,3,6
2,1,2,3,1,1,2,1,2,2023,20,1,2,6,1,1,2
3,2,2,3,2,3,5,5,2,2023,35,1,4,5,3,3,5
3,2,1,3,2,3,5,4,2,2023,35,1,4,6,5,3,7
3,3,2,3,2,3,5,5,2,2023,35,1,4,5,2,2,5
3,1,1,2,1,1,5,3,2,2023,35,4,4,3,5,2,2
3,1,2,1,1,1,5,2,1,2023,35,4,4,3,5,3,2
3,1,2,3,1,1,6,2,2,2023,31,2,3,5,5,2,7
3,1,1,1,1,1,5,3,1,2023,35,3,4,3,5,2,2
3,1,1,1,1,1,5,3,1,2023,35,3,4,3,5,3,2
3,1,1,2,2,2,5,5,2,2023,35,1,4,3,5,3,3
3,1,1,2,2,2,5,5,2,2023,35,1,4,3,5,2,3
2,3,1,3,2,2,6,7,2,2023,31,2,3,5,1,3,7
3,1,1,3,2,2,6,4,2,2023,31,2,3,6,1,2,7
3,1,1,3,1,1,6,4,2,2023,31,3,3,5,5,3,5
3,3,1,3,2,3,1,7,2,2023,43,1,4,5,5,2,2
2,3,2,1,2,3,1,6,1,2023,43,1,4,1,5,2,3
3,3,1,1,2,3,1,7,1,2023,43,1,4,2,5,2,3
3,3,1,2,2,2,1,7,2,2023,43,1,4,4,2,3,3
3,1,2,3,2,3,2,5,2,2023,12,1,2,5,2,2,3
3,1,1,2,2,4,2,4,2,2023,12,1,2,4,5,2,2
2,1,2,4,2,2,2,3,3,2023,12,1,2,7,1,1,5
2,1,1,3,2,2,2,2,2,2023,19,3,2,6,5,3,7
3,1,2,1,1,1,5,2,1,2023,35,1,4,2,2,2,2
3,1,2,4,2,2,2,2,3,2023,19,3,2,6,2,2,6
3,2,2,2,2,2,5,4,2,2023,41,1,4,3,5,3,3
3,1,2,1,1,1,5,2,1,2023,35,1,4,2,5,3,2
3,2,2,3,2,2,6,2,2,2023,23,3,3,5,5,3,5
3,1,2,4,1,1,5,1,3,2023,35,1,4,6,5,3,6
3,2,2,3,2,2,6,3,2,2023,23,3,3,5,5,3,5
3,1,2,1,1,1,5,2,1,2023,35,1,4,3,5,2,2
3,1,1,1,1,1,6,3,1,2023,31,3,3,3,1,3,5
2,2,2,1,2,2,2,5,1,2023,19,3,2,2,5,2,1
3,1,1,1,1,1,5,3,1,2023,35,1,4,2,5,3,1
3,3,1,4,2,2,6,3,3,2023,23,3,3,6,5,3,4
3,1,1,4,1,1,5,1,3,2023,35,1,4,6,5,3,6
3,1,1,1,2,2,2,4,1,2023,19,3,2,3,5,3,4
3,1,1,1,2,2,5,3,1,2023,35,3,4,2,5,3,4
2,1,1,1,2,2,2,5,1,2023,19,3,2,2,5,2,4
3,1,1,2,2,2,5,4,2,2023,35,3,4,4,5,3,3
3,1,2,4,1,1,2,3,3,2023,19,3,2,7,3,3,7
3,1,1,3,2,2,5,6,2,2023,35,3,4,5,5,3,4
3,1,1,3,2,2,5,4,2,2023,35,3,4,6,5,3,5
3,1,2,2,2,2,5,2,2,2023,35,3,4,4,5,3,3
1,1,1,1,2,4,2,6,1,2023,12,1,2,2,5,1,4
3,1,2,3,2,2,5,5,2,2023,35,3,4,5,5,2,4
3,1,2,4,2,2,5,2,3,2023,35,3,4,7,5,2,7
3,3,1,3,2,2,2,5,2,2023,12,1,2,6,2,3,4
3,1,1,2,2,2,5,4,2,2023,35,3,4,4,5,3,4
3,1,1,3,2,2,5,5,2,2023,35,3,4,5,5,3,4
2,2,1,2,1,1,2,4,2,2023,19,3,2,4,5,2,6
3,1,2,1,1,1,4,1,1,2023,2,3,1,2,5,1,1
3,1,1,2,2,2,5,5,2,2023,41,1,4,3,5,2,1
3,2,1,2,2,2,2,6,2,2023,19,3,2,3,2,2,5
3,1,2,1,2,3,3,4,1,2023,4,3,1,2,5,2,4
3,2,1,1,1,1,4,1,1,2023,2,3,1,2,5,2,1
3,1,2,1,1,1,2,2,1,2023,19,3,2,3,5,3,5
3,1,2,4,1,1,3,1,3,2023,4,3,1,7,2,1,7
3,1,2,3,2,4,2,4,2,2023,20,1,2,5,5,2,2
3,1,2,3,2,3,3,1,2,2023,4,2,1,6,2,2,4
2,1,2,3,2,4,2,7,2,2023,20,1,2,6,2,2,2
3,1,1,1,2,2,3,3,1,2023,4,3,1,2,5,2,4
3,1,1,3,2,3,2,6,2,2023,19,3,2,5,5,2,7
3,2,1,2,2,4,2,4,2,2023,20,1,2,4,5,3,1
3,1,1,1,2,2,3,4,1,2023,4,3,1,3,5,1,5
3,1,2,2,2,3,2,5,2,2023,19,3,2,4,3,2,6
3,1,1,2,2,4,2,5,2,2023,20,1,2,4,3,2,3
2,1,2,3,2,4,2,7,2,2023,19,3,2,5,3,2,5
2,1,1,4,2,2,2,2,3,2023,19,3,2,7,5,2,7
3,3,1,2,2,2,3,3,2,2023,1,3,1,3,5,3,3
3,1,2,4,2,2,5,1,3,2023,35,1,4,7,1,2,6
2,1,2,1,1,1,2,2,1,2023,19,3,2,2,5,2,1
3,1,2,1,2,2,5,2,1,2023,35,1,4,2,1,3,4
2,1,1,3,2,3,2,7,2,2023,20,1,2,6,5,2,4
3,1,2,1,2,2,2,5,1,2023,19,3,2,2,5,2,1
3,1,2,3,2,3,3,4,2,2023,4,3,1,6,5,3,6
3,1,1,1,1,1,3,1,1,2023,4,4,1,2,5,2,4
3,2,2,4,2,2,3,1,3,2023,1,3,1,7,5,1,7
3,1,2,2,2,2,5,2,2,2023,35,1,4,4,5,3,3
3,3,2,3,2,3,5,7,2,2023,39,1,4,5,2,2,5
3,1,1,2,2,4,3,3,2,2023,4,3,1,4,1,2,3
2,3,2,1,2,2,5,6,1,2023,39,3,4,2,5,2,4
3,1,1,1,2,2,5,3,1,2023,35,1,4,2,5,2,4
3,1,1,2,2,3,5,4,2,2023,35,1,4,4,5,3,4
2,1,2,1,1,1,6,2,1,2023,6,3,1,2,5,2,1
3,2,1,3,1,1,2,5,2,2023,19,3,2,6,5,2,7
2,1,2,1,2,2,3,2,1,2023,4,3,1,2,2,2,3
3,1,1,3,2,2,5,5,2,2023,35,1,4,5,5,3,5
3,1,2,2,2,3,4,3,2,2023,2,3,1,4,2,2,2
2,2,1,2,1,1,2,4,2,2023,19,3,2,4,5,3,4
3,1,1,4,2,2,5,1,3,2023,35,1,4,7,5,3,7
3,2,2,4,1,1,3,2,3,2023,4,3,1,7,1,2,5
3,2,1,2,2,2,5,5,2,2023,41,1,4,3,3,2,3
3,1,2,2,2,2,5,4,2,2023,35,1,4,4,5,3,3
3,1,2,4,2,2,5,1,3,2023,35,1,4,6,5,3,6
3,3,2,3,2,3,3,5,2,2023,3,2,1,5,5,2,4
3,2,2,1,1,1,4,4,1,2023,2,3,1,2,3,2,1
3,3,2,3,2,3,6,5,2,2023,6,2,1,5,2,1,5
3,1,1,3,2,3,2,5,2,2023,19,3,2,5,2,3,7
3,2,2,3,2,2,6,4,2,2023,6,2,1,6,2,2,4
3,2,1,1,1,1,6,3,1,2023,6,4,1,2,5,1,3
2,3,2,2,2,3,5,7,2,2023,39,3,4,4,5,2,5
3,1,1,1,2,2,2,5,1,2023,19,3,2,2,5,2,4
2,2,2,4,1,1,5,3,3,2023,39,3,4,7,2,2,7
3,1,2,1,2,4,2,6,1,2023,19,3,2,3,2,2,5
2,1,1,4,2,2,6,3,3,2023,6,1,1,7,5,3,5
3,2,1,1,1,1,4,5,1,2023,2,3,1,2,5,2,1
2,2,2,4,2,3,5,6,3,2023,39,3,4,6,5,2,5
2,1,1,4,2,2,6,5,3,2023,6,1,1,6,2,3,3
2,3,1,1,2,3,5,7,1,2023,39,3,4,2,5,2,3
3,3,1,1,2,2,5,5,1,2023,39,3,4,3,5,3,1
2,1,2,4,2,2,6,6,3,2023,6,1,1,6,2,3,3
2,3,2,1,2,3,5,4,1,2023,39,3,4,3,5,2,5
3,2,1,1,2,3,5,4,1,2023,36,3,4,1,5,2,3
3,1,2,2,2,3,5,4,2,2023,41,1,4,4,2,3,3
3,2,1,2,2,3,5,5,2,2023,41,1,4,3,5,2,3
3,2,1,2,2,3,5,5,2,2023,36,3,4,4,5,2,5
3,1,2,2,2,3,1,6,2,2023,10,3,1,4,5,3,6
2,3,2,2,2,3,1,4,2,2023,43,1,4,4,1,2,4
3,1,2,1,1,1,5,2,1,2023,36,3,4,2,5,2,1
3,3,1,4,2,3,1,6,3,2023,43,1,4,7,5,3,7
3,2,2,3,2,3,5,2,2,2023,36,3,4,5,5,2,5
3,3,2,2,2,4,5,5,2,2023,36,3,4,4,5,2,6
2,1,2,4,2,2,6,4,3,2023,6,4,1,7,3,3,6
3,1,2,4,1,1,6,1,3,2023,27,2,3,7,5,2,6
3,3,1,2,1,1,4,2,2,2023,2,1,1,3,3,2,1
3,2,2,1,2,4,6,5,1,2023,27,1,3,2,5,2,4
3,2,1,1,2,3,4,3,1,2023,2,1,1,2,5,2,1
3,3,1,1,1,1,1,3,1,2023,43,1,4,2,5,2,4
3,1,2,1,2,4,3,7,1,2023,4,1,1,3,5,2,3
3,1,2,2,2,3,2,6,2,2023,19,3,2,4,3,2,4
3,3,2,3,2,2,1,4,2,2023,43,1,4,6,5,3,5
3,2,2,3,2,3,4,3,2,2023,2,1,1,5,2,2,3
3,1,2,1,2,3,2,4,1,2023,12,1,2,3,3,2,2
3,1,1,1,2,3,6,5,1,2023,26,1,3,2,5,1,3
2,2,1,1,2,3,2,5,1,2023,14,1,2,2,5,1,3
3,3,2,3,2,4,1,7,2,2023,43,1,4,5,2,3,6
3,1,2,4,1,1,2,2,3,2023,19,3,2,7,2,1,6
3,1,1,2,2,3,6,4,2,2023,26,1,3,4,2,2,2
3,1,1,2,2,3,2,3,2,2023,14,1,2,4,5,2,2
3,1,2,4,2,2,2,3,3,2023,12,1,2,6,2,2,6
3,1,2,2,2,3,6,4,2,2023,26,1,3,4,3,2,2
3,2,2,2,2,3,2,5,2,2023,14,1,2,4,2,1,3
3,1,2,3,2,3,2,5,2,2023,19,3,2,5,2,3,7
3,1,2,1,2,2,6,3,1,2023,26,1,3,2,5,3,1
3,1,2,1,2,2,2,4,1,2023,14,1,2,2,2,2,1
1,1,2,2,2,4,2,5,2,2023,12,1,2,4,5,2,3
2,1,1,4,1,1,2,2,3,2023,12,1,2,7,5,1,5
3,2,1,3,2,2,5,2,2,2023,35,1,4,6,5,3,3
3,2,2,4,1,1,4,1,3,2023,2,1,1,7,1,2,5
3,3,1,1,2,3,6,6,1,2023,26,1,3,2,5,1,2
2,2,1,1,2,3,2,5,1,2023,14,1,2,2,5,1,2
3,1,1,1,2,2,2,5,1,2023,19,3,2,3,5,2,3
3,2,1,4,2,2,5,2,3,2023,35,1,4,7,3,3,7
3,2,1,4,2,3,6,5,3,2023,24,1,3,6,5,3,3
3,2,2,4,2,2,6,3,3,2023,26,1,3,6,1,1,4
3,2,2,4,2,2,2,2,3,2023,14,1,2,6,2,1,3
3,2,2,3,2,2,5,3,2,2023,35,1,4,5,5,3,5
1,1,1,2,2,4,2,6,2,2023,12,1,2,4,5,2,2
3,1,2,1,2,3,3,3,1,2023,4,1,1,3,2,3,2
3,2,2,3,2,2,5,3,2,2023,35,1,4,6,5,3,5
2,3,2,3,2,4,6,7,2,2023,24,1,3,5,3,3,4
1,1,1,3,2,3,2,5,2,2023,12,3,2,5,5,1,3
3,1,2,1,2,3,3,3,1,2023,4,1,1,3,2,3,2
3,3,2,4,2,2,5,3,3,2023,35,1,4,7,3,3,6
1,1,2,4,1,1,2,1,3,2023,12,3,2,7,5,1,6
3,3,1,2,2,3,5,5,2,2023,36,3,4,3,5,2,1
3,1,1,1,2,2,5,3,1,2023,35,1,4,2,5,3,4
3,1,1,3,2,2,3,3,2,2023,4,1,1,6,5,3,6
2,1,2,1,1,1,6,2,1,2023,31,4,3,2,3,1,2
3,1,2,1,2,2,5,4,1,2023,35,1,4,2,5,3,4
3,1,2,3,2,2,6,3,2,2023,24,1,3,6,5,2,2
3,2,1,3,2,4,3,4,2,2023,4,1,1,5,5,3,4
3,2,2,1,1,1,6,2,1,2023,6,4,1,2,5,2,4
3,2,2,1,1,1,6,3,1,2023,31,4,3,3,5,2,5
3,2,1,1,1,1,6,3,1,2023,6,4,1,3,5,3,2
3,3,1,3,2,2,6,5,2,2023,6,2,1,5,5,3,5
3,3,2,2,2,3,6,6,2,2023,6,3,1,4,3,1,4
3,1,2,1,2,2,2,5,1,2023,12,3,2,2,5,1,1
3,3,1,3,1,1,6,4,2,2023,6,2,1,5,2,3,5
3,1,2,1,1,1,6,2,1,2023,31,4,3,3,5,2,2
3,3,2,2,2,3,6,5,2,2023,6,3,1,3,2,2,3
3,1,1,4,1,1,6,1,3,2023,6,3,1,7,1,2,6
3,3,1,3,2,2,6,3,2,2023,6,3,1,5,3,2,5
3,3,1,1,2,3,6,7,1,2023,6,2,1,2,5,1,4
3,2,1,2,2,2,6,5,2,2023,31,4,3,3,5,2,5
3,3,2,3,2,2,6,5,2,2023,6,3,1,5,5,2,5
3,2,2,2,2,4,4,1,2,2023,2,1,1,4,3,2,3
3,3,1,1,2,3,6,7,1,2023,6,1,1,2,3,1,4
3,3,2,1,2,3,6,6,1,2023,6,1,1,2,5,1,3
2,3,1,1,2,3,1,3,1,2023,43,1,4,3,5,3,2
3,1,1,4,2,2,4,1,3,2023,2,1,1,7,5,2,4
2,3,1,2,2,3,1,6,2,2023,43,1,4,4,5,2,3
2,2,2,1,1,1,1,2,1,2023,43,1,4,2,5,3,4
3,3,2,1,2,2,1,6,1,2023,43,1,4,3,5,2,4
3,1,2,1,2,3,3,6,1,2023,5,1,1,3,5,2,1
3,2,2,1,2,3,6,6,1,2023,23,3,3,2,5,2,4
3,1,2,2,2,3,6,3,2,2023,23,3,3,3,5,3,2
3,2,2,4,2,2,6,2,3,2023,23,3,3,7,1,3,6
3,3,2,2,2,2,1,5,2,2023,44,3,4,3,5,2,1
3,2,2,1,1,1,6,2,1,2023,23,4,3,2,5,3,4
3,2,2,4,2,2,3,1,3,2023,1,3,1,7,5,2,7
3,1,2,3,2,2,5,3,2,2023,36,2,4,6,5,2,7
3,3,1,4,1,1,3,4,3,2023,4,1,1,6,5,3,6
3,3,1,3,2,2,3,5,2,2023,3,3,1,6,5,2,4
3,1,2,3,2,4,3,5,2,2023,4,1,1,5,5,3,4
3,3,2,1,2,2,6,7,1,2023,24,1,3,3,5,2,1
3,3,2,2,2,3,3,2,2,2023,1,3,1,3,5,2,3
3,3,1,3,2,2,1,5,2,2023,43,1,4,5,5,2,4
3,2,2,3,2,2,3,5,2,2023,4,1,1,5,5,3,5
3,2,1,3,2,2,4,2,2,2023,16,1,2,6,5,2,3
3,3,2,3,2,3,6,7,2,2023,24,1,3,5,5,3,3
3,1,1,2,1,1,6,4,2,2023,31,4,3,4,5,3,4
3,2,2,1,2,3,1,3,1,2023,43,1,4,2,5,3,4
3,1,2,2,2,3,3,5,2,2023,4,1,1,4,5,2,4
2,2,2,2,1,1,6,3,2,2023,31,4,3,4,5,2,5
3,3,2,2,2,2,1,7,2,2023,43,1,4,4,2,3,3
3,1,1,1,1,1,6,2,1,2023,31,1,3,2,5,2,4
3,1,2,4,2,2,1,4,3,2023,10,3,1,6,1,1,5
3,2,2,3,2,3,3,6,2,2023,4,1,1,5,5,3,4
3,2,1,1,2,3,4,3,1,2023,16,1,2,2,5,1,3
3,2,1,2,2,3,1,6,2,2023,43,1,4,3,5,3,5
3,2,1,2,2,3,5,6,2,2023,40,1,4,4,5,3,3
3,1,2,2,2,4,3,4,2,2023,4,1,1,4,5,2,3
3,1,1,4,1,1,4,2,3,2023,16,1,2,7,2,2,6
2,2,1,2,1,1,6,3,2,2023,31,1,3,3,5,2,5
3,1,1,4,2,2,3,2,3,2023,4,1,1,7,5,2,6
3,1,1,2,1,1,6,4,2,2023,31,1,3,4,2,2,4
3,3,2,2,2,3,4,4,2,2023,2,1,1,3,5,2,4
3,2,1,2,2,2,4,5,2,2023,16,1,2,3,5,3,1
3,1,1,3,2,4,3,4,2,2023,4,1,1,6,5,3,4
3,3,2,2,1,1,3,3,2,2023,1,3,1,3,2,1,3
3,2,1,2,2,3,4,7,2,2023,16,1,2,4,3,2,3
3,2,1,1,2,4,6,6,1,2023,24,1,3,2,5,2,4
3,1,2,1,2,3,1,7,1,2023,10,3,1,2,5,1,4
3,3,2,3,1,1,5,2,2,2023,36,2,4,6,1,3,7
3,2,1,2,2,3,6,5,2,2023,24,1,3,3,5,2,5
3,2,2,2,2,3,3,3,2,2023,1,3,1,4,2,2,3
3,1,2,3,1,1,1,3,2,2023,10,3,1,5,5,2,6
3,2,2,4,2,2,6,5,3,2023,31,1,3,7,1,1,7
3,3,1,3,2,3,6,7,2,2023,31,1,3,5,1,2,7
3,3,1,3,2,2,5,4,2,2023,36,1,4,5,2,2,7
1,1,2,3,2,2,2,3,2,2023,12,3,2,6,2,1,4
3,3,1,1,1,1,4,2,1,2023,17,4,2,2,5,2,1
3,3,1,1,2,2,4,6,1,2023,17,4,2,2,5,2,1
3,2,1,4,2,2,4,2,3,2023,2,1,1,7,5,2,7
3,1,2,4,2,2,6,3,3,2023,31,1,3,6,1,3,7
3,2,2,3,2,2,6,4,2,2023,31,1,3,5,2,3,5
3,2,2,3,2,2,4,1,2,2023,2,1,1,6,1,3,7
3,2,1,3,2,2,6,4,2,2023,31,1,3,5,5,3,7
2,1,2,4,2,2,6,1,3,2023,24,1,3,7,2,2,5
3,3,2,2,2,3,6,5,2,2023,23,3,3,4,5,3,4
1,1,1,3,2,3,2,5,2,2023,12,3,2,5,5,1,6
3,3,1,3,2,3,6,5,2,2023,6,1,1,5,2,1,5
3,3,2,3,2,2,6,6,2,2023,6,1,1,5,5,2,4
3,3,2,1,2,3,6,6,1,2023,6,1,1,2,2,1,4
3,3,2,2,2,3,6,6,2,2023,23,1,3,4,5,2,3
3,3,1,2,2,4,6,6,2,2023,6,1,1,4,5,2,3
3,2,2,2,2,3,6,4,2,2023,23,1,3,3,5,3,3
3,3,2,3,2,3,6,5,2,2023,6,1,1,5,3,2,4
3,3,2,2,2,3,6,5,2,2023,6,1,1,3,5,2,3
3,2,1,2,2,3,6,6,2,2023,6,1,1,3,5,1,2
3,2,1,3,2,3,4,3,2,2023,2,1,1,5,5,3,7
3,3,2,2,2,3,6,6,2,2023,6,1,1,4,3,2,3
3,2,2,2,2,4,6,6,2,2023,6,1,1,4,2,2,5
3,2,2,3,2,2,4,3,2,2023,2,1,1,5,1,2,4
3,2,2,2,2,4,6,6,2,2023,23,1,3,4,5,2,4
3,2,1,2,2,3,6,4,2,2023,27,2,3,3,5,2,1
3,3,1,3,2,4,4,3,2,2023,2,1,1,5,2,2,5
3,3,2,3,2,2,6,5,2,2023,23,1,3,6,5,2,5
3,2,2,2,2,4,4,3,2,2023,2,1,1,3,2,2,3
3,2,2,3,1,1,6,2,2,2023,27,3,3,5,1,2,3
3,3,2,2,1,1,1,4,2,2023,43,3,4,4,5,2,6
3,2,1,1,2,4,4,3,1,2023,2,1,1,2,5,2,4
3,3,2,1,2,2,4,4,1,2023,2,1,1,2,3,2,1
3,3,1,2,2,4,1,7,2,2023,43,2,4,4,5,2,5
3,3,2,3,2,2,1,4,2,2023,43,2,4,6,5,3,5
3,2,1,3,1,1,4,3,2,2023,2,1,1,6,5,2,1
2,2,2,4,2,2,6,2,3,2023,23,1,3,7,5,3,5
3,3,2,4,2,2,1,3,3,2023,43,2,4,7,2,2,7
3,2,2,4,2,2,6,2,3,2023,23,1,3,7,5,3,6
3,3,1,1,2,3,1,3,1,2023,43,2,4,3,5,3,5
2,3,2,3,2,3,1,7,2,2023,43,2,4,5,2,3,4
3,3,2,2,2,2,1,7,2,2023,43,2,4,4,2,2,2
3,1,1,1,2,4,1,6,1,2023,10,3,1,2,5,3,4
3,1,1,4,2,2,1,2,3,2023,10,2,1,7,5,1,3
3,1,1,3,2,4,3,5,2,2023,4,1,1,6,5,2,2
3,1,2,4,2,2,1,5,3,2023,10,2,1,7,2,1,7
3,1,2,4,1,1,4,1,3,2023,16,1,2,7,2,2,5
3,1,2,3,2,3,3,5,2,2023,4,1,1,5,5,2,4
2,1,2,2,2,3,4,2,2,2023,16,1,2,4,5,1,2
3,3,2,3,1,1,3,2,2,2023,1,1,1,6,2,2,6
3,2,2,1,2,3,6,3,1,2023,23,1,3,3,5,3,2
3,1,1,3,2,3,3,3,2,2023,4,1,1,5,5,3,2
3,1,2,1,2,3,6,7,1,2023,24,1,3,1,5,2,3
2,1,1,2,2,3,4,2,2,2023,16,1,2,3,2,1,2
3,2,2,1,2,4,6,5,1,2023,24,1,3,2,5,2,2
3,2,2,2,1,1,5,4,2,2023,40,1,4,4,5,3,6
3,2,2,1,2,2,6,5,1,2023,23,1,3,3,5,3,2
3,3,1,1,2,2,4,4,1,2023,17,4,2,2,5,2,2
3,3,2,4,2,2,4,3,3,2023,16,1,2,6,5,1,5
3,1,1,3,2,3,6,4,2,2023,26,1,3,5,5,2,3
2,1,1,3,2,3,2,4,2,2023,14,1,2,5,2,1,3
3,1,2,3,1,1,6,1,2,2023,23,3,3,6,5,3,5
3,1,2,1,2,3,6,5,1,2023,26,1,3,3,5,2,2
3,1,2,1,2,3,2,4,1,2023,14,1,2,3,5,1,1
3,1,1,2,2,2,4,6,2,2023,17,4,2,3,5,2,2
3,2,1,3,2,3,4,6,2,2023,16,1,2,5,1,3,4
3,1,2,2,2,2,6,3,2,2023,26,1,3,4,3,1,2
3,1,2,2,2,2,2,4,2,2023,14,1,2,4,2,1,3
2,2,2,1,1,1,6,2,1,2023,23,4,3,2,5,2,1
3,2,2,4,2,2,6,2,3,2023,26,1,3,7,1,1,4
3,2,2,4,2,2,2,2,3,2023,14,1,2,7,2,1,4
3,1,2,4,2,2,5,5,3,2023,38,1,4,6,5,2,6
3,2,2,3,2,2,6,4,2,2023,23,1,3,5,5,3,5
3,2,2,2,1,1,5,3,2,2023,40,1,4,3,5,2,5
3,2,2,2,2,4,6,6,2,2023,24,1,3,4,5,3,3
3,1,1,2,2,3,5,6,2,2023,38,1,4,3,5,2,3
3,1,1,1,1,1,5,3,1,2023,40,1,4,2,5,2,3
3,2,2,2,2,3,6,5,2,2023,24,1,3,3,2,2,2
3,2,2,1,1,1,5,3,1,2023,40,1,4,2,5,3,3
3,1,2,1,2,2,5,5,1,2023,38,1,4,2,5,2,4
3,3,1,1,2,4,6,7,1,2023,24,1,3,3,5,2,4
3,2,2,1,2,2,5,7,1,2023,40,1,4,2,5,3,4
3,2,1,2,2,3,5,4,2,2023,35,1,4,4,5,3,4
3,1,1,4,2,2,5,6,3,2023,38,1,4,6,3,3,7
2,1,1,1,2,4,6,6,1,2023,24,1,3,1,5,2,3
3,2,1,3,2,2,5,4,2,2023,35,1,4,5,5,3,5
3,1,2,2,2,3,5,4,2,2023,35,1,4,3,5,3,2
3,2,2,2,2,3,5,4,2,2023,35,1,4,4,5,3,3
3,2,2,3,2,2,5,4,2,2023,35,1,4,5,1,3,4
3,3,1,2,2,4,4,3,2,2023,2,1,1,4,5,2,4
3,2,1,2,1,1,4,6,2,2023,17,4,2,4,5,1,3
3,1,2,4,2,2,6,2,3,2023,24,1,3,7,1,3,6
3,2,1,3,2,2,4,4,2,2023,17,4,2,5,3,3,3
3,3,2,3,2,4,4,4,2,2023,2,1,1,5,1,2,7
3,1,2,3,1,1,6,3,2,2023,31,1,3,5,2,2,6
3,2,1,3,1,1,6,4,2,2023,31,1,3,5,1,2,4
3,3,2,3,2,2,3,4,2,2023,1,1,1,5,3,3,3
3,1,2,4,2,2,6,3,3,2023,31,1,3,7,1,3,7
3,2,2,4,2,2,6,3,3,2023,31,1,3,7,1,1,7
2,1,1,2,1,1,6,3,2,2023,31,1,3,4,5,2,6
3,3,2,2,2,3,5,7,2,2023,42,1,4,4,5,3,2
3,1,2,1,2,2,5,6,1,2023,38,1,4,2,5,2,4
3,1,1,3,2,2,6,5,2,2023,31,1,3,6,3,3,6
3,2,1,3,2,2,6,4,2,2023,23,1,3,6,5,3,6
3,1,1,4,2,2,6,1,3,2023,23,1,3,7,5,3,7
2,1,2,4,1,1,6,2,3,2023,31,1,3,7,2,2,7
3,2,2,3,2,4,5,7,2,2023,38,1,4,5,1,3,6
3,3,1,4,2,2,3,1,3,2023,1,1,1,7,1,2,7
3,2,1,3,2,2,6,4,2,2023,31,1,3,6,5,3,7
2,1,1,4,2,2,6,4,3,2023,31,1,3,7,1,3,7
3,2,2,2,2,3,4,4,2,2023,17,4,2,4,1,3,3
3,3,1,4,2,2,3,3,3,2023,1,1,1,6,5,3,6
3,2,2,3,1,1,4,5,2,2023,17,4,2,5,3,2,4
2,2,2,2,2,3,6,5,2,2023,31,1,3,4,5,2,6
3,1,1,3,1,1,6,2,2,2023,23,3,3,6,5,2,5
3,3,1,3,2,3,4,4,2,2023,2,1,1,6,2,2,7
2,3,2,3,1,1,3,2,2,2023,1,1,1,5,3,1,3
3,2,2,2,1,1,4,3,2,2023,17,4,2,3,2,1,1
3,2,1,1,1,1,6,2,1,2023,31,1,3,2,5,1,4
3,3,2,1,2,4,4,3,1,2023,2,1,1,2,2,2,4
3,3,1,2,1,1,3,3,2,2023,1,1,1,4,5,2,3
3,2,1,3,2,4,4,4,2,2023,2,1,1,5,5,3,7
3,3,2,4,2,2,3,5,3,2023,1,1,1,6,5,1,4
3,3,1,3,2,3,5,7,2,2023,39,3,4,5,5,2,3
3,3,2,2,2,3,3,3,2,2023,1,1,1,4,5,2,3
3,3,2,2,2,4,5,6,2,2023,39,3,4,4,5,3,5
3,2,1,2,2,3,4,3,2,2023,2,1,1,4,5,2,6
3,2,1,1,2,2,5,6,1,2023,39,3,4,2,5,2,4
3,2,1,2,2,3,4,3,2,2023,2,1,1,3,5,3,4
3,3,1,3,2,3,5,7,2,2023,39,1,4,5,2,2,4
3,3,2,4,2,2,4,2,3,2023,2,1,1,7,1,2,7
3,2,2,4,1,1,3,1,3,2023,1,3,1,7,1,1,7
3,3,2,1,2,2,5,6,1,2023,39,1,4,3,1,2,2
3,2,1,1,2,2,4,2,1,2023,2,1,1,2,5,2,4
2,2,2,4,2,2,5,4,3,2023,39,1,4,7,5,2,7
3,2,2,3,2,2,4,1,2,2023,2,1,1,5,1,2,6
3,2,1,1,1,1,5,3,1,2023,39,1,4,2,5,2,4
3,2,2,1,2,2,3,3,1,2023,5,1,1,2,5,2,3
3,2,1,2,2,4,6,5,2,2023,27,1,3,4,5,2,4
3,3,2,2,2,3,3,3,2,2023,5,1,1,3,5,2,5
3,1,1,4,2,2,6,3,3,2023,27,1,3,6,1,2,4
3,2,1,1,2,5,6,1,1,2023,27,1,3,2,2,2,3
3,2,2,1,2,3,6,6,1,2023,27,1,3,2,5,2,4
3,2,2,1,2,4,6,7,1,2023,27,1,3,2,5,2,4
3,1,2,2,2,2,6,4,2,2023,27,1,3,3,2,2,4
3,1,1,3,2,4,6,6,2,2023,27,1,3,5,3,2,4
3,2,2,1,2,4,6,7,1,2023,27,1,3,2,5,2,2
2,1,2,2,2,4,1,5,2,2023,10,3,1,3,5,1,3
3,2,2,2,2,3,6,5,2,2023,31,1,3,3,2,2,5
3,3,2,2,2,3,4,6,2,2023,16,1,2,3,5,3,2
3,1,2,4,2,2,1,2,3,2023,10,3,1,7,3,1,7
2,3,1,4,2,2,6,3,3,2023,23,3,3,7,5,2,7
3,2,1,2,1,1,1,3,2,2023,44,2,4,3,5,2,1
3,2,1,3,2,2,6,3,2,2023,23,3,3,6,5,3,5
3,2,1,2,1,1,3,3,2,2023,4,1,1,3,5,2,3
3,2,1,3,2,2,6,4,2,2023,23,1,3,5,5,2,5
3,3,2,3,2,3,3,5,2,2023,4,1,1,5,5,2,4
3,1,1,4,2,2,1,5,3,2023,10,3,1,6,5,3,5
3,1,1,2,2,4,3,3,2,2023,4,1,1,4,5,3,2
2,2,1,2,2,3,1,5,2,2023,10,3,1,3,5,1,2
2,1,1,1,1,1,6,2,1,2023,26,3,3,2,5,1,1
3,3,1,1,2,3,2,6,1,2023,14,1,2,2,5,1,4
3,2,2,3,2,4,3,6,2,2023,8,1,1,5,5,3,6
3,3,2,2,2,3,3,3,2,2023,5,1,1,4,3,2,6
3,2,2,2,2,4,6,6,2,2023,24,1,3,4,2,3,3
3,2,1,4,2,2,6,2,3,2023,24,1,3,6,5,3,5
3,1,2,2,2,3,2,4,2,2023,21,1,2,3,5,1,2
3,2,2,2,1,1,4,3,2,2023,17,4,2,3,2,2,2
3,2,2,3,2,2,3,2,2,2023,5,1,1,6,2,2,7
3,1,2,1,2,2,3,4,1,2023,4,1,1,2,5,2,4
3,2,1,2,2,3,2,5,2,2023,21,1,2,4,5,1,3
3,1,1,4,1,1,6,1,3,2023,24,1,3,7,5,3,6
3,2,1,4,2,2,2,3,3,2023,21,1,2,6,2,1,3
3,2,2,2,2,4,2,3,2,2023,21,1,2,4,5,1,2
3,2,1,3,1,1,4,7,2,2023,17,4,2,6,2,3,3
3,2,2,2,2,4,2,4,2,2023,21,1,2,4,3,3,3
3,2,1,2,2,3,2,5,2,2023,21,1,2,3,5,2,1
3,2,1,2,1,1,4,4,2,2023,17,4,2,4,5,2,3
3,1,2,1,2,3,1,4,1,2023,10,3,1,2,5,2,4
3,3,1,3,2,3,2,6,2,2023,21,1,2,5,1,2,4
2,1,1,1,1,1,6,2,1,2023,26,1,3,2,5,1,1
3,1,1,1,1,1,2,2,1,2023,14,1,2,2,5,1,1
3,1,2,1,2,3,2,5,1,2023,21,1,2,2,5,1,4
2,1,1,3,1,1,6,2,2,2023,26,3,3,6,2,1,4
3,3,1,4,2,2,2,5,3,2023,14,1,2,6,3,3,4
3,2,2,3,2,3,2,4,2,2023,21,1,2,5,5,3,3
3,2,1,3,2,3,6,4,2,2023,24,1,3,5,5,3,7
3,1,2,1,1,1,6,2,1,2023,26,1,3,2,5,1,1
2,1,2,1,1,1,2,2,1,2023,14,1,2,2,5,1,1
3,3,2,4,1,1,3,1,3,2023,1,3,1,6,5,2,6
2,1,1,4,1,1,6,1,3,2023,24,1,3,7,5,2,7
3,1,2,2,2,3,6,5,2,2023,26,1,3,4,2,2,2
3,3,2,3,2,2,2,3,2,2023,14,1,2,5,1,3,3
3,1,2,4,2,2,2,1,3,2023,21,1,2,7,2,2,3
3,1,2,2,2,4,1,5,2,2023,10,3,1,4,2,2,2
2,1,1,4,2,2,2,1,3,2023,21,1,2,7,5,2,4
2,2,1,3,1,1,6,2,2,2023,23,2,3,5,5,2,5
3,3,1,4,2,2,3,2,3,2023,1,3,1,7,5,2,7
3,1,1,2,2,2,1,4,2,2023,10,3,1,4,5,2,5
3,3,1,3,2,3,2,3,2,2023,21,1,2,5,5,3,3
3,3,2,2,2,3,6,6,2,2023,26,1,3,4,2,2,3
3,1,2,3,2,2,2,3,2,2023,14,1,2,5,3,3,3
3,2,1,3,2,3,1,7,2,2023,10,3,1,5,2,3,4
3,3,1,3,2,2,3,3,2,2023,1,3,1,6,5,3,6
3,2,2,3,2,2,6,5,2,2023,26,1,3,5,1,3,4
3,1,2,3,2,2,2,4,2,2023,14,1,2,5,2,2,4
3,1,2,3,2,2,2,3,2,2023,21,1,2,5,5,2,3
3,1,2,4,2,2,6,3,3,2023,26,3,3,7,1,1,5
3,1,2,4,1,1,2,2,3,2023,14,1,2,6,2,1,4
3,3,1,1,1,1,4,3,1,2023,17,4,2,2,5,2,1
3,1,2,4,1,1,5,1,3,2023,36,1,4,7,5,3,7
3,3,1,2,2,3,3,3,2,2023,1,3,1,4,5,2,4
3,3,1,3,2,4,2,3,2,2023,21,1,2,5,2,3,4
3,1,1,1,2,2,2,5,1,2023,19,1,2,3,5,2,1
3,2,1,1,1,1,4,2,1,2023,17,4,2,2,3,2,1
2,3,2,3,2,4,1,6,2,2023,10,3,1,5,3,2,5
3,2,1,3,2,3,6,4,2,2023,23,1,3,5,5,3,3
3,3,1,1,2,3,2,3,1,2023,21,1,2,2,5,3,3
3,2,2,4,2,2,2,2,3,2023,14,1,2,7,3,2,5
3,1,2,4,2,2,6,3,3,2023,26,3,3,7,1,1,5
3,1,1,1,2,2,6,4,1,2023,31,1,3,2,5,2,4
3,3,1,1,2,3,1,5,1,2023,10,3,1,2,5,2,4
3,2,1,1,1,1,4,3,1,2023,17,4,2,3,5,3,2
2,1,1,1,1,1,2,2,1,2023,14,1,2,2,5,1,1
3,3,1,1,2,3,6,6,1,2023,26,1,3,3,5,2,5
3,2,2,1,2,3,6,4,1,2023,31,1,3,3,2,1,5
3,3,1,3,2,2,3,3,2,2023,1,3,1,6,5,2,3
3,1,2,3,2,3,4,2,2,2023,16,1,2,5,5,3,3
3,1,1,4,2,2,2,3,3,2023,19,1,2,7,3,2,7
2,3,1,2,2,3,6,6,2,2023,31,1,3,4,1,3,6
3,3,1,4,2,2,6,6,3,2023,26,1,3,6,5,3,5
2,1,1,4,1,1,2,3,3,2023,14,1,2,7,5,2,4
3,2,2,1,1,1,4,4,1,2023,17,4,2,2,3,3,1
3,1,1,2,2,3,4,3,2,2023,16,1,2,3,5,1,2
3,1,1,3,2,2,6,3,2,2023,26,1,3,6,5,2,4
3,1,1,4,2,2,2,2,3,2023,14,1,2,7,1,3,5
2,1,1,3,2,2,2,4,2,2023,19,1,2,5,5,3,7
3,1,1,2,2,2,2,6,2,2023,21,1,2,3,5,3,1
3,1,2,2,2,3,4,5,2,2023,16,1,2,4,2,3,3
2,1,2,4,1,1,6,1,3,2023,6,2,1,7,5,1,7
3,2,2,2,2,3,5,5,2,2023,35,1,4,4,1,2,3
3,3,1,4,2,2,3,3,3,2023,1,3,1,6,5,2,4
2,1,1,4,2,2,6,5,3,2023,6,1,1,6,5,3,7
3,2,1,2,1,1,6,3,2,2023,23,1,3,4,5,2,3
3,2,1,3,2,3,5,5,2,2023,35,1,4,5,5,2,4
3,1,1,4,2,2,6,2,3,2023,31,1,3,7,1,3,7
2,1,1,4,2,2,2,3,3,2023,19,1,2,6,2,2,7
3,2,1,2,1,1,6,3,2,2023,23,1,3,4,5,3,4
3,1,1,3,2,3,3,4,2,2023,3,1,1,5,5,2,4
3,1,1,2,2,3,6,5,2,2023,6,1,1,4,5,3,6
3,2,2,1,2,3,5,6,1,2023,36,1,4,2,5,2,4
3,3,1,2,2,3,6,4,2,2023,23,1,3,4,5,2,3
3,2,2,3,2,2,3,5,2,2023,3,1,1,6,2,3,7
2,1,1,1,2,3,6,6,1,2023,6,1,1,3,5,1,3
3,2,1,2,2,2,6,5,2,2023,23,1,3,3,5,3,2
2,1,2,3,2,4,3,4,2,2023,3,1,1,5,2,2,4
3,1,1,1,2,2,5,4,1,2023,35,1,4,2,5,3,4
2,1,1,1,1,1,6,2,1,2023,23,4,3,2,5,2,2
3,1,2,1,1,1,3,2,1,2023,1,3,1,2,3,2,3
2,2,2,3,2,3,3,4,2,2023,3,1,1,5,1,2,5
3,2,1,2,2,3,5,5,2,2023,35,1,4,4,3,3,3
2,2,1,3,1,1,2,4,2,2023,19,1,2,6,5,2,7
3,1,2,4,1,1,6,1,3,2023,6,2,1,7,5,2,3
3,3,1,3,2,4,6,6,2,2023,6,3,1,6,5,3,3
3,2,1,2,2,3,6,4,2,2023,23,1,3,4,5,2,3
3,2,2,1,2,3,5,4,1,2023,35,1,4,2,5,3,4
2,1,1,4,1,1,6,5,3,2023,6,1,1,7,5,3,7
3,1,2,2,2,3,5,3,2,2023,35,1,4,3,5,3,2
3,1,1,4,2,2,6,2,3,2023,31,1,3,7,1,2,7
3,3,2,1,2,3,3,6,1,2023,1,3,1,2,5,2,4
3,1,2,1,1,1,4,2,1,2023,17,4,2,2,5,1,1
3,1,1,2,2,2,6,5,2,2023,6,1,1,4,5,2,6
3,1,1,4,2,2,3,3,3,2023,3,1,1,7,1,2,7
3,2,1,3,2,2,6,6,2,2023,6,1,1,6,5,3,6
3,1,2,4,2,2,3,1,3,2023,3,1,1,7,1,2,7
3,2,1,1,1,1,4,2,1,2023,17,4,2,3,5,2,1
3,3,1,1,2,3,3,4,1,2023,1,3,1,2,5,1,4
3,2,1,3,2,3,2,6,2,2023,19,1,2,5,5,3,7
3,1,1,4,2,2,6,4,3,2023,6,1,1,6,5,2,5
3,1,2,2,2,4,3,4,2,2023,3,1,1,4,2,2,3
3,1,2,4,2,2,6,6,3,2023,6,1,1,6,1,3,5
3,1,1,2,2,3,6,5,2,2023,23,3,3,3,5,2,3
2,3,1,2,2,4,3,6,2,2023,3,1,1,4,2,2,3
2,1,2,2,1,1,2,2,2,2023,19,1,2,3,5,2,3
2,1,2,4,2,2,6,5,3,2023,6,3,1,6,1,3,5
3,2,2,2,2,2,4,3,2,2023,17,4,2,3,3,3,2
3,2,1,1,2,2,4,5,1,2023,17,4,2,3,3,2,1
2,2,2,2,2,2,3,4,2,2023,3,1,1,3,5,2,5
3,2,2,2,2,4,5,6,2,2023,39,1,4,3,5,2,3
3,3,2,2,2,3,3,3,2,2023,5,1,1,4,5,2,6
2,1,2,2,2,2,3,3,2,2023,3,1,1,3,5,2,2
3,3,2,3,2,3,5,6,2,2023,39,1,4,5,3,2,5
3,2,2,3,2,2,5,2,2,2023,41,1,4,6,1,3,3
3,2,1,1,1,1,3,2,1,2023,5,1,1,2,5,1,1
3,3,2,2,2,2,4,5,2,2023,17,4,2,3,5,3,2
3,1,2,2,2,4,5,4,2,2023,41,1,4,4,2,3,2
3,3,1,4,2,2,3,1,3,2023,5,1,1,7,5,2,5
3,3,2,1,2,3,5,7,1,2023,39,1,4,2,5,2,4
3,3,2,3,2,2,4,5,2,2023,17,4,2,5,3,3,3
3,3,1,2,2,3,3,7,2,2023,5,1,1,4,5,2,4
2,3,1,1,2,2,5,7,1,2023,39,1,4,3,5,3,2
3,3,2,1,2,3,3,6,1,2023,7,3,1,2,5,1,4
2,3,1,2,2,2,5,6,2,2023,39,1,4,4,5,2,4
3,3,1,3,2,2,3,3,2,2023,5,1,1,5,5,2,5
3,3,1,3,2,3,3,7,2,2023,7,3,1,5,5,2,5
2,2,2,3,1,1,5,3,2,2023,39,1,4,5,5,3,5
3,3,1,3,2,2,3,3,2,2023,5,1,1,6,5,2,5
3,3,1,1,1,1,3,3,1,2023,7,3,1,2,2,2,4
3,3,1,3,2,3,5,6,2,2023,39,1,4,6,5,2,7
3,2,1,1,2,2,3,3,1,2023,5,1,1,2,2,2,3
3,3,2,2,2,3,3,6,2,2023,7,3,1,3,5,2,3
3,3,1,2,2,3,5,6,2,2023,39,1,4,4,5,2,6
3,3,2,4,2,2,3,1,3,2023,5,1,1,7,1,2,7
2,3,1,4,1,1,5,3,3,2023,39,1,4,6,5,2,6
3,3,2,3,2,2,3,3,2,2023,5,1,1,6,5,2,6
3,3,1,2,2,2,3,6,2,2023,7,3,1,3,5,2,3
3,3,2,1,2,3,5,7,1,2023,39,1,4,2,5,2,4
3,3,2,2,2,4,3,6,2,2023,7,3,1,4,5,2,3
3,2,2,1,2,3,2,4,1,2023,21,1,2,2,5,3,2
3,2,2,1,1,1,5,3,1,2023,39,1,4,3,5,2,3
1,3,1,2,2,3,3,7,2,2023,7,2,1,4,5,1,4
3,2,2,3,2,2,3,7,2,2023,7,2,1,5,3,1,5
2,3,1,2,2,3,5,6,2,2023,39,1,4,4,5,2,3
3,2,1,1,1,1,6,2,1,2023,27,3,3,2,5,2,1
3,2,2,3,2,2,3,3,2,2023,5,1,1,5,2,2,7
2,3,1,3,2,3,3,7,2,2023,7,2,1,5,1,1,4
2,2,1,4,2,2,5,3,3,2023,39,1,4,7,5,3,7
3,2,2,3,2,2,3,2,2,2023,5,1,1,5,2,2,4
2,3,2,1,1,1,3,3,1,2023,7,3,1,2,3,1,3
3,2,2,1,1,1,3,3,1,2023,5,1,1,2,5,1,1
2,3,1,3,2,2,5,6,2,2023,39,1,4,5,2,2,5
3,2,2,2,2,2,5,6,2,2023,40,1,4,3,3,2,3
3,2,1,2,2,3,3,3,2,2023,5,1,1,3,5,2,3
2,3,1,3,2,3,5,7,2,2023,39,1,4,6,3,2,7
3,3,1,2,2,3,3,3,2,2023,5,1,1,4,5,2,4
3,2,2,2,2,3,5,5,2,2023,40,1,4,3,5,2,3
3,3,1,3,2,2,3,3,2,2023,5,1,1,5,5,2,4
2,2,1,4,2,2,1,4,3,2023,43,3,4,7,5,2,7
3,2,1,1,2,3,5,5,1,2023,40,1,4,2,2,2,4
3,3,1,2,2,3,3,3,2,2023,5,1,1,4,5,2,4
3,3,1,2,2,3,1,3,2,2023,43,3,4,3,5,2,5
3,3,1,3,2,3,3,6,2,2023,5,1,1,5,5,2,4
3,1,1,3,2,2,5,4,2,2023,40,1,4,5,5,2,5
3,3,1,3,2,2,3,3,2,2023,5,1,1,6,5,2,4
3,2,1,1,2,3,5,5,1,2023,40,1,4,2,2,2,4
3,3,2,3,2,4,1,6,2,2023,43,3,4,5,5,1,4
2,1,1,2,2,2,5,5,2,2023,40,1,4,3,2,2,4
3,3,2,1,2,2,1,6,1,2023,43,3,4,2,5,3,4
3,1,2,2,2,3,5,4,2,2023,40,1,4,4,5,2,4
3,2,2,4,2,2,3,3,3,2023,5,1,1,7,1,2,6
3,2,1,2,2,4,1,5,2,2023,43,3,4,4,5,2,5
3,1,2,2,2,3,5,3,2,2023,40,1,4,3,2,2,5
3,2,2,4,2,2,3,2,3,2023,5,1,1,7,1,2,4
3,1,2,3,2,3,5,4,2,2023,40,1,4,5,5,2,3
2,3,2,1,2,3,1,3,1,2023,43,3,4,3,5,2,2
3,3,2,3,2,3,3,3,2,2023,5,1,1,5,1,2,5
2,2,1,4,2,2,5,4,3,2023,40,1,4,6,1,2,5
3,3,1,1,2,3,1,7,1,2023,43,1,4,2,5,3,4
3,2,2,3,2,3,3,5,2,2023,5,1,1,5,5,2,3
3,3,1,3,2,3,3,4,2,2023,5,1,1,5,5,2,5
3,1,1,4,2,2,5,3,3,2023,38,1,4,6,5,2,5
3,1,1,4,2,2,5,1,3,2023,38,1,4,7,2,2,6
2,1,1,3,2,3,5,3,2,2023,38,1,4,5,1,2,4
2,1,1,2,2,3,5,3,2,2023,38,1,4,3,2,2,5
2,1,1,4,1,1,5,1,3,2023,38,1,4,7,5,2,6
2,1,2,3,2,2,5,3,2,2023,38,1,4,5,1,2,4
2,2,2,1,2,3,5,1,1,2023,38,1,4,3,2,2,4
2,1,2,4,1,1,5,1,3,2023,38,1,4,7,1,2,5
2,2,1,2,2,3,5,5,2,2023,38,1,4,3,5,2,5
2,1,2,1,2,2,5,3,1,2023,38,1,4,2,5,2,3
3,1,2,4,2,2,2,2,3,2023,11,3,2,6,5,2,4
3,2,2,2,2,4,3,5,2,2023,8,1,1,4,5,2,6
3,3,1,4,1,1,1,2,3,2023,10,3,1,7,5,2,6
3,2,1,1,2,3,3,6,1,2023,7,3,1,2,2,1,4
1,1,2,3,2,2,3,5,2,2023,7,2,1,6,1,1,6
3,3,1,2,2,3,3,5,2,2023,7,3,1,3,5,3,3
3,2,1,1,2,3,1,6,1,2023,10,3,1,3,5,3,4
3,1,2,2,1,1,3,3,2,2023,7,2,1,3,5,2,4
3,3,1,2,2,4,3,5,2,2023,7,3,1,4,5,1,3
3,1,1,2,2,3,1,5,2,2023,10,3,1,4,5,3,3
3,2,2,1,2,3,1,5,1,2023,10,3,1,2,5,3,3
3,2,2,3,2,2,3,6,2,2023,7,1,1,5,3,1,5
3,2,2,3,2,2,4,4,2,2023,17,4,2,6,2,3,3
3,2,1,4,2,2,3,2,3,2023,4,3,1,7,5,3,6
1,3,1,1,2,3,3,7,1,2023,7,1,1,2,5,2,4
3,2,2,2,2,4,2,3,2,2023,21,1,2,3,2,3,2
3,2,2,4,2,2,1,5,3,2023,10,3,1,6,1,2,4
3,3,2,2,2,3,3,5,2,2023,7,1,1,3,1,1,3
3,3,1,2,2,3,2,4,2,2023,21,1,2,4,5,3,3
3,3,1,3,2,3,1,7,2,2023,10,3,1,6,5,3,5
3,2,1,2,2,3,3,5,2,2023,7,1,1,3,5,1,3
3,2,2,1,1,1,4,4,1,2023,17,4,2,2,3,2,1
2,3,2,1,2,3,3,7,1,2023,7,1,1,2,5,1,4
3,2,1,1,2,3,2,4,1,2023,11,3,2,2,5,1,4
2,3,1,3,2,3,3,7,2,2023,7,1,1,5,3,1,6
3,3,2,3,2,2,2,3,2,2023,21,1,2,6,3,3,2
3,3,2,2,2,3,3,6,2,2023,7,1,1,4,2,1,3
3,2,2,2,2,4,5,4,2,2023,41,1,4,4,2,2,3
3,3,1,2,2,4,3,7,2,2023,7,1,1,4,5,1,3
3,2,2,2,2,4,5,4,2,2023,41,1,4,4,3,3,3
3,1,2,1,2,3,3,2,1,2023,4,3,1,3,2,3,1
2,3,1,3,2,3,3,7,2,2023,7,1,1,5,3,1,5
3,3,1,4,2,4,1,3,3,2023,44,2,4,7,5,2,6
2,2,2,4,1,1,2,3,3,2023,19,1,2,7,3,2,6
3,3,2,2,2,4,3,7,2,2023,7,1,1,4,1,1,3
3,3,1,2,2,2,3,4,2,2023,1,3,1,3,5,2,4
3,3,1,2,1,1,1,2,2,2023,44,4,4,3,5,2,1
3,2,1,1,2,3,5,5,1,2023,36,1,4,2,3,2,4
3,2,2,3,1,1,2,4,2,2023,19,1,2,5,2,3,7
3,2,1,1,1,1,5,2,1,2023,36,1,4,2,5,3,1
3,3,2,1,2,2,1,3,1,2023,44,2,4,3,5,2,5
3,3,1,1,2,3,3,6,1,2023,1,3,1,2,5,2,4
3,2,2,2,2,3,4,2,2,2023,17,1,2,4,2,3,4
3,3,2,1,2,3,5,7,1,2023,42,1,4,3,5,3,2
3,3,2,1,2,3,5,6,1,2023,36,1,4,2,5,3,4
3,3,1,3,2,2,3,4,2,2023,1,3,1,5,5,3,4
3,2,2,2,2,3,5,4,2,2023,36,1,4,4,5,3,3
3,2,2,3,1,1,3,2,2,2023,1,3,1,5,5,1,7
3,1,1,1,2,4,5,5,1,2023,41,1,4,1,5,2,3
3,2,2,2,2,4,5,6,2,2023,36,1,4,4,5,3,6
3,2,1,4,2,2,2,1,3,2023,21,1,2,7,5,3,2
3,2,1,2,2,3,4,2,2,2023,17,1,2,4,5,3,3
3,3,2,2,2,3,3,4,2,2023,1,3,1,3,5,2,4
3,2,1,4,2,2,1,5,3,2023,43,3,4,6,1,2,4
3,1,2,2,2,3,4,4,2,2023,17,1,2,4,5,3,3
3,1,2,1,2,2,2,4,1,2023,19,1,2,2,5,2,4
3,3,2,3,1,1,1,3,2,2023,43,3,4,5,5,2,3
3,2,2,3,2,3,5,5,2,2023,36,1,4,5,5,3,7
3,3,2,3,2,3,4,5,2,2023,17,1,2,5,5,2,5
3,3,1,1,2,2,5,5,1,2023,39,1,4,2,5,2,1
3,3,1,3,2,3,4,5,2,2023,17,1,2,5,5,2,4
3,3,2,3,2,3,5,6,2,2023,39,1,4,5,5,3,3
3,3,2,1,2,4,1,3,1,2023,44,2,4,3,5,2,4
2,1,1,4,2,2,2,2,3,2023,19,1,2,7,5,2,6
3,3,2,1,2,2,1,7,1,2023,43,1,4,3,5,2,1
3,1,1,1,2,3,5,5,1,2023,40,3,4,2,5,2,4
3,3,1,3,2,4,1,3,2,2023,44,2,4,5,5,2,4
2,1,1,2,2,2,5,3,2,2023,40,3,4,3,2,2,1
3,3,2,2,2,4,1,4,2,2023,29,2,3,4,2,3,6
3,1,2,3,2,2,2,2,2,2023,19,1,2,6,2,2,7
2,1,2,4,2,2,5,3,3,2023,40,3,4,6,1,3,3
3,1,1,4,1,1,4,2,3,2023,2,1,1,6,5,2,6
2,1,2,4,2,3,5,3,3,2023,40,3,4,6,2,2,5
2,1,1,2,2,2,5,3,2,2023,40,3,4,3,5,2,5
3,1,1,1,2,3,2,6,1,2023,19,1,2,2,5,1,4
2,2,2,3,2,3,5,5,2,2023,40,3,4,5,5,2,5
3,1,1,3,2,4,3,4,2,2023,4,3,1,5,1,3,6
2,1,1,3,2,2,5,4,2,2023,40,3,4,5,2,2,7
3,1,2,1,1,1,3,2,1,2023,4,3,1,2,5,3,1
2,2,1,1,2,3,5,5,1,2023,40,3,4,2,5,2,4
3,1,2,4,1,1,3,1,3,2023,4,2,1,7,1,2,7
2,1,2,2,2,4,2,5,2,2023,19,1,2,4,3,2,6
2,1,1,3,2,3,3,3,2,2023,4,3,1,5,5,3,4
2,1,2,1,2,2,6,3,1,2023,31,1,3,2,5,2,4
3,2,2,4,1,1,5,1,3,2023,38,3,4,7,1,2,6
3,3,1,3,2,3,3,4,2,2023,5,1,1,5,5,2,4
3,3,1,2,2,3,3,7,2,2023,5,1,1,4,1,2,5
2,1,2,2,2,3,2,6,2,2023,19,1,2,4,5,2,6
3,3,1,2,2,3,3,3,2,2023,5,1,1,3,1,1,5
3,2,1,2,2,3,3,3,2,2023,5,1,1,3,5,2,5
3,1,1,4,1,1,3,1,3,2023,5,1,1,7,5,1,7
2,1,2,4,1,1,5,1,3,2023,38,3,4,7,1,2,7
3,3,1,3,2,2,3,3,2,2023,5,1,1,6,5,2,7
3,3,1,4,2,2,1,7,3,2023,29,3,3,6,3,2,7
2,2,2,4,2,2,5,1,3,2023,38,1,4,7,1,2,7
3,3,2,2,1,1,3,3,2,2023,5,1,1,4,5,2,6
2,1,2,3,2,3,5,4,2,2023,38,1,4,5,5,2,7
3,3,2,3,2,2,3,3,2,2023,5,1,1,5,5,2,5
3,2,1,2,1,1,6,3,2,2023,23,1,3,3,5,3,3
2,1,2,4,1,1,2,2,3,2023,19,1,2,6,2,2,7
2,1,2,2,2,3,5,4,2,2023,38,1,4,3,2,2,3
2,3,1,4,1,1,1,5,3,2023,29,3,3,7,5,1,7
3,3,2,2,2,3,3,6,2,2023,5,1,1,4,5,3,4
2,2,1,4,2,2,5,4,3,2023,38,1,4,7,2,2,3
3,2,1,2,2,3,6,4,2,2023,23,3,3,3,5,3,3
3,3,1,1,2,2,6,5,1,2023,23,1,3,3,5,2,2
2,1,1,1,2,2,2,5,1,2023,19,1,2,3,5,2,2
3,2,2,2,2,3,6,4,2,2023,31,1,3,3,2,3,5
3,2,1,1,2,3,6,6,1,2023,23,1,3,2,5,3,4
3,1,1,2,2,2,3,4,2,2023,4,3,1,3,5,2,2
3,1,1,1,1,1,6,2,1,2023,23,4,3,2,5,3,1
2,1,2,2,2,4,2,5,2,2023,19,1,2,3,5,3,5
3,3,2,3,2,2,3,3,2,2023,5,1,1,6,1,2,5
3,2,1,1,2,3,3,5,1,2023,4,2,1,2,5,3,4
3,2,1,3,2,3,4,5,2,2023,17,1,2,5,5,3,4
2,1,2,2,2,4,5,6,2,2023,38,1,4,4,2,2,4
3,2,2,1,2,3,3,5,1,2023,5,1,1,2,5,1,1
2,1,2,1,1,1,2,3,1,2023,19,1,2,2,5,2,1
3,1,1,3,2,2,4,4,2,2023,17,1,2,6,5,3,4
3,3,2,2,2,3,3,6,2,2023,5,1,1,4,5,2,2
2,1,2,3,2,2,5,4,2,2023,38,1,4,6,1,2,5
3,1,1,2,2,3,3,6,2,2023,4,2,1,4,5,3,6
3,3,2,3,1,1,3,3,2,2023,5,1,1,6,5,3,4
2,2,1,2,1,1,2,4,2,2023,19,1,2,4,5,2,6
3,3,2,2,2,4,1,4,2,2023,44,4,4,4,5,2,6
3,2,2,1,2,2,3,4,1,2023,5,1,1,2,5,2,3
3,1,1,4,2,2,4,1,3,2023,17,1,2,7,5,2,6
3,1,2,4,2,2,5,1,3,2023,41,3,4,6,1,3,4
3,1,2,2,2,3,3,3,2,2023,5,1,1,4,5,2,1
3,2,1,2,2,3,4,5,2,2023,17,1,2,4,5,3,3
3,3,2,2,2,3,3,6,2,2023,5,1,1,4,5,2,4
3,3,2,3,2,2,5,3,2,2023,42,1,4,6,1,3,3
3,2,2,3,2,3,3,3,2,2023,5,1,1,5,5,3,5
3,1,1,2,2,3,4,5,2,2023,17,1,2,3,5,3,2
3,1,1,2,2,4,4,3,2,2023,2,1,1,4,5,2,4
3,1,2,1,1,1,3,3,1,2023,5,4,1,3,5,2,1
3,1,2,2,2,3,4,3,2,2023,2,1,1,3,3,2,5
3,3,1,1,2,2,1,4,1,2023,44,4,4,3,3,3,1
3,1,2,1,1,1,3,3,1,2023,5,1,1,2,5,2,2
3,1,2,1,1,1,3,2,1,2023,5,1,1,3,5,2,2
3,3,2,3,2,2,4,3,2,2023,17,1,2,6,5,2,4
3,2,1,1,1,1,3,2,1,2023,5,1,1,2,5,2,1
3,1,2,4,2,2,4,2,3,2023,17,1,2,7,2,3,5
3,3,1,4,2,2,5,3,3,2023,42,1,4,6,5,2,3
3,2,2,4,2,2,2,1,3,2023,11,3,2,7,3,2,5
3,3,1,4,2,2,3,2,3,2023,5,1,1,7,1,2,6
3,3,1,1,1,1,3,3,1,2023,5,1,1,2,1,2,1
3,2,2,1,2,2,2,2,1,2023,11,3,2,2,3,2,4
3,2,1,1,1,1,3,3,1,2023,5,1,1,3,5,2,2
3,3,2,3,1,1,4,2,2,2023,2,1,1,5,2,1,2
3,2,1,3,1,1,3,3,2,2023,5,1,1,5,5,2,3
3,2,1,1,1,1,3,3,1,2023,5,1,1,2,5,2,1
3,3,1,3,1,1,3,5,2,2023,5,1,1,6,5,2,3
2,2,2,4,1,1,6,1,3,2023,25,3,3,7,5,2,7
3,3,1,3,2,4,4,3,2,2023,2,1,1,5,5,2,3
3,2,1,1,2,3,4,3,1,2023,2,1,1,2,5,2,4
3,3,1,4,2,2,4,3,3,2023,2,1,1,6,5,1,4
2,1,2,1,2,4,4,4,1,2023,2,1,1,2,2,1,4
3,3,1,2,2,3,5,5,2,2023,42,1,4,3,5,2,2
3,3,2,3,2,3,4,4,2,2023,2,1,1,5,2,2,5
3,1,1,1,1,1,6,2,1,2023,28,2,3,2,2,2,4
2,2,2,4,2,3,6,4,3,2023,28,2,3,6,5,2,3
3,3,2,3,2,3,5,7,2,2023,42,1,4,5,5,3,3
3,3,1,1,2,4,6,2,1,2023,28,2,3,3,2,2,2
2,2,1,2,2,5,6,5,2,2023,28,2,3,4,5,2,3
3,1,1,4,2,3,6,4,3,2023,28,2,3,6,1,2,3
3,3,1,1,2,3,5,7,1,2023,42,1,4,2,5,1,3
2,1,2,3,2,2,6,3,2,2023,28,2,3,5,5,2,6
2,1,2,3,1,1,6,1,2,2023,28,3,3,6,1,2,5
2,3,1,2,2,3,6,4,2,2023,28,3,3,4,2,2,3
3,1,1,3,2,3,6,4,2,2023,28,3,3,6,2,2,2
3,2,2,2,2,3,6,4,2,2023,28,3,3,4,1,2,3
2,2,1,4,2,2,6,2,3,2023,28,1,3,7,1,2,3
3,1,2,1,2,3,6,5,1,2023,28,1,3,2,2,2,1
2,2,2,2,2,3,6,5,2,2023,28,1,3,3,5,2,2
3,2,1,3,2,2,6,4,2,2023,28,1,3,5,5,2,5
3,1,1,2,2,3,6,4,2,2023,28,1,3,4,5,2,4
3,2,1,2,2,4,6,5,2,2023,28,1,3,4,1,2,2
3,1,2,4,1,1,6,1,3,2023,28,1,3,7,5,2,4
3,1,1,3,1,1,6,3,2,2023,28,1,3,6,5,2,5
3,1,1,2,2,3,6,3,2,2023,27,1,3,4,5,2,2
2,1,2,3,2,3,6,3,2,2023,27,1,3,5,1,2,4
3,1,1,2,2,4,6,3,2,2023,27,1,3,4,2,2,1
2,1,1,1,2,5,6,5,1,2023,27,1,3,3,2,2,3
3,2,1,2,1,1,6,4,2,2023,27,1,3,4,2,2,2
3,1,1,4,2,2,5,1,3,2023,41,3,4,7,5,3,4
3,2,1,1,2,3,5,3,1,2023,41,3,4,1,5,2,3
3,1,2,3,2,3,5,4,2,2023,41,3,4,5,5,3,4
3,1,2,4,1,1,5,1,3,2023,41,3,4,7,5,2,4
3,3,2,3,2,2,6,5,2,2023,25,3,3,5,5,3,5
3,3,2,2,2,3,6,5,2,2023,25,3,3,4,2,3,3
3,1,1,4,2,2,5,1,3,2023,41,3,4,7,5,2,5
3,2,2,2,2,3,6,4,2,2023,25,3,3,3,5,2,2
3,2,2,3,2,3,3,6,2,2023,8,1,1,5,5,2,4
3,1,2,4,2,2,5,1,3,2023,41,3,4,7,1,3,4
3,2,2,4,2,2,6,2,3,2023,25,3,3,7,5,3,6
3,2,2,3,1,1,6,2,2,2023,25,3,3,6,5,3,3
3,3,1,2,2,3,4,7,2,2023,17,1,2,4,5,2,3
3,1,2,3,2,2,3,3,2,2023,8,1,1,6,5,2,6
3,2,2,3,2,2,6,4,2,2023,25,3,3,5,5,3,4
3,3,2,2,2,2,1,4,2,2023,29,3,3,3,3,2,5
3,2,1,3,2,3,4,7,2,2023,17,1,2,5,2,3,5
3,2,1,1,2,3,5,3,1,2023,36,1,4,3,5,2,2
3,2,2,4,1,1,6,2,3,2023,25,3,3,6,5,2,4
3,1,2,1,2,3,6,4,1,2023,31,1,3,3,1,2,5
2,1,1,1,2,2,2,5,1,2023,12,3,2,3,5,1,2
3,2,1,3,2,2,4,7,2,2023,17,1,2,6,3,3,6
3,2,2,1,2,3,6,6,1,2023,25,1,3,2,5,3,4
3,2,2,2,2,3,4,6,2,2023,17,1,2,4,1,3,3
1,1,1,1,2,2,2,4,1,2023,12,3,2,2,5,1,4
3,2,2,2,2,4,3,6,2,2023,8,1,1,4,2,3,3
3,3,2,2,2,2,4,4,2,2023,2,1,1,4,3,2,6
3,3,2,3,2,4,2,2,2,2023,21,1,2,5,2,3,3
3,3,2,2,2,3,1,7,2,2023,29,3,3,3,3,2,5
3,3,2,1,2,3,6,7,1,2023,25,1,3,2,5,3,4
3,2,2,3,2,3,4,7,2,2023,17,1,2,5,5,3,5
2,1,2,4,2,2,2,2,3,2023,19,1,2,6,1,2,6
2,3,2,3,2,4,2,5,2,2023,12,3,2,5,2,3,4
3,2,1,2,2,2,6,4,2,2023,27,2,3,3,5,2,2
3,2,2,1,2,3,6,6,1,2023,25,1,3,3,5,3,4
3,1,2,2,2,3,2,5,2,2023,21,1,2,4,5,3,3
2,2,2,3,2,3,2,5,2,2023,19,1,2,5,2,2,7
3,3,2,3,2,3,5,5,2,2023,36,1,4,5,5,2,6
3,2,1,2,1,1,6,2,2,2023,27,3,3,3,5,3,2
3,3,1,2,2,2,2,7,2,2023,19,1,2,4,5,3,6
3,2,2,2,2,3,6,4,2,2023,25,1,3,3,5,3,2
2,1,1,1,2,2,2,4,1,2023,19,1,2,2,5,2,4
3,2,2,2,2,3,6,5,2,2023,25,1,3,4,5,3,3
3,3,1,4,2,2,1,3,3,2023,44,4,4,6,3,2,3
3,2,1,4,2,2,4,2,3,2023,17,1,2,7,1,2,7
3,3,2,1,2,2,2,2,1,2023,21,1,2,3,5,3,1
3,2,2,3,2,2,4,3,2,2023,17,1,2,6,5,3,5
3,3,2,3,2,3,1,7,2,2023,10,1,1,6,5,2,4
3,3,2,2,2,3,1,4,2,2023,29,1,3,4,1,3,5
3,3,1,4,2,2,1,7,3,2023,10,1,1,6,5,3,4
3,3,2,1,2,3,2,5,1,2023,21,1,2,2,5,3,3
3,3,1,2,2,4,1,7,2,2023,10,1,1,4,5,2,3
3,3,2,2,2,3,4,6,2,2023,17,1,2,4,2,3,4
3,3,1,1,2,3,1,6,1,2023,10,1,1,3,5,2,2
3,2,2,4,1,1,3,1,3,2023,1,1,1,7,2,2,7
2,1,1,2,1,1,2,2,2,2023,21,1,2,4,5,3,1
3,3,2,2,2,3,3,5,2,2023,1,1,1,4,2,2,3
3,3,2,3,2,2,1,7,2,2023,29,1,3,6,5,2,7
3,2,2,1,2,2,6,6,1,2023,31,1,3,2,5,2,4
3,2,2,2,2,4,2,3,2,2023,21,1,2,3,5,3,2
3,3,1,3,2,3,3,4,2,2023,1,1,1,5,5,2,5
3,2,2,4,2,2,4,4,3,2023,17,1,2,7,5,3,5
3,3,1,2,2,3,3,4,2,2023,1,1,1,4,2,2,5
2,2,1,1,2,3,3,4,1,2023,1,1,1,2,5,1,4
2,1,2,3,2,4,3,6,2,2023,7,1,1,5,2,3,5
3,2,2,3,2,3,4,6,2,2023,17,1,2,5,5,3,7
3,2,2,3,2,2,4,3,2,2023,17,1,2,6,5,3,5
3,3,2,4,2,2,4,3,3,2023,17,1,2,7,5,2,5
3,3,1,1,2,2,1,4,1,2023,44,4,4,2,1,2,1
3,1,1,4,2,3,2,3,3,2023,21,1,2,6,5,3,5
3,3,2,3,1,1,1,3,2,2023,10,1,1,5,3,2,5
2,3,2,4,2,2,6,3,3,2023,27,1,3,6,1,2,4
3,3,2,1,1,1,1,2,1,2023,44,4,4,2,5,2,1
3,3,2,4,2,2,1,3,3,2023,10,1,1,7,1,2,6
2,2,2,2,2,2,6,4,2,2023,27,1,3,3,5,2,1
3,3,2,1,2,3,6,4,1,2023,31,1,3,3,5,2,5
3,2,2,2,2,2,6,6,2,2023,27,1,3,4,3,2,2
3,3,1,3,2,4,1,6,2,2023,10,1,1,5,5,2,4
2,1,2,3,2,2,3,6,2,2023,7,1,1,5,5,3,6
3,2,1,1,2,3,6,5,1,2023,27,1,3,2,2,2,3
3,3,1,1,2,2,1,4,1,2023,10,1,1,2,5,2,4
2,1,2,4,2,3,3,3,3,2023,7,1,1,6,5,3,5
3,2,2,3,2,2,6,4,2,2023,25,1,3,6,2,3,5
3,1,2,2,2,2,6,4,2,2023,31,1,3,4,5,2,6
3,2,2,4,2,2,6,3,3,2023,25,1,3,7,1,3,5
3,2,2,3,2,3,6,6,2,2023,25,3,3,5,5,3,4
2,1,2,3,2,3,3,5,2,2023,7,1,1,6,5,3,4
3,3,1,2,2,2,3,5,2,2023,1,1,1,3,5,3,3
3,1,2,4,2,2,3,3,3,2023,7,1,1,7,1,1,7
3,1,2,4,2,2,5,1,3,2023,36,1,4,7,1,2,7
3,2,2,2,2,3,6,5,2,2023,25,3,3,3,5,3,2
3,3,1,2,2,3,3,5,2,2023,1,1,1,4,5,2,6
3,1,2,4,2,2,3,3,3,2023,7,1,1,7,2,3,7
3,1,1,3,2,2,3,6,2,2023,7,1,1,6,5,3,5
3,1,1,3,2,3,3,6,2,2023,8,1,1,5,5,2,7
2,1,1,3,2,3,3,4,2,2023,7,1,1,6,5,3,5
3,3,2,2,1,1,3,3,2,2023,1,1,1,4,5,3,4
3,1,1,4,2,2,3,4,3,2023,7,1,1,6,5,3,6
2,1,2,4,1,1,5,1,3,2023,40,1,4,7,1,2,4
3,3,2,3,2,4,1,7,2,2023,44,1,4,5,5,2,7
2,1,1,4,2,2,5,4,3,2023,40,1,4,7,1,2,3
2,1,1,4,2,2,3,5,3,2023,7,1,1,7,5,3,7
3,3,2,3,2,2,3,5,2,2023,1,1,1,5,5,3,4
3,1,2,3,2,2,5,3,2,2023,40,1,4,5,2,2,4
3,3,1,2,2,3,5,4,2,2023,40,1,4,4,2,2,2
3,1,2,4,1,1,3,1,3,2023,7,1,1,7,5,1,7
3,3,2,4,2,2,3,2,3,2023,1,1,1,6,1,1,7
3,3,2,1,2,2,1,4,1,2023,44,1,4,3,5,2,1
3,1,1,4,2,2,3,4,3,2023,7,1,1,7,3,3,6
3,2,1,3,2,3,3,7,2,2023,1,1,1,5,5,3,4
3,1,1,4,2,2,3,5,3,2023,7,1,1,7,1,3,4
3,2,2,2,2,3,4,7,2,2023,17,1,2,3,5,3,3
3,3,1,4,2,2,6,4,3,2023,25,3,3,7,5,3,3
3,3,2,1,2,4,5,5,1,2023,34,3,4,2,5,2,3
3,1,2,4,2,2,4,3,3,2023,17,1,2,7,5,3,7
3,3,2,1,2,3,5,7,1,2023,42,1,4,2,5,1,3
3,3,1,3,2,4,1,4,2,2023,44,1,4,5,5,2,3
3,3,1,2,2,3,5,7,2,2023,42,1,4,4,5,2,3
2,3,1,3,2,2,5,3,2,2023,40,1,4,5,5,1,4
3,1,2,1,2,3,5,3,1,2023,40,1,4,2,2,2,4
3,2,1,3,2,3,3,5,2,2023,8,1,1,6,2,3,6
3,1,1,1,2,3,5,4,1,2023,40,1,4,2,2,2,4
3,1,1,4,2,2,5,1,3,2023,40,1,4,7,1,2,6
2,1,1,2,2,3,5,4,2,2023,40,1,4,4,5,2,2
2,1,2,3,2,2,5,3,2,2023,40,1,4,5,2,2,3
3,3,1,3,2,3,5,7,2,2023,42,1,4,5,5,2,3
3,3,2,1,1,1,5,3,1,2023,42,3,4,3,5,1,2
3,2,2,1,1,1,5,3,1,2023,42,1,4,2,5,1,1
3,3,1,1,1,1,5,4,1,2023,42,3,4,3,5,2,2
3,1,1,2,2,4,3,6,2,2023,8,1,1,4,5,2,4
3,1,2,4,1,1,3,1,3,2023,8,1,1,7,2,2,7
3,3,1,1,1,1,5,3,1,2023,42,3,4,3,5,3,1
3,1,2,1,1,1,3,2,1,2023,8,2,1,2,5,2,2
3,2,1,4,2,2,6,2,3,2023,25,3,3,7,5,2,4
3,1,1,2,2,3,3,5,2,2023,1,1,1,3,2,3,3
2,2,1,4,1,1,6,3,3,2023,25,3,3,7,5,2,5
3,1,1,1,2,3,3,7,1,2023,1,1,1,2,2,3,4
3,2,1,3,2,2,6,4,2,2023,25,1,3,6,5,2,5
3,1,2,1,1,1,3,2,1,2023,8,2,1,2,5,2,2
3,1,2,4,2,2,5,1,3,2023,41,3,4,7,3,3,4
3,1,2,2,2,4,3,6,2,2023,8,1,1,4,5,2,6
3,1,2,1,2,2,5,2,1,2023,41,3,4,2,5,3,3
3,2,1,3,2,2,6,5,2,2023,25,1,3,6,5,2,5
3,2,1,3,1,1,6,3,2,2023,25,3,3,6,5,2,5
3,1,1,3,2,3,5,4,2,2023,41,3,4,5,5,3,4
3,2,1,3,2,2,6,3,2,2023,25,2,3,5,5,2,4
2,3,1,1,1,1,1,3,1,2023,44,1,4,2,3,2,1
3,2,1,3,2,2,6,4,2,2023,25,3,3,5,5,2,5
3,2,2,3,2,3,4,7,2,2023,17,1,2,5,3,3,5
3,3,2,1,2,2,1,3,1,2023,44,1,4,3,5,2,1
3,3,2,2,2,4,4,7,2,2023,17,1,2,4,5,3,6
3,1,2,4,2,2,5,1,3,2023,36,1,4,7,1,2,7
3,2,1,4,2,2,4,2,3,2023,17,1,2,7,5,3,7
3,3,2,4,1,1,1,3,3,2023,10,1,1,7,5,2,6
3,2,2,3,2,2,4,3,2,2023,17,1,2,6,5,3,5
2,3,2,1,2,3,1,5,1,2023,44,1,4,2,2,2,4
2,1,1,4,1,1,2,2,3,2023,12,3,2,6,5,2,5
3,3,2,4,1,1,2,2,3,2023,21,1,2,7,5,3,7
3,3,1,3,1,1,4,7,2,2023,17,1,2,6,5,3,5
1,1,2,3,2,3,2,4,2,2023,12,2,2,6,2,1,6
3,2,1,3,2,2,6,4,2,2023,25,3,3,5,5,2,5
2,3,2,4,2,2,1,3,3,2023,44,1,4,6,5,2,3
3,3,2,2,2,3,2,4,2,2023,21,1,2,4,2,3,2
2,1,1,4,2,2,2,1,3,2023,12,1,2,7,5,2,6
2,2,2,4,2,2,2,2,3,2023,21,1,2,7,2,3,5
3,1,2,3,2,2,2,2,2,2023,21,1,2,6,5,1,6
3,2,1,3,2,2,6,4,2,2023,25,3,3,5,5,2,6
3,1,2,2,2,3,2,5,2,2023,21,1,2,4,5,3,3
3,2,1,3,2,2,4,7,2,2023,17,1,2,5,5,3,5
3,2,1,4,2,2,5,1,3,2023,36,1,4,7,5,2,7
3,2,1,2,2,3,6,5,2,2023,25,1,3,4,5,2,4
3,2,1,2,2,3,6,5,2,2023,25,1,3,4,5,2,5
3,1,2,3,2,4,2,7,2,2023,20,1,2,5,2,1,3
3,2,1,2,2,3,6,4,2,2023,25,1,3,4,5,2,4
3,3,1,2,2,2,2,6,2,2023,21,1,2,3,5,1,2
3,3,2,1,2,2,2,3,1,2023,11,3,2,2,5,2,3
2,1,1,1,2,3,6,1,1,2023,27,3,3,2,2,2,3
2,1,1,1,2,3,6,2,1,2023,27,3,3,2,2,2,2
2,2,2,2,2,2,6,6,2,2023,27,3,3,3,3,2,1
2,1,2,2,2,2,6,4,2,2023,27,3,3,3,1,2,1
2,2,2,2,1,1,6,4,2,2023,27,3,3,4,3,2,3
2,1,1,4,2,2,2,3,3,2023,21,3,2,6,3,1,5
3,1,1,3,2,2,2,4,2,2023,21,3,2,5,5,1,4
3,1,2,3,2,4,2,7,2,2023,20,1,2,5,5,2,2
3,2,2,2,1,1,6,3,2,2023,27,3,3,4,2,2,3
3,3,1,2,2,3,5,7,2,2023,42,3,4,4,5,2,3
3,1,1,4,2,2,5,3,3,2023,36,1,4,7,5,3,5
3,1,2,3,1,1,2,3,2,2023,21,3,2,5,3,3,3
3,1,1,2,2,3,2,4,2,2023,21,3,2,4,5,3,2
3,2,1,2,2,2,6,6,2,2023,25,1,3,3,5,2,2
3,2,1,2,2,4,2,5,2,2023,21,3,2,4,5,3,2
2,1,1,3,2,2,2,1,2,2023,21,3,2,6,2,3,5
3,2,2,3,2,2,2,1,2,2023,21,3,2,6,2,3,4
3,2,1,1,2,3,2,2,1,2023,11,3,2,2,2,1,4
3,2,2,1,2,3,5,5,1,2023,36,1,4,2,5,2,4
2,2,2,4,2,2,2,2,3,2023,21,3,2,6,5,3,5
2,2,1,3,2,2,6,4,2,2023,27,3,3,5,5,2,4
3,1,1,3,2,2,6,3,2,2023,27,3,3,5,5,2,3
3,1,2,3,1,1,2,1,2,2023,21,3,2,5,5,3,4
3,3,1,2,2,3,2,2,2,2023,21,3,2,3,5,2,2
2,1,1,3,2,3,6,4,2,2023,27,1,3,5,1,2,4
3,3,2,2,2,3,1,3,2,2023,10,1,1,3,5,2,2
2,2,1,1,2,3,5,5,1,2023,34,3,4,2,5,2,4
3,2,1,2,1,1,6,3,2,2023,25,1,3,4,5,2,2
2,1,1,3,2,3,6,3,2,2023,27,1,3,6,1,2,3
3,3,1,3,2,3,2,3,2,2023,21,3,2,5,5,3,2
3,3,2,4,1,1,5,1,3,2023,42,3,4,7,5,3,3
3,1,1,1,1,1,2,2,1,2023,21,3,2,2,5,2,2
3,3,2,2,2,4,1,6,2,2023,10,1,1,4,5,3,2
2,1,2,2,2,5,2,7,2,2023,20,1,2,4,5,2,3
3,1,2,2,1,1,2,2,2,2023,21,3,2,3,5,2,2
2,1,1,3,2,2,6,3,2,2023,27,1,3,6,2,2,4
3,3,1,1,2,3,1,5,1,2023,10,1,1,2,5,2,4
3,2,1,4,2,2,6,1,3,2023,27,1,3,7,1,2,4
3,3,1,2,2,3,2,3,2,2023,21,3,2,3,5,2,4
3,3,1,3,2,5,1,7,2,2023,10,1,1,5,5,3,5
3,3,1,1,2,3,4,5,1,2023,22,1,2,2,2,1,4
3,3,1,1,2,3,2,5,1,2023,21,3,2,2,2,3,3
3,3,1,4,2,2,1,6,3,2023,10,1,1,7,5,3,6
2,2,2,2,2,2,6,5,2,2023,27,1,3,4,2,2,2
3,3,1,2,1,1,4,3,2,2023,22,1,2,4,5,2,2
3,3,1,1,2,3,1,5,1,2023,10,1,1,3,5,3,4
3,1,2,1,1,1,3,2,1,2023,4,3,1,2,5,2,1
3,3,1,1,2,4,2,5,1,2023,11,3,2,2,5,3,3
3,3,2,1,2,3,3,4,1,2023,9,1,1,3,5,3,4
3,3,1,3,2,3,4,4,2,2023,22,1,2,5,5,2,5
3,2,1,2,2,3,4,7,2,2023,17,1,2,4,5,3,6
3,1,2,3,2,2,6,4,2,2023,27,1,3,5,5,2,3
3,3,1,3,2,4,4,7,2,2023,22,1,2,6,5,3,3
2,1,2,2,2,3,2,6,2,2023,20,1,2,4,2,2,3
3,3,2,2,2,5,3,6,2,2023,9,1,1,4,5,3,3
3,1,1,4,1,1,3,1,3,2023,4,2,1,7,5,2,5
3,3,2,1,2,3,1,4,1,2023,44,1,4,2,2,2,3
3,2,2,1,2,3,4,7,1,2023,17,1,2,2,5,3,4
3,2,1,1,2,2,6,5,1,2023,25,3,3,3,5,2,2
2,1,2,3,1,1,6,1,2,2023,27,1,3,5,2,2,3
3,3,1,2,2,3,1,3,2,2023,44,1,4,4,3,2,2
3,1,2,4,2,2,3,1,3,2023,4,3,1,7,5,2,4
3,3,2,1,2,3,4,5,1,2023,22,1,2,2,5,2,4
3,3,1,4,2,2,3,3,3,2023,9,1,1,7,5,2,5
3,1,1,2,2,3,6,3,2,2023,25,2,3,3,5,2,2
3,3,1,1,2,4,3,7,1,2023,9,1,1,2,5,2,4
3,2,1,1,2,2,6,5,1,2023,25,3,3,3,5,2,2
3,3,1,3,2,3,3,5,2,2023,9,1,1,6,5,2,5
3,3,2,2,2,3,5,6,2,2023,42,1,4,4,5,3,3
2,1,2,3,2,4,2,4,2,2023,20,1,2,6,2,2,4
3,3,1,1,2,5,3,7,1,2023,9,1,1,2,5,2,4
3,1,1,2,2,3,5,5,2,2023,41,1,4,4,5,2,3
3,2,1,2,2,3,3,3,2,2023,4,1,1,4,5,3,3
3,2,1,2,2,3,5,5,2,2023,41,1,4,4,5,2,3
3,3,2,3,2,4,3,6,2,2023,9,1,1,5,5,2,3
3,1,1,2,1,1,5,2,2,2023,36,1,4,3,5,3,1
3,3,1,2,2,3,1,4,2,2023,44,1,4,4,1,2,3
2,2,2,3,2,2,6,3,2,2023,27,1,3,6,2,2,3
3,3,1,2,2,4,3,5,2,2023,9,1,1,3,5,3,3
3,1,1,1,2,3,3,4,1,2023,4,1,1,2,5,3,4
2,2,2,3,1,1,6,1,2,2023,27,1,3,6,2,2,4
3,1,2,4,2,2,6,1,3,2023,27,1,3,7,2,2,4
3,3,1,4,1,1,3,3,3,2023,9,1,1,7,5,3,5
3,1,1,2,2,3,3,3,2,2023,4,1,1,3,5,3,2
2,3,2,4,2,3,6,1,3,2023,27,1,3,7,2,2,4
3,3,1,3,2,3,5,7,2,2023,42,1,4,5,5,2,4
2,3,2,3,2,2,3,4,2,2023,9,1,1,5,5,3,4
2,1,1,4,2,2,6,2,3,2023,27,1,3,7,5,2,3
3,1,1,1,2,3,3,4,1,2023,4,1,1,2,5,3,4
3,3,2,2,2,3,5,5,2,2023,36,1,4,4,5,3,4
3,1,1,1,2,2,2,4,1,2023,21,3,2,2,5,3,1
3,3,1,2,2,4,3,6,2,2023,9,1,1,4,5,2,2
3,3,1,4,2,2,2,2,3,2023,11,1,2,6,2,2,5
2,1,1,1,2,2,2,4,1,2023,21,3,2,3,5,3,1
2,2,1,2,1,1,6,2,2,2023,24,4,3,4,5,2,1
3,1,1,2,2,2,3,4,2,2023,4,1,1,3,1,2,2
3,2,2,1,2,3,2,5,1,2023,21,3,2,2,5,3,3
3,3,2,1,2,3,2,6,1,2023,21,3,2,2,5,3,4
3,3,2,2,2,2,4,4,2,2023,22,1,2,3,5,2,3
3,2,1,4,2,2,2,1,3,2023,11,1,2,7,2,1,6
3,1,1,2,2,4,3,4,2,2023,4,1,1,4,5,2,4
3,2,2,2,2,3,4,4,2,2023,22,1,2,4,3,3,3
3,3,1,4,2,2,2,1,3,2023,11,1,2,7,2,2,7
3,2,1,1,1,1,2,3,1,2023,11,3,2,3,2,2,2
2,2,1,4,1,1,6,1,3,2023,27,1,3,7,5,2,4
3,1,2,3,1,1,3,3,2,2023,4,1,1,6,1,2,5
3,2,2,1,1,1,2,3,1,2023,21,3,2,2,5,3,1
3,2,2,2,2,3,5,5,2,2023,41,1,4,4,3,3,3
3,2,2,2,2,3,4,3,2,2023,2,1,1,4,2,2,5
3,3,1,2,2,4,1,4,2,2023,44,1,4,4,3,2,2
3,1,2,3,2,2,5,3,2,2023,41,1,4,5,3,3,4
3,2,2,2,2,3,5,6,2,2023,36,1,4,3,5,3,4
3,1,2,3,2,2,3,6,2,2023,4,1,1,6,5,2,5
3,1,1,2,2,3,5,6,2,2023,41,1,4,4,5,3,3
3,2,1,2,2,2,2,1,2,2023,11,1,2,4,2,1,5
3,3,2,3,2,2,1,3,2,2023,44,1,4,6,2,2,3
2,2,1,1,2,3,6,6,1,2023,25,1,3,2,5,2,3
3,3,1,4,2,2,4,2,3,2023,2,1,1,7,5,1,6
3,1,2,2,2,4,3,5,2,2023,4,1,1,4,5,2,3
3,1,2,1,1,1,2,2,1,2023,11,3,2,3,5,2,1
3,1,1,2,2,3,5,5,2,2023,41,1,4,4,1,3,3
3,1,2,3,2,2,6,2,2,2023,24,3,3,6,5,3,4
3,3,1,2,1,1,2,3,2,2023,11,1,2,3,5,3,4
3,3,2,4,2,2,1,2,3,2023,44,3,4,6,5,2,3
3,3,1,2,2,3,5,5,2,2023,36,1,4,4,5,3,6
3,1,1,2,2,4,5,5,2,2023,38,1,4,4,5,3,5
3,3,1,4,2,2,5,4,3,2023,41,1,4,6,5,3,4
3,3,2,2,2,3,4,7,2,2023,17,1,2,3,3,3,3
3,1,1,2,2,3,5,7,2,2023,38,1,4,4,5,3,6
3,3,2,3,2,2,1,3,2,2023,44,3,4,6,2,2,3
3,3,2,3,2,2,4,5,2,2023,22,1,2,5,3,2,5
3,2,1,3,1,1,4,2,2,2023,2,1,1,5,5,2,7
3,1,2,4,2,2,4,1,3,2023,2,1,1,7,2,2,7
3,2,1,1,2,2,6,4,1,2023,25,3,3,2,5,2,4
3,1,2,3,2,3,2,3,2,2023,11,3,2,5,1,2,5
3,1,1,4,2,2,5,5,3,2023,38,1,4,6,1,2,7
3,2,1,1,1,1,6,2,1,2023,25,2,3,2,5,2,1
3,3,1,2,2,3,4,5,2,2023,22,1,2,4,5,2,4
3,2,2,3,2,2,4,2,2,2023,2,1,1,6,1,2,7
3,1,2,3,2,2,5,3,2,2023,36,3,4,6,5,3,4
3,3,1,2,2,3,5,7,2,2023,42,1,4,3,5,2,3
3,2,1,1,1,1,4,4,1,2023,2,1,1,2,5,2,4
3,3,1,3,2,2,2,3,2,2023,11,1,2,6,2,1,5
3,1,2,2,2,4,5,7,2,2023,38,1,4,4,5,3,5
3,3,2,1,2,2,4,4,1,2023,2,3,1,3,3,2,1
3,2,1,3,2,2,5,5,2,2023,36,3,4,5,1,2,5
3,1,1,2,1,1,4,2,2,2023,2,1,1,4,5,2,1
3,1,1,4,2,2,5,5,3,2023,38,1,4,6,5,3,7
3,3,1,2,1,1,4,3,2,2023,22,3,2,4,5,2,6
3,2,2,2,2,4,6,4,2,2023,25,1,3,4,3,3,4
3,2,2,1,1,1,6,3,1,2023,25,3,3,2,5,2,2
3,1,2,2,2,2,5,6,2,2023,38,1,4,3,5,2,3
3,2,1,4,2,2,5,2,3,2023,42,1,4,7,5,3,4
3,1,1,1,1,1,5,3,1,2023,38,4,4,2,2,3,1
3,2,1,4,2,2,1,2,3,2023,44,3,4,7,3,2,4
2,1,2,2,2,2,5,3,2,2023,38,4,4,4,5,2,2
3,3,2,2,2,3,5,7,2,2023,42,1,4,3,5,2,2
2,3,2,1,1,1,5,3,1,2023,38,4,4,2,5,2,4
2,1,2,4,2,2,5,5,3,2023,38,4,4,6,1,2,4
3,3,1,2,1,1,5,3,2,2023,38,4,4,3,2,2,5
2,2,2,1,1,1,5,3,1,2023,38,4,4,2,2,2,4
3,1,1,4,1,1,1,1,3,2023,37,4,4,7,5,2,7
3,2,2,3,2,2,1,2,2,2023,37,4,4,6,5,2,7
3,1,1,3,1,1,5,3,2,2023,36,3,4,6,2,3,7
3,2,1,3,2,3,1,4,2,2023,37,4,4,5,1,2,4
2,1,2,3,2,2,5,5,2,2023,38,4,4,5,5,2,4
3,2,2,2,2,3,1,3,2,2023,37,4,4,4,1,2,2
3,3,1,2,2,3,5,7,2,2023,42,1,4,4,5,1,3
3,1,1,3,2,2,5,5,2,2023,38,4,4,5,3,2,5
3,3,1,1,2,3,1,5,1,2023,37,4,4,2,5,2,4
2,1,2,1,1,1,5,2,1,2023,38,4,4,2,1,2,4
2,1,1,2,2,2,5,3,2,2023,38,4,4,4,2,2,4
3,2,1,4,1,1,1,1,3,2023,37,1,4,7,5,2,7
1,1,2,2,2,4,5,4,2,2023,38,4,4,4,2,2,5
3,3,2,2,2,3,5,7,2,2023,42,1,4,4,5,2,3
3,2,2,2,2,3,1,3,2,2023,37,1,4,4,5,2,3
2,1,1,4,2,2,5,1,3,2023,38,4,4,6,5,2,5
3,2,1,1,2,2,5,3,1,2023,38,4,4,2,1,2,4
3,3,2,1,2,3,1,5,1,2023,37,1,4,2,5,2,4
3,3,2,3,2,3,5,7,2,2023,42,1,4,5,1,3,3
2,1,1,2,2,3,5,4,2,2023,38,4,4,4,2,2,3
3,3,1,3,1,1,1,4,2,2023,37,1,4,6,5,2,7
3,2,2,3,2,2,1,3,2,2023,37,1,4,6,5,2,3
3,3,2,1,2,3,5,7,1,2023,42,1,4,2,5,2,3
3,3,1,1,2,3,5,7,1,2023,42,1,4,2,5,2,3
2,2,1,3,2,3,5,5,2,2023,38,4,4,5,5,3,3
2,1,1,3,2,3,5,3,2,2023,38,4,4,5,1,2,4
3,3,1,1,2,2,5,4,1,2023,42,1,4,3,5,2,1
2,1,1,1,1,1,5,3,1,2023,38,4,4,2,2,2,4
2,2,1,4,1,1,1,3,3,2023,44,3,4,7,2,2,3
2,1,1,1,1,1,5,3,1,2023,38,4,4,2,2,2,4
2,2,1,2,2,2,5,4,2,2023,38,4,4,4,2,2,6
3,3,1,3,2,2,1,2,2,2023,44,3,4,6,5,2,3
3,2,1,3,2,2,3,3,2,2023,3,3,1,5,2,2,4
3,3,1,1,2,3,1,5,1,2023,37,1,4,2,1,2,4
2,2,1,3,2,2,3,4,2,2023,3,3,1,5,5,2,4
3,2,2,2,2,3,1,4,2,2023,37,1,4,3,5,2,1
2,2,2,2,2,3,3,6,2,2023,3,3,1,4,2,2,5
3,1,2,4,1,1,1,1,3,2023,37,1,4,7,5,2,3
3,3,2,2,2,3,5,7,2,2023,42,1,4,4,5,2,3
2,2,2,2,2,3,3,4,2,2023,3,3,1,4,2,2,4
3,2,2,3,1,1,1,2,2,2023,37,1,4,5,5,3,4
3,3,1,3,2,3,1,5,2,2023,37,1,4,5,1,2,7
2,2,2,2,1,1,3,3,2,2023,3,3,1,3,2,2,4
3,2,2,2,2,3,1,3,2,2023,37,1,4,4,5,2,6
2,1,2,1,2,3,3,6,1,2023,3,3,1,2,2,2,4
3,3,1,3,2,2,1,4,2,2023,37,1,4,6,2,2,3
3,2,2,1,2,3,1,4,1,2023,37,1,4,2,5,2,4
2,1,1,4,2,2,3,3,3,2023,3,3,1,7,1,2,5
3,3,1,3,2,2,5,5,2,2023,42,3,4,6,5,2,3
3,2,1,1,1,1,1,3,1,2023,37,1,4,2,5,2,4
2,1,1,3,2,2,3,3,2,2023,3,3,1,6,2,2,4
3,2,2,4,1,1,1,1,3,2023,37,1,4,7,5,2,2
3,2,2,3,2,2,1,4,2,2023,37,1,4,6,5,2,2
2,2,1,2,2,3,3,4,2,2023,3,3,1,4,2,3,5
3,1,1,4,2,2,5,3,3,2023,41,1,4,6,5,3,4
3,1,2,3,2,4,3,6,2,2023,8,1,1,5,5,2,4
3,3,1,4,2,2,1,5,3,2023,37,1,4,6,5,2,7
2,2,1,1,1,1,3,3,1,2023,3,3,1,2,2,1,1
3,3,2,3,2,2,1,4,2,2023,37,1,4,6,5,2,4
3,1,2,1,2,2,5,6,1,2023,41,1,4,3,5,3,2
3,3,1,3,2,3,1,5,2,2023,37,1,4,5,5,2,5
3,3,2,4,2,2,5,2,3,2023,42,1,4,6,5,1,4
3,3,2,3,2,2,1,4,2,2023,37,1,4,5,5,2,7
3,1,2,2,2,4,3,6,2,2023,8,1,1,4,5,2,4
3,1,2,3,2,2,3,5,2,2023,8,1,1,5,1,2,7
3,2,1,3,2,2,5,3,2,2023,41,1,4,6,5,2,4
3,1,2,3,2,3,3,7,2,2023,9,1,1,5,5,1,5
3,1,2,4,1,1,3,1,3,2023,8,1,1,7,1,2,7
3,3,1,3,2,2,5,2,2,2023,36,3,4,6,2,2,6
3,1,1,1,2,3,5,5,1,2023,41,1,4,2,5,2,3
3,1,1,2,2,5,3,6,2,2023,9,1,1,4,2,2,6
2,3,2,1,2,3,3,6,1,2023,9,1,1,3,5,3,4
3,3,1,2,2,2,2,5,2,2023,11,1,2,4,5,3,5
3,3,1,3,2,2,3,7,2,2023,9,1,1,6,5,2,4
3,1,1,2,1,1,3,2,2,2023,8,2,1,3,5,2,3
3,1,2,2,2,4,3,7,2,2023,9,1,1,4,5,2,3
3,1,1,2,2,3,5,3,2,2023,36,3,4,3,5,3,1
3,1,2,4,1,1,3,2,3,2023,9,1,1,7,1,2,6
3,1,1,3,2,2,3,4,2,2023,8,3,1,6,5,2,6
3,1,2,1,1,1,2,2,1,2023,11,3,2,2,5,2,3
3,2,2,2,2,3,3,6,2,2023,9,1,1,3,3,2,3
3,1,2,4,2,2,5,2,3,2023,41,1,4,6,3,3,4
3,2,1,2,2,3,2,3,2,2023,11,1,2,3,5,1,3
2,3,1,3,2,4,1,3,2,2023,44,3,4,6,3,2,3
3,2,1,3,2,5,3,7,2,2023,9,1,1,5,5,3,5
3,1,2,3,2,4,2,3,2,2023,11,3,2,5,1,2,4
3,3,1,4,2,2,1,4,3,2023,44,3,4,6,5,2,3
3,1,2,2,2,3,3,5,2,2023,8,3,1,3,5,2,3
3,1,1,3,2,2,5,2,2,2023,41,1,4,6,5,2,4
3,1,1,1,2,3,3,7,1,2023,9,1,1,2,5,2,4
2,2,1,1,1,1,1,2,1,2023,44,3,4,2,5,2,1
3,1,2,2,2,3,3,3,2,2023,4,1,1,4,5,2,3
3,3,1,1,2,3,1,3,1,2023,44,3,4,2,5,2,3
3,1,2,2,2,2,3,5,2,2023,4,1,1,4,5,3,6
3,3,2,3,2,2,6,3,2,2023,24,3,3,5,5,3,5
3,3,1,1,2,3,1,2,1,2023,44,3,4,2,5,2,1
2,1,2,1,1,1,2,4,1,2023,20,1,2,2,5,2,2
2,1,2,2,2,3,2,4,2,2023,20,1,2,3,5,2,2
3,2,1,2,2,3,6,3,2,2023,24,3,3,4,5,2,4
3,3,1,2,2,3,1,3,2,2023,44,3,4,4,2,2,1
3,1,2,3,2,3,2,7,2,2023,20,1,2,5,2,1,4
3,1,2,3,2,5,2,6,2,2023,20,1,2,5,5,1,3
3,2,1,3,2,4,6,4,2,2023,24,3,3,5,5,2,3
3,1,1,3,2,2,3,4,2,2023,4,1,1,5,2,2,2
3,1,1,4,1,1,2,3,3,2023,14,1,2,7,5,1,5
2,1,2,3,2,4,2,7,2,2023,20,1,2,5,1,2,4
3,1,1,4,2,2,6,3,3,2023,26,3,3,6,5,1,5
3,3,1,2,2,3,1,3,2,2023,44,3,4,4,2,2,1
3,2,1,4,2,2,6,3,3,2023,26,1,3,7,2,2,5
3,1,1,4,2,2,2,3,3,2023,14,1,2,7,5,3,4
3,2,1,2,2,3,1,5,2,2023,37,1,4,4,5,2,6
3,3,1,1,1,1,1,3,1,2023,37,1,4,2,5,2,4
3,2,2,1,1,1,1,3,1,2023,37,1,4,2,1,2,3
3,3,2,3,2,2,2,4,2,2023,11,1,2,6,5,2,5
2,1,2,1,1,1,6,2,1,2023,26,3,3,2,5,1,1
2,1,2,1,1,1,2,2,1,2023,14,1,2,2,5,2,1
3,3,2,3,2,3,1,4,2,2023,37,1,4,5,5,2,4
3,3,2,4,2,2,1,4,3,2023,44,1,4,7,5,2,3
3,3,2,2,2,3,2,5,2,2023,11,1,2,4,2,3,3
3,3,1,2,2,2,4,6,2,2023,15,1,2,4,5,1,3
2,1,2,2,2,3,6,4,2,2023,26,1,3,3,2,2,2
3,1,2,3,2,2,2,3,2,2023,14,1,2,5,1,2,4
3,2,2,2,1,1,5,2,2,2023,36,3,4,3,5,3,2
3,1,2,3,1,1,2,2,2,2023,14,1,2,6,1,2,5
3,2,2,3,2,2,6,3,2,2023,26,3,3,5,2,2,4
2,1,1,1,2,2,4,2,1,2023,15,1,2,3,5,1,1
3,3,2,3,2,2,2,6,2,2023,11,1,2,5,2,1,3
3,3,2,1,2,3,1,4,1,2023,37,1,4,2,5,2,3
3,2,2,3,1,1,1,2,2,2023,37,1,4,5,5,2,7
3,3,1,2,2,3,2,6,2,2023,11,1,2,4,2,1,3
2,3,2,4,2,2,1,3,3,2023,44,1,4,7,5,2,3
2,1,1,3,2,2,4,3,2,2023,15,1,2,6,5,1,3
3,2,2,1,1,1,2,2,1,2023,11,3,2,3,2,2,3
3,3,1,3,2,2,4,5,2,2023,22,3,2,5,5,3,5
3,3,2,4,2,2,1,2,3,2023,44,1,4,7,5,2,3
2,2,1,3,2,3,4,5,2,2023,15,1,2,5,1,2,3
3,2,1,4,2,2,4,1,3,2023,22,3,2,7,5,2,7
3,2,2,3,2,2,2,4,2,2023,11,1,2,5,1,2,2
3,3,2,3,2,3,1,3,2,2023,44,1,4,5,3,2,3
3,3,1,1,2,3,5,7,1,2023,42,1,4,2,5,2,3
3,2,1,3,2,2,4,5,2,2023,15,1,2,5,5,1,3
3,3,2,2,2,3,4,4,2,2023,22,3,2,4,5,2,6
3,3,1,4,2,2,5,4,3,2023,36,2,4,6,1,2,5
3,1,2,3,2,2,6,2,2,2023,26,3,3,6,2,2,3
3,1,2,4,2,2,2,3,3,2023,14,1,2,6,2,3,4
3,2,1,1,2,2,6,4,1,2023,26,1,3,3,5,2,1
3,1,1,1,1,1,2,3,1,2023,14,1,2,3,5,2,2
3,2,2,3,2,3,4,6,2,2023,15,1,2,5,5,2,2
3,1,1,2,2,2,6,4,2,2023,26,1,3,3,1,3,2
3,2,1,2,2,3,2,4,2,2023,14,1,2,3,3,2,1
3,1,2,1,2,3,3,5,1,2023,8,3,1,2,5,2,4
3,2,2,1,1,1,4,4,1,2023,2,3,1,2,2,2,1
3,1,2,3,2,3,3,6,2,2023,8,3,1,5,5,2,4
2,1,2,1,2,3,4,3,1,2023,15,1,2,3,5,1,1
3,1,1,1,2,4,6,2,1,2023,32,3,3,2,1,1,3
3,3,2,3,1,1,4,3,2,2023,22,3,2,5,5,2,7
2,1,1,1,1,1,4,1,1,2023,15,1,2,2,5,1,1
2,1,1,4,1,1,4,1,3,2023,18,1,2,7,1,2,7
3,1,1,2,2,3,3,5,2,2023,8,3,1,3,5,2,3
3,3,1,2,2,2,6,3,2,2023,32,3,3,3,2,3,1
3,1,2,1,1,1,4,1,1,2023,15,1,2,2,5,2,1
1,2,1,2,2,3,6,4,2,2023,32,3,3,4,1,3,2
3,3,1,2,1,1,4,3,2,2023,22,3,2,3,5,2,4
2,3,2,4,2,2,1,3,3,2023,29,1,3,7,5,2,7
3,3,2,3,2,3,5,7,2,2023,42,1,4,5,5,2,3
3,1,1,3,2,2,4,3,2,2023,22,3,2,5,5,3,4
3,1,1,3,2,4,6,3,2,2023,32,3,3,5,3,3,4
3,3,1,2,1,1,1,4,2,2023,37,1,4,4,5,2,6
3,3,1,3,2,2,1,7,2,2023,29,1,3,5,5,3,7
3,1,1,4,2,2,4,1,3,2023,18,1,2,7,1,1,7
3,3,1,3,2,2,6,4,2,2023,32,3,3,5,3,1,2
2,1,1,3,2,2,4,2,2,2023,18,1,2,6,2,2,3
3,1,2,2,2,2,4,4,2,2023,15,1,2,4,5,3,3
3,3,2,4,1,1,1,3,3,2023,29,1,3,7,2,2,7
3,1,2,2,1,1,4,2,2,2023,22,3,2,3,5,2,2
2,1,1,2,1,1,6,3,2,2023,26,1,3,4,5,1,3
3,1,1,2,2,3,2,5,2,2023,14,3,2,4,3,2,2
3,3,2,3,2,4,1,5,2,2023,44,1,4,5,2,2,3
3,1,1,2,2,4,2,4,2,2023,12,1,2,4,5,2,3
2,1,1,3,2,3,5,4,2,2023,40,1,4,5,2,2,4
3,2,2,3,2,2,1,4,2,2023,37,1,4,5,5,2,4
2,3,1,3,2,3,1,7,2,2023,29,1,3,5,1,2,7
2,1,1,4,1,1,6,3,3,2023,26,1,3,7,5,1,6
3,1,1,4,2,2,2,3,3,2023,14,3,2,6,5,1,4
3,1,1,1,2,2,3,5,1,2023,8,3,1,2,5,2,2
3,1,2,1,2,5,6,2,1,2023,32,3,3,2,2,3,4
3,1,1,3,2,2,5,5,2,2023,36,2,4,5,5,2,5
3,3,1,1,2,3,1,6,1,2023,37,1,4,2,5,2,2
3,1,2,1,2,2,2,3,1,2023,12,1,2,2,5,1,4
2,1,2,2,2,3,5,4,2,2023,40,1,4,4,2,2,5
3,3,2,3,2,2,4,3,2,2023,22,3,2,5,5,2,6
3,2,2,1,2,3,1,5,1,2023,37,1,4,2,5,2,1
3,1,2,3,2,2,6,3,2,2023,26,1,3,6,1,1,4
3,3,2,3,2,3,1,4,2,2023,44,1,4,5,5,2,4
3,1,2,4,1,1,2,2,3,2023,14,3,2,7,2,2,5
3,3,1,3,2,2,1,7,2,2023,29,1,3,6,3,2,6
3,3,1,4,1,1,1,4,3,2023,37,1,4,6,2,2,4
3,2,2,4,1,1,4,3,3,2023,22,3,2,6,5,2,6
1,1,2,4,1,1,2,1,3,2023,12,1,2,7,3,1,6
3,3,2,4,1,1,1,3,3,2023,37,1,4,7,5,2,7
3,1,1,1,2,3,5,3,1,2023,41,1,4,3,5,3,3
3,3,2,2,2,2,1,3,2,2023,37,1,4,4,5,2,6
3,1,2,2,2,3,6,2,2,2023,32,3,3,3,3,3,2
2,1,2,2,2,3,2,4,2,2023,12,1,2,4,5,3,2
3,1,2,1,2,2,5,6,1,2023,41,1,4,3,5,3,2
3,1,1,3,2,4,3,6,2,2023,8,3,1,5,5,2,4
3,2,1,2,2,3,1,3,2,2023,37,1,4,3,5,1,5
3,3,1,2,2,3,4,4,2,2023,22,1,2,3,5,2,5
3,1,1,3,2,2,5,2,2,2023,41,1,4,6,5,3,4
2,1,2,3,2,3,6,1,2,2023,32,3,3,6,3,2,3
3,2,2,2,2,3,1,4,2,2023,37,1,4,3,5,2,4
3,2,1,3,2,2,1,4,2,2023,37,1,4,5,5,2,4
3,2,2,3,2,2,1,3,2,2023,37,1,4,5,5,2,7
3,3,1,1,1,1,1,3,1,2023,29,1,3,2,5,2,4
3,3,1,4,2,2,4,2,3,2023,22,1,2,6,5,2,7
3,2,2,1,2,4,5,4,1,2023,41,1,4,1,5,3,3
3,3,1,4,2,2,1,5,3,2023,29,1,3,7,2,2,6
3,2,2,4,1,1,4,1,3,2023,2,3,1,6,1,2,7
3,2,2,3,2,3,5,5,2,2023,42,1,4,5,5,2,3
3,2,2,2,2,3,5,4,2,2023,36,3,4,3,2,2,3
3,2,2,3,2,2,5,4,2,2023,42,1,4,6,5,2,3
1,1,1,2,2,2,2,3,2,2023,12,1,2,3,5,2,1
3,2,2,4,2,2,5,3,3,2023,42,1,4,7,5,2,3
3,1,1,1,2,2,1,2,1,2023,29,3,3,2,3,3,4
3,2,1,4,2,2,4,1,3,2023,22,1,2,7,5,2,7
3,3,1,1,2,2,1,7,1,2023,29,1,3,2,3,1,4
3,2,1,2,2,3,5,3,2,2023,42,1,4,4,5,2,1
3,2,2,4,2,2,4,1,3,2023,2,1,1,7,1,2,7
3,1,2,1,2,3,5,4,1,2023,41,1,4,1,5,2,3
3,2,2,4,2,2,6,2,3,2023,32,3,3,7,3,1,4
3,1,2,1,2,3,4,6,1,2023,22,1,2,2,5,3,4
3,2,1,4,2,2,5,3,3,2023,42,1,4,7,5,1,3
3,1,2,3,2,3,2,5,2,2023,12,1,2,5,3,2,4
2,1,1,2,2,2,5,3,2,2023,40,1,4,3,2,2,4
2,1,2,4,1,1,5,1,3,2023,40,1,4,7,2,2,6
2,1,2,1,2,3,6,2,1,2023,32,3,3,2,3,1,1
1,1,1,2,2,4,2,6,2,2023,12,1,2,4,5,1,5
3,1,1,1,2,3,4,6,1,2023,22,1,2,2,5,2,3
2,1,1,3,2,2,5,4,2,2023,40,1,4,5,2,2,4
3,1,1,3,2,3,2,5,2,2023,12,1,2,5,5,2,4
2,2,2,2,2,2,6,3,2,2023,32,3,3,3,3,3,2
1,1,2,1,2,2,2,5,1,2023,12,3,2,3,5,2,3
3,2,2,2,2,3,6,4,2,2023,32,3,3,4,1,3,3
3,1,2,3,2,2,5,2,2,2023,41,3,4,5,5,3,3
3,3,2,2,2,2,4,5,2,2023,22,1,2,3,2,3,5
3,1,2,3,2,2,5,5,2,2023,38,1,4,5,5,3,7
3,2,2,3,2,2,4,3,2,2023,18,1,2,6,2,2,3
3,3,2,2,2,3,4,4,2,2023,22,1,2,4,5,2,4
3,1,2,1,2,2,1,5,1,2023,29,3,3,2,5,1,4
1,1,2,2,2,4,6,4,2,2023,32,3,3,4,2,3,2
1,1,1,2,2,4,2,5,2,2023,13,1,2,4,5,1,3
3,3,2,2,2,4,1,5,2,2023,44,1,4,4,5,2,2
3,1,2,2,2,3,2,4,2,2023,13,1,2,3,5,1,4
3,2,1,1,2,2,4,3,1,2023,18,1,2,2,2,2,4
2,3,1,3,2,3,1,5,2,2023,29,3,3,5,1,2,5
3,3,2,4,1,1,4,2,3,2023,22,1,2,6,1,2,7
3,3,2,1,2,3,1,5,1,2023,44,1,4,2,5,2,3
2,1,2,3,2,3,6,3,2,2023,32,3,3,5,3,1,3
3,1,1,1,1,1,5,2,1,2023,38,4,4,2,5,3,3
3,3,2,4,1,1,4,2,3,2023,22,1,2,7,5,2,7
2,1,1,1,2,3,6,2,1,2023,32,3,3,2,2,3,4
3,1,2,4,2,2,1,3,3,2023,29,3,3,6,2,2,7
3,3,1,2,2,2,4,4,2,2023,22,1,2,3,5,3,2
3,1,2,1,1,1,5,3,1,2023,38,4,4,3,5,3,3
3,2,1,2,2,2,6,3,2,2023,32,3,3,3,1,2,2
3,2,1,3,2,4,6,2,2,2023,32,3,3,6,3,3,3
3,3,1,3,2,4,4,6,2,2023,22,1,2,5,5,3,7
3,2,1,3,2,3,6,3,2,2023,32,3,3,6,2,1,4
3,3,2,2,2,3,1,5,2,2023,44,1,4,4,2,2,3
3,2,1,4,2,2,6,2,3,2023,32,3,3,7,2,2,4
3,3,1,4,2,2,6,3,3,2023,32,3,3,7,1,2,4
3,2,1,4,2,2,4,5,3,2023,22,1,2,6,1,3,4
3,3,2,2,2,4,1,5,2,2023,44,1,4,4,3,2,3
3,2,2,2,2,3,4,2,2,2023,2,1,1,4,1,2,4
3,2,1,3,2,4,6,4,2,2023,32,3,3,5,3,1,3
2,1,2,4,2,2,5,3,3,2023,40,1,4,6,2,2,4
2,1,1,2,2,3,5,4,2,2023,40,1,4,4,5,2,5
2,1,1,4,2,2,5,4,3,2023,40,1,4,6,1,2,3
3,1,2,4,1,1,5,2,3,2023,40,1,4,7,1,2,6
2,1,2,1,2,3,5,5,1,2023,40,1,4,2,2,2,4
3,3,1,2,2,3,5,6,2,2023,42,3,4,4,5,2,3
3,1,2,3,2,2,3,3,2,2023,3,3,1,6,2,2,2
2,2,2,3,1,1,3,3,2,2023,3,2,1,6,2,2,3
3,2,2,3,2,4,3,5,2,2023,3,2,1,6,1,2,2
3,2,1,1,1,1,3,3,1,2023,3,3,1,2,2,2,1
2,2,1,1,1,1,3,3,1,2023,3,3,1,2,2,2,4
2,1,2,1,2,3,3,5,1,2023,3,3,1,2,2,2,4
3,3,2,1,2,3,5,7,1,2023,42,1,4,2,5,3,3
2,2,1,2,2,3,3,3,2,2023,9,1,1,3,2,2,4
3,3,2,2,2,3,5,7,2,2023,42,1,4,3,5,1,2
2,2,2,3,2,3,3,4,2,2023,9,1,1,6,2,2,5
2,1,2,4,2,2,3,3,3,2023,9,1,1,6,2,2,6
2,2,2,3,2,3,3,4,2,2023,9,1,1,6,2,2,6
2,1,1,3,2,4,3,4,2,2023,9,1,1,5,1,2,5
2,2,1,3,2,2,3,4,2,2023,9,1,1,6,1,2,4
3,2,2,3,1,1,3,4,2,2023,9,1,1,5,1,2,2
2,1,2,2,2,4,3,5,2,2023,9,1,1,4,2,2,3
2,1,2,1,2,3,3,4,1,2023,9,1,1,3,2,2,3
2,1,1,1,2,4,3,6,1,2023,9,1,1,2,2,2,3
3,2,2,4,1,1,3,1,3,2023,9,1,1,7,2,2,6
2,1,1,3,2,4,3,4,2,2023,9,1,1,5,1,2,4
2,2,1,3,2,4,3,6,2,2023,9,1,1,5,5,2,5
3,2,2,2,2,3,5,3,2,2023,42,1,4,4,5,2,3
3,1,2,3,2,2,5,2,2,2023,41,3,4,5,1,2,4
2,2,2,4,2,2,3,1,3,2023,9,1,1,7,5,3,5
3,2,2,2,2,3,5,2,2,2023,42,1,4,3,5,2,3
2,2,1,2,2,4,3,6,2,2023,9,1,1,4,5,2,5
3,1,2,1,2,3,5,3,1,2023,41,3,4,2,5,2,4
2,1,1,4,2,2,3,1,3,2023,9,1,1,7,1,2,5
2,1,2,1,2,3,3,4,1,2023,9,1,1,2,2,2,3
3,2,1,3,2,4,6,4,2,2023,32,3,3,5,3,3,2
2,1,1,1,2,3,6,3,1,2023,28,1,3,2,2,2,3
2,1,1,3,1,1,5,2,2,2023,41,3,4,5,5,2,3
1,1,2,1,2,3,6,6,1,2023,28,1,3,2,3,2,4
2,2,1,2,2,2,6,5,2,2023,28,1,3,3,5,2,2
3,1,1,4,2,3,6,3,3,2023,32,3,3,7,1,2,3
2,1,2,2,2,2,6,4,2,2023,28,1,3,3,2,2,4
3,1,1,2,2,2,5,4,2,2023,41,3,4,3,5,2,2
3,1,1,3,2,4,3,6,2,2023,8,3,1,5,5,2,4
2,1,1,4,2,2,6,3,3,2023,28,1,3,7,1,3,5
3,1,2,1,2,4,4,7,1,2023,22,1,2,2,5,3,4
2,1,2,3,2,2,6,1,2,2023,28,1,3,5,1,2,7
3,1,1,1,2,2,5,2,1,2023,41,3,4,2,5,2,4
3,2,2,3,2,3,6,4,2,2023,32,3,3,5,3,3,3
3,1,2,2,2,3,3,5,2,2023,8,3,1,3,5,2,5
2,1,2,4,2,2,6,2,3,2023,28,1,3,7,5,2,7
3,3,1,2,2,2,4,4,2,2023,18,1,2,4,5,2,4
2,1,2,3,2,2,6,1,2,2023,28,1,3,6,1,2,5
3,1,1,2,1,1,4,4,2,2023,22,1,2,3,5,3,3
3,1,1,2,2,3,3,6,2,2023,8,3,1,4,5,2,6
2,1,2,3,2,2,6,1,2,2023,28,1,3,5,2,2,6
3,1,2,1,2,2,5,4,1,2023,41,3,4,3,5,2,4
3,1,2,3,1,1,3,2,2,2023,8,3,1,6,2,2,6
2,2,2,2,2,2,6,6,2,2023,28,1,3,4,5,2,6
3,3,2,4,1,1,4,1,3,2023,18,1,2,7,5,1,7
3,1,2,3,2,3,5,4,2,2023,41,3,4,5,1,3,4
2,1,1,1,2,2,4,3,1,2023,18,1,2,2,5,2,3
3,3,2,4,1,1,4,2,3,2023,18,1,2,7,2,2,5
3,1,1,2,2,3,5,5,2,2023,41,3,4,4,5,2,3
3,2,2,2,2,2,4,7,2,2023,22,1,2,3,5,3,3
3,3,1,2,2,2,4,3,2,2023,18,1,2,4,2,1,5
3,2,2,3,2,4,6,4,2,2023,32,3,3,5,3,3,3
3,3,2,2,2,3,1,5,2,2023,44,1,4,4,2,2,3
2,2,1,1,1,1,4,3,1,2023,18,1,2,2,5,1,3
2,1,2,2,2,3,5,5,2,2023,40,1,4,4,3,2,4
3,3,2,4,2,2,4,4,3,2023,18,1,2,7,3,3,5
3,2,2,4,1,1,4,3,3,2023,22,1,2,6,5,2,5
2,2,2,2,2,3,5,4,2,2023,40,1,4,4,2,2,4
2,1,1,1,2,2,4,3,1,2023,18,1,2,2,5,1,3
2,1,2,4,2,2,5,4,3,2023,40,1,4,6,5,2,5
3,2,2,3,2,2,6,3,2,2023,32,3,3,6,1,3,4
3,3,1,3,2,4,1,5,2,2023,44,1,4,5,2,2,4
3,1,2,4,1,1,4,1,3,2023,22,1,2,7,1,2,5
2,2,1,4,2,2,5,5,3,2023,40,1,4,6,5,2,4
3,1,1,3,2,3,5,4,2,2023,41,3,4,5,5,3,4
2,2,1,1,1,1,4,2,1,2023,18,1,2,2,2,1,3
3,2,2,4,2,2,6,3,3,2023,32,3,3,7,2,2,4
3,2,2,4,2,2,6,3,3,2023,32,3,3,7,1,3,4
3,2,2,3,2,2,4,4,2,2023,15,3,2,5,1,2,3
3,1,2,4,2,2,4,2,3,2023,15,3,2,6,5,3,3
3,3,2,4,2,2,1,7,3,2023,29,1,3,7,2,2,7
3,2,2,3,2,3,4,5,2,2023,15,3,2,5,5,1,2
3,2,1,2,2,3,1,3,2,2023,29,1,3,4,3,2,6
3,1,1,2,2,2,1,5,2,2023,37,1,4,3,5,3,3
3,1,2,1,1,1,4,2,1,2023,15,3,2,2,5,1,1
3,3,2,1,2,3,3,6,1,2023,1,3,1,2,5,2,4
3,3,2,3,2,2,1,4,2,2023,29,1,3,5,3,1,5
2,1,2,1,2,3,4,3,1,2023,15,3,2,3,5,1,2
3,2,1,2,2,3,1,4,2,2023,37,1,4,4,2,3,5
3,1,1,1,1,1,4,1,1,2023,15,3,2,2,5,1,1
2,1,1,2,2,2,4,3,2,2023,18,1,2,3,5,2,2
3,3,2,1,2,3,1,7,1,2023,29,1,3,3,5,2,5
3,1,1,4,2,3,4,3,3,2023,15,3,2,6,5,1,4
2,1,1,1,2,4,2,7,1,2023,20,1,2,2,5,1,2
3,3,2,2,1,1,2,2,2,2023,13,3,2,3,5,2,1
2,2,1,1,2,3,2,7,1,2023,20,1,2,2,5,1,2
3,2,1,3,1,1,4,2,2,2023,2,1,1,5,5,2,5
3,1,1,1,2,4,2,7,1,2023,20,1,2,2,2,2,3
3,2,1,2,1,1,4,2,2,2023,2,1,1,3,5,2,1
3,3,1,3,2,4,4,5,2,2023,15,3,2,5,5,3,3
3,1,1,3,2,2,2,4,2,2023,13,3,2,5,2,3,3
3,3,1,2,2,2,4,5,2,2023,18,1,2,4,2,2,3
3,2,1,3,1,1,4,2,2,2023,2,3,1,5,5,2,6
3,3,2,1,2,3,1,6,1,2023,37,1,4,3,2,3,4
2,2,1,3,2,3,2,7,2,2023,20,1,2,5,5,2,3
3,2,1,2,2,4,4,2,2,2023,2,1,1,4,2,2,4
2,1,1,4,2,4,2,7,3,2023,20,1,2,7,1,1,4
3,2,1,1,2,3,2,7,1,2023,20,1,2,2,5,1,3
2,1,1,4,1,1,2,1,3,2023,20,1,2,7,1,1,4
2,1,2,2,2,4,2,7,2,2023,20,1,2,4,2,2,2
3,1,2,2,2,3,2,6,2,2023,20,1,2,4,5,1,2
3,2,1,2,2,3,4,5,2,2023,15,3,2,4,5,3,3
2,2,2,1,2,4,2,7,1,2023,20,1,2,2,5,2,3
2,1,2,1,2,3,2,5,1,2023,20,1,2,2,5,2,2
3,2,1,2,2,3,1,5,2,2023,37,1,4,3,5,3,5
3,2,2,2,2,4,1,4,2,2023,37,1,4,4,5,3,3
3,3,1,3,2,2,4,6,2,2023,18,1,2,6,5,2,4
2,1,1,1,1,1,6,2,1,2023,33,3,4,2,5,2,1
2,1,1,1,1,1,6,2,1,2023,24,4,3,3,5,2,1
3,1,2,2,2,3,2,6,2,2023,20,1,2,3,5,1,2
3,1,2,1,1,1,6,2,1,2023,33,3,4,2,5,2,1
2,2,1,3,2,4,2,7,2,2023,20,1,2,5,5,2,3
3,1,1,2,2,3,2,5,2,2023,14,3,2,3,5,2,2
3,2,1,1,1,1,6,2,1,2023,24,4,3,2,5,2,1
3,1,2,2,2,3,6,4,2,2023,33,3,4,4,2,3,2
3,2,1,2,2,3,1,6,2,2023,37,1,4,4,5,2,5
3,3,2,2,2,3,1,5,2,2023,37,1,4,4,5,3,4
3,2,2,3,2,2,1,3,2,2023,29,1,3,5,5,2,7
2,1,1,2,2,3,2,5,2,2023,20,1,2,4,5,2,2
3,2,1,3,2,2,6,3,2,2023,24,2,3,5,5,3,6
3,1,2,2,2,3,2,5,2,2023,20,1,2,3,5,1,2
2,1,2,3,2,2,6,4,2,2023,33,3,4,5,1,2,3
3,1,2,1,1,1,2,3,1,2023,20,1,2,2,5,1,2
3,2,1,3,2,2,6,3,2,2023,24,2,3,6,5,3,7
2,1,1,4,1,1,6,3,3,2023,33,3,4,7,5,2,5
3,1,2,4,2,2,2,3,3,2023,20,1,2,7,5,1,3
3,2,1,3,2,2,6,3,2,2023,33,3,4,6,3,3,4
2,1,2,1,2,2,2,4,1,2023,20,1,2,2,5,1,2
3,1,1,2,2,3,6,4,2,2023,33,3,4,3,5,3,1
3,2,1,2,1,1,6,3,2,2023,24,3,3,4,5,3,3
3,3,1,2,2,2,4,6,2,2023,18,1,2,4,2,2,3
3,1,2,2,2,2,6,4,2,2023,33,3,4,3,3,3,1
3,3,1,2,2,3,1,3,2,2023,29,1,3,3,5,2,5
3,2,2,3,2,2,6,4,2,2023,33,3,4,5,3,3,3
3,2,1,2,2,3,1,5,2,2023,37,1,4,3,5,2,3
2,3,1,3,2,3,2,6,2,2023,14,3,2,5,5,3,3
3,3,1,4,2,2,4,5,3,2023,18,1,2,6,3,1,3
3,1,1,4,2,2,2,5,3,2023,20,2,2,7,5,1,4
2,1,1,3,2,2,6,3,2,2023,33,3,4,5,5,1,3
3,3,1,2,2,3,4,5,2,2023,18,1,2,4,3,1,4
2,2,1,3,2,2,2,5,2,2023,14,3,2,6,2,2,3
2,1,1,4,2,2,2,3,3,2023,20,4,2,6,1,1,3
2,1,1,2,2,3,6,3,2,2023,33,3,4,4,5,2,2
2,1,1,2,2,4,2,7,2,2023,20,3,2,4,5,1,3
3,1,1,2,2,3,6,4,2,2023,33,3,4,4,5,3,2
3,1,1,2,2,3,1,5,2,2023,37,1,4,4,5,2,6
3,1,1,2,2,3,5,3,2,2023,34,1,4,3,1,2,1
3,3,2,1,2,3,1,7,1,2023,29,1,3,2,5,2,4
3,1,2,4,1,1,6,2,3,2023,33,3,4,7,2,3,5
3,2,1,4,1,1,4,1,3,2023,18,1,2,7,5,2,6
3,1,1,1,2,3,2,5,1,2023,20,3,2,2,2,2,3
3,1,1,2,2,2,6,5,2,2023,31,1,3,3,5,2,5
3,1,1,3,2,4,2,6,2,2023,20,3,2,6,1,2,3
3,1,2,3,2,2,6,3,2,2023,33,3,4,6,2,3,4
2,1,2,1,1,1,2,3,1,2023,14,3,2,2,5,1,1
3,1,1,4,2,2,2,2,3,2023,20,4,2,6,1,2,3
3,1,1,2,2,2,2,4,2,2023,13,3,2,4,2,2,1
3,2,1,2,2,2,5,4,2,2023,34,1,4,3,2,1,2
3,1,1,1,2,2,6,3,1,2023,33,1,4,2,5,1,3
3,2,2,1,2,2,1,4,1,2023,29,3,3,2,5,1,4
3,1,1,1,2,4,2,5,1,2023,20,3,2,2,5,1,3
3,2,1,3,2,2,6,3,2,2023,33,1,4,6,3,3,4
2,1,1,1,1,1,4,3,1,2023,15,3,2,3,5,1,2
3,1,2,4,2,2,2,2,3,2023,20,3,2,7,1,1,3
3,2,2,2,2,3,6,6,2,2023,33,1,4,4,3,3,2
2,1,1,3,2,4,2,7,2,2023,20,2,2,5,5,2,3
3,1,2,1,1,1,2,2,1,2023,14,3,2,2,3,1,1
1,1,2,3,2,2,6,3,2,2023,33,1,4,5,5,1,3
2,1,2,2,1,1,2,2,2,2023,13,3,2,4,5,3,2
3,2,2,3,2,2,2,2,2,2023,13,3,2,6,1,2,4
2,1,1,2,2,3,1,5,2,2023,29,3,3,4,5,1,6
2,1,2,1,1,1,6,2,1,2023,33,1,4,2,5,1,1
3,2,1,1,2,2,2,5,1,2023,14,1,2,2,2,2,2
3,3,1,3,2,2,6,6,2,2023,33,1,4,5,3,2,3
2,2,2,2,2,2,4,2,2,2023,18,1,2,3,1,2,3
3,1,2,2,2,3,1,5,2,2023,37,2,4,3,5,2,3
3,1,1,2,2,3,1,3,2,2023,37,2,4,3,5,2,5
2,3,1,2,2,4,5,5,2,2023,34,1,4,4,2,3,3
3,2,2,4,1,1,1,4,3,2023,29,3,3,6,5,1,6
3,2,1,4,2,2,6,3,3,2023,33,1,4,7,2,2,5
3,3,2,2,2,3,6,7,2,2023,33,1,4,4,2,3,3
3,1,1,1,1,1,2,3,1,2023,14,1,2,3,5,3,1
2,1,1,1,1,1,6,2,1,2023,33,1,4,2,5,1,1
2,2,2,1,2,3,5,4,1,2023,34,1,4,2,3,1,3
3,1,1,1,2,2,6,5,1,2023,33,1,4,3,2,2,1
3,1,2,4,1,1,6,2,3,2023,33,1,4,7,1,3,4
3,3,2,1,2,4,5,3,1,2023,34,1,4,2,3,2,2
3,3,2,3,2,2,6,4,2,2023,33,1,4,6,2,2,3
2,2,1,2,2,3,6,6,2,2023,33,1,4,4,5,1,1
3,3,2,2,2,4,5,5,2,2023,34,1,4,4,3,1,3
3,3,1,3,2,2,6,6,2,2023,33,1,4,5,3,2,3
2,1,2,1,1,1,6,3,1,2023,33,1,4,2,5,2,1
3,2,2,1,2,2,4,2,1,2023,18,1,2,3,2,2,2
3,1,2,2,2,2,6,5,2,2023,33,1,4,3,5,2,2
3,2,1,2,2,4,2,5,2,2023,20,4,2,3,2,1,2
3,1,2,2,2,3,5,3,2,2023,34,1,4,4,2,3,3
2,3,1,2,2,3,2,7,2,2023,14,1,2,4,5,3,2
2,1,1,2,1,1,4,3,2,2023,18,1,2,3,2,2,3
3,2,1,3,2,3,2,6,2,2023,20,4,2,5,5,1,3
3,2,2,3,2,4,5,3,2,2023,34,1,4,5,1,1,3
2,1,1,1,2,3,4,3,1,2023,18,1,2,3,2,1,3
2,1,1,1,2,3,2,5,1,2023,20,4,2,3,5,1,2
3,3,1,3,2,2,2,5,2,2023,14,1,2,5,1,3,2
3,1,1,2,2,4,2,6,2,2023,20,4,2,3,5,1,2
3,1,2,1,2,2,1,5,1,2023,37,2,4,3,5,3,3
3,3,1,3,2,3,5,5,2,2023,34,1,4,5,2,3,4
2,1,1,1,1,1,4,3,1,2023,18,1,2,3,1,1,3
3,1,1,1,2,3,2,6,1,2023,20,3,2,2,5,2,2
3,1,1,3,2,2,2,6,2,2023,14,1,2,5,5,2,4
3,2,1,3,2,4,5,4,2,2023,34,3,4,5,1,1,3
3,1,1,4,2,2,2,5,3,2023,14,1,2,6,5,2,4
3,3,2,1,1,1,4,3,1,2023,18,3,2,2,2,2,1
1,2,1,3,2,2,5,4,2,2023,34,3,4,6,1,1,3
3,3,2,1,2,2,4,5,1,2023,18,3,2,2,3,2,3
3,3,1,4,2,2,5,3,3,2023,42,1,4,6,5,2,4
3,3,1,3,2,2,4,3,2,2023,18,2,2,5,5,1,4
3,3,1,2,2,3,1,6,2,2023,37,2,4,3,5,2,4
1,1,2,3,2,3,5,3,2,2023,34,3,4,6,2,2,4
2,2,2,1,2,3,2,6,1,2023,14,1,2,3,5,3,2
3,3,2,3,2,2,4,3,2,2023,18,2,2,6,3,2,6
3,1,2,3,2,2,5,3,2,2023,34,3,4,6,3,3,4
3,2,2,2,2,3,2,6,2,2023,14,1,2,3,5,2,2
3,1,2,4,2,2,5,3,3,2023,34,3,4,7,3,2,3
2,2,2,2,2,3,2,6,2,2023,14,1,2,3,1,3,2
3,3,2,2,2,2,2,4,2,2023,13,3,2,4,5,1,6
3,2,1,3,2,2,5,3,2,2023,34,3,4,6,3,3,3
2,2,2,2,2,3,2,6,2,2023,14,1,2,4,2,2,2
3,2,1,1,2,2,2,5,1,2023,13,3,2,3,3,2,1
3,2,1,4,2,2,5,3,3,2023,34,3,4,7,3,2,4
3,1,2,3,1,1,2,2,2,2023,13,3,2,5,1,1,4
2,1,1,1,2,3,5,5,1,2023,34,1,4,2,2,2,4
3,1,2,3,2,2,2,4,2,2023,13,3,2,5,3,2,5
1,2,2,3,2,3,5,6,2,2023,34,1,4,5,5,2,6
3,1,1,1,2,2,2,4,1,2023,13,3,2,3,5,2,1
3,3,1,2,2,2,5,5,2,2023,34,1,4,3,2,2,5
3,2,2,2,2,2,5,5,2,2023,34,1,4,4,2,2,4
3,3,1,3,2,3,5,7,2,2023,42,1,4,5,5,1,3
2,2,1,2,2,2,5,7,2,2023,34,1,4,4,2,2,4
3,2,1,4,2,2,5,6,3,2023,34,1,4,7,1,2,6
3,2,1,3,2,2,5,1,2,2023,34,1,4,6,2,3,6
2,3,2,2,1,1,5,5,2,2023,34,1,4,3,3,2,5
3,1,1,1,2,3,5,6,1,2023,34,1,4,2,2,2,4
3,3,2,2,2,3,5,6,2,2023,42,1,4,4,5,2,3
3,1,2,1,2,3,5,4,1,2023,34,1,4,2,2,2,4
3,2,1,3,2,2,5,4,2,2023,34,1,4,5,5,2,4
2,1,2,4,2,2,5,1,3,2023,34,1,4,7,5,2,6
2,1,1,2,2,2,5,4,2,2023,34,1,4,4,5,2,6
2,2,2,3,2,2,5,2,2,2023,34,1,4,6,2,2,5
2,1,2,3,1,1,5,1,2,2023,34,1,4,5,5,2,5
3,1,2,4,2,2,5,1,3,2023,34,1,4,7,5,2,7
3,3,1,2,2,3,5,7,2,2023,42,1,4,4,5,2,3
3,2,1,1,2,3,3,4,1,2023,3,1,1,2,3,2,4
3,1,2,3,2,2,3,3,2,2023,3,1,1,5,5,3,4
2,2,2,3,2,2,3,6,2,2023,3,1,1,5,5,2,3
2,2,1,2,1,1,3,4,2,2023,3,1,1,3,5,2,5
2,1,2,2,2,2,3,4,2,2023,3,1,1,4,5,2,2
2,2,2,2,2,2,3,5,2,2023,3,1,1,3,2,2,2
2,1,1,3,2,3,3,3,2,2023,3,1,1,6,2,2,5
2,1,2,1,2,3,3,4,1,2023,3,1,1,2,2,2,4
2,2,1,2,2,3,3,4,2,2023,3,1,1,3,2,2,4
2,1,1,3,2,2,3,3,2,2023,3,1,1,6,2,2,3
2,1,2,2,2,3,3,5,2,2023,8,3,1,3,3,2,3
2,1,1,4,2,2,3,2,3,2023,3,1,1,7,2,2,6
2,1,1,2,2,3,3,4,2,2023,3,1,1,4,2,2,3
2,2,2,4,2,2,3,1,3,2023,3,1,1,7,1,3,5
3,1,1,4,1,1,3,1,3,2023,8,3,1,7,5,2,7
2,1,1,1,1,1,3,2,1,2023,8,2,1,2,5,2,2
3,1,2,3,2,2,3,4,2,2023,8,3,1,6,5,2,6
1,1,2,2,2,2,4,2,2,2023,18,1,2,3,1,1,2
3,1,2,1,2,3,3,5,1,2023,8,3,1,2,5,2,4
2,1,1,2,1,1,4,2,2,2023,18,1,2,3,2,2,3
3,1,1,1,2,2,3,4,1,2023,8,3,1,2,5,2,4
2,1,1,2,2,3,4,2,2,2023,18,1,2,4,5,2,5
3,1,1,1,2,2,1,4,1,2023,30,3,3,2,5,2,1
3,1,2,2,2,3,3,6,2,2023,8,3,1,3,5,2,3
3,1,1,2,2,3,1,5,2,2023,30,3,3,3,2,3,2
3,1,1,3,2,2,1,3,2,2023,30,3,3,5,3,3,4
2,1,2,1,1,1,1,3,1,2023,30,3,3,2,5,2,1
3,1,1,1,1,1,3,3,1,2023,8,2,1,3,5,2,3
3,2,1,3,2,2,1,4,2,2023,30,3,3,6,2,3,3
3,1,1,4,1,1,1,2,3,2023,30,3,3,7,5,2,4
2,1,2,3,2,2,1,3,2,2023,30,3,3,6,1,2,4
2,1,1,1,1,1,1,2,1,2023,30,1,3,2,5,2,1
1,1,2,3,1,1,1,3,2,2023,30,3,3,5,3,1,4
3,1,1,2,2,2,1,5,2,2023,30,1,3,3,3,2,2
3,2,2,2,2,3,1,6,2,2023,30,3,3,3,5,2,3
3,3,2,1,2,2,4,4,1,2023,18,2,2,2,3,2,4
3,3,2,3,2,2,4,3,2,2023,18,2,2,6,5,1,6
3,2,2,4,1,1,1,2,3,2023,30,3,3,6,1,3,5
2,1,2,2,2,3,4,2,2,2023,18,1,2,3,5,3,5
3,1,1,2,2,2,1,4,2,2023,30,1,3,4,3,2,2
3,1,2,4,1,1,3,3,3,2023,8,3,1,7,5,2,7
3,2,1,3,2,2,1,4,2,2023,30,1,3,5,1,3,4
2,1,2,1,1,1,1,3,1,2023,30,1,3,2,5,1,1
3,1,1,4,1,1,1,3,3,2023,30,1,3,6,5,2,6
3,2,1,3,2,4,3,7,2,2023,8,1,1,5,5,2,5
2,3,2,3,2,2,4,5,2,2023,18,1,2,6,1,1,6
3,2,2,2,2,3,4,3,2,2023,18,2,2,4,5,1,4
3,2,1,4,2,2,1,2,3,2023,30,1,3,7,1,3,4
2,1,2,1,1,1,1,2,1,2023,30,1,3,2,2,2,1
2,1,1,1,1,1,1,3,1,2023,30,1,3,2,5,1,1
2,1,2,4,1,1,4,1,3,2023,18,1,2,7,1,1,7
3,2,2,4,2,2,3,5,3,2023,8,1,1,7,2,2,7
3,1,1,1,2,2,1,3,1,2023,30,1,3,2,5,2,1
2,1,2,2,2,2,4,3,2,2023,18,1,2,3,2,2,4
3,1,1,1,2,2,1,2,1,2023,30,1,3,3,2,2,1
2,1,2,1,2,2,1,6,1,2023,30,1,3,2,5,2,1
3,3,1,2,2,3,4,4,2,2023,18,2,2,4,5,1,3
3,1,1,2,2,3,1,5,2,2023,30,1,3,4,2,2,1
3,2,1,2,2,3,1,6,2,2023,30,1,3,4,2,3,3
2,1,1,4,1,1,1,2,3,2023,30,1,3,6,5,1,5
3,2,1,3,2,2,1,4,2,2023,30,1,3,5,2,3,3
3,2,2,3,2,2,1,4,2,2023,30,1,3,5,3,3,4
3,3,1,3,2,4,4,5,2,2023,18,2,2,5,2,2,5
3,3,2,1,2,3,2,3,1,2023,13,1,2,1,5,3,2
2,2,2,4,2,2,1,4,3,2023,30,1,3,7,2,2,5
3,3,1,3,2,3,4,5,2,2023,18,2,2,5,2,1,3
1,2,2,2,2,3,1,6,2,2023,30,1,3,3,5,3,3
3,1,2,3,2,2,3,4,2,2023,8,1,1,6,2,2,6
3,2,1,3,2,3,2,4,2,2023,13,1,2,5,5,3,2
3,2,2,3,2,3,1,6,2,2023,30,1,3,5,2,3,3
3,3,1,3,2,3,4,4,2,2023,18,2,2,5,5,2,4
3,1,1,2,2,3,3,6,2,2023,8,1,1,3,5,2,3
3,3,2,2,2,3,2,4,2,2023,13,1,2,4,5,2,2
3,2,2,2,2,2,1,4,2,2023,30,1,3,4,5,3,3
3,1,1,3,2,2,3,5,2,2023,8,1,1,6,5,2,6
3,3,1,2,1,1,2,3,2,2023,13,1,2,3,5,3,2
2,1,2,1,1,1,1,2,1,2023,30,1,3,3,5,2,2
3,2,1,4,2,2,3,4,3,2023,8,1,1,6,5,2,7
3,3,2,3,2,3,4,4,2,2023,18,2,2,5,2,2,4
2,1,1,3,2,2,3,5,2,2023,8,1,1,6,5,2,6
3,3,1,1,2,3,5,7,1,2023,42,1,4,2,5,2,3
3,3,2,3,2,3,4,5,2,2023,18,3,2,5,3,2,3
3,1,2,2,1,1,1,3,2,2023,30,1,3,4,5,2,3
3,2,1,4,2,2,3,6,3,2023,8,1,1,7,5,2,7
3,3,2,2,1,1,4,3,2,2023,18,3,2,4,3,1,4
1,2,2,2,2,3,1,5,2,2023,30,1,3,4,2,1,3
3,1,1,4,1,1,3,3,3,2023,8,1,1,7,5,2,7
3,3,2,3,2,3,4,5,2,2023,18,3,2,5,3,2,3
3,2,1,1,2,3,2,6,1,2023,13,1,2,2,5,3,3
3,1,1,3,1,1,4,2,2,2023,18,2,2,5,5,3,3
3,1,2,4,2,2,1,3,3,2023,30,1,3,6,1,1,5
3,1,1,1,2,2,2,5,1,2023,13,3,2,2,2,2,1
2,2,1,1,2,3,3,7,1,2023,8,1,1,2,5,2,4
3,3,2,3,2,3,4,5,2,2023,18,2,2,5,3,1,4
3,1,1,3,2,2,2,3,2,2023,13,3,2,5,2,1,4
2,3,1,4,2,2,2,3,3,2023,13,3,2,6,2,1,5
3,3,2,1,2,2,4,6,1,2023,18,2,2,2,2,2,3
2,1,2,4,2,2,1,3,3,2023,30,1,3,7,3,2,4
3,3,2,2,2,2,4,7,2,2023,18,3,2,4,3,1,3
3,1,2,4,2,2,1,3,3,2023,30,1,3,7,5,2,6
2,1,1,4,2,2,2,4,3,2023,13,3,2,7,1,2,7
3,2,1,3,2,3,5,3,2,2023,42,1,4,5,5,2,2
3,3,2,3,1,1,4,3,2,2023,18,3,2,5,2,1,4
3,3,1,2,2,4,2,6,2,2023,13,1,2,4,5,3,3
3,3,2,2,2,3,4,5,2,2023,18,3,2,4,3,3,4
3,3,2,2,2,3,4,5,2,2023,18,3,2,4,2,3,4
3,3,2,2,2,3,4,5,2,2023,18,3,2,4,3,2,3
3,2,2,4,1,1,2,1,3,2023,13,1,2,6,5,2,3
3,3,2,2,2,4,2,5,2,2023,12,1,2,3,3,1,4
3,2,1,4,2,2,2,2,3,2023,13,1,2,7,5,2,5
3,1,1,3,2,3,2,6,2,2023,12,3,2,5,5,1,4
3,2,2,4,2,2,2,2,3,2023,13,1,2,7,2,3,6
1,1,2,4,1,1,2,1,3,2023,12,3,2,7,2,1,7
3,1,1,4,2,2,2,2,3,2023,13,1,2,6,2,3,4
3,1,1,2,2,3,4,5,2,2023,16,1,2,4,5,2,2
3,1,1,2,2,2,4,5,2,2023,16,1,2,3,5,2,1
3,3,1,3,2,2,2,2,2,2023,13,1,2,5,3,3,3
1,1,2,3,2,2,2,4,2,2023,13,3,2,6,1,1,4
2,2,2,3,2,2,4,2,2,2023,16,1,2,6,5,1,4
2,1,1,1,2,3,4,6,1,2023,16,1,2,2,2,3,3
2,1,2,4,2,2,2,2,3,2023,13,3,2,7,3,1,5
3,2,1,1,2,3,2,6,1,2023,13,1,2,2,5,3,3
3,1,2,3,2,2,2,3,2,2023,13,3,2,5,2,2,3
3,1,1,4,2,2,4,3,3,2023,16,1,2,6,5,2,3
3,3,2,1,2,3,2,5,1,2023,13,1,2,2,5,3,2
3,1,1,3,2,2,2,3,2,2023,12,2,2,6,5,2,6
2,2,1,2,1,1,4,4,2,2023,16,1,2,4,5,2,2
1,1,2,3,2,2,2,2,2,2023,12,2,2,5,3,1,5
3,1,1,3,2,3,2,3,2,2023,13,1,2,6,2,2,5
1,1,1,1,1,1,2,2,1,2023,12,2,2,2,5,1,1
3,1,2,4,2,2,4,3,3,2023,15,4,2,7,5,3,4
1,1,1,4,2,2,2,1,3,2023,12,2,2,7,5,2,7
3,1,2,2,2,4,2,5,2,2023,13,1,2,3,2,3,2
3,1,2,4,2,2,2,2,3,2023,13,1,2,7,1,2,5
1,3,2,2,2,3,4,4,2,2023,15,4,2,4,5,1,3
1,1,2,1,2,2,2,4,1,2023,12,3,2,2,5,1,1
3,1,2,3,1,1,2,4,2,2023,13,3,2,5,2,1,3
3,1,2,3,2,3,2,5,2,2023,12,2,2,6,3,1,6
1,1,2,1,1,1,2,2,1,2023,13,3,2,2,5,2,3
3,1,1,4,2,2,2,2,3,2023,12,3,2,6,5,1,4
2,2,1,4,1,1,2,4,3,2023,13,3,2,7,3,1,4
3,2,1,3,1,1,4,3,2,2023,15,4,2,6,5,1,4
3,1,1,2,2,4,2,4,2,2023,12,3,2,4,5,2,3
3,3,1,3,1,1,4,6,2,2023,15,4,2,5,5,3,2
1,1,2,1,2,3,2,7,1,2023,12,1,2,2,5,1,4
3,1,1,1,2,2,4,3,1,2023,15,4,2,3,5,3,3
3,2,2,3,2,2,4,4,2,2023,15,4,2,5,5,2,4
2,1,2,1,2,2,4,2,1,2023,15,4,2,2,5,1,2
3,1,2,2,2,4,2,5,2,2023,12,1,2,4,5,1,4
3,2,1,2,2,3,3,4,2,2023,3,1,1,4,2,2,3
2,2,2,4,2,2,3,1,3,2023,3,1,1,7,1,2,4
1,2,1,4,2,2,3,4,3,2023,3,1,1,7,1,2,3
2,3,1,3,2,2,3,3,2,2023,3,1,1,5,5,2,2
2,2,2,1,2,3,3,3,1,2023,3,1,1,2,2,2,2
2,1,2,3,2,3,5,3,2,2023,40,3,4,5,2,2,3
3,2,1,3,2,2,4,5,2,2023,15,4,2,6,5,1,4
3,2,2,3,1,1,4,4,2,2023,15,4,2,6,5,1,4
2,2,2,4,1,1,4,4,3,2023,15,4,2,6,5,1,3
3,3,2,3,2,2,4,6,2,2023,15,3,2,6,5,1,4
3,3,2,1,2,3,4,7,1,2023,15,3,2,2,5,1,2
2,1,1,2,1,1,4,3,2,2023,15,3,2,3,5,2,2
3,1,1,2,1,1,4,4,2,2023,15,3,2,4,5,1,3
3,3,2,2,2,2,4,7,2,2023,15,3,2,3,5,2,5
3,3,2,3,2,2,4,7,2,2023,15,3,2,5,2,2,5
2,1,1,2,2,3,3,5,2,2023,8,3,1,4,5,2,4
3,3,2,2,2,3,4,7,2,2023,15,3,2,4,3,2,3
3,1,1,2,2,4,3,7,2,2023,8,1,1,4,5,2,4
2,2,1,2,2,3,2,6,2,2023,20,1,2,3,5,1,2
2,1,1,1,1,1,4,1,1,2023,15,3,2,2,5,1,1
2,1,1,1,2,2,2,7,1,2023,20,1,2,3,5,1,2
3,2,2,3,2,2,4,3,2,2023,15,3,2,6,1,2,5
3,1,1,4,1,1,4,3,3,2023,15,3,2,7,5,1,3
3,1,1,2,2,3,2,6,2,2023,20,1,2,4,2,2,3
2,1,2,3,1,1,4,2,2,2023,15,1,2,6,5,2,2
2,2,1,2,2,4,2,7,2,2023,20,1,2,3,2,1,4
3,2,1,2,2,3,2,6,2,2023,20,1,2,3,5,1,3
3,2,1,2,2,4,2,7,2,2023,20,1,2,4,5,1,3
2,1,1,1,2,3,4,7,1,2023,15,1,2,2,5,1,1
3,2,1,2,2,3,2,7,2,2023,20,1,2,4,2,2,3
3,2,1,2,2,3,4,5,2,2023,15,1,2,4,5,3,3
2,1,2,1,2,3,4,7,1,2023,15,1,2,2,5,2,4
1,1,1,2,2,3,2,3,2,2023,12,1,2,3,5,1,5
3,1,1,4,1,1,4,1,3,2023,15,3,2,7,5,3,4
1,1,1,1,2,3,2,5,1,2023,12,1,2,2,5,1,4
3,1,2,4,1,1,4,1,3,2023,15,3,2,7,1,2,4
3,2,2,2,1,1,4,5,2,2023,15,3,2,4,2,2,3
3,1,1,4,1,1,4,2,3,2023,16,3,2,7,5,3,4
3,1,1,1,1,1,4,2,1,2023,15,3,2,2,5,2,3
3,1,2,2,2,2,4,4,2,2023,16,3,2,3,5,2,1
3,3,2,3,2,2,6,7,2,2023,31,3,3,5,2,2,7
3,3,2,3,2,2,6,4,2,2023,31,3,3,6,3,2,7
3,2,2,3,2,2,4,5,2,2023,15,1,2,5,5,2,4
3,3,1,1,1,1,6,3,1,2023,31,2,3,3,5,2,5
2,1,1,4,2,2,4,2,3,2023,15,1,2,7,5,2,5
3,3,1,2,2,2,6,7,2,2023,31,2,3,3,5,1,5
1,1,1,3,1,1,4,3,2,2023,15,1,2,5,5,2,2
3,3,1,2,1,1,6,3,2,2023,31,2,3,3,5,3,5
2,1,2,3,2,2,5,3,2,2023,38,1,4,5,2,2,5
2,1,2,2,2,3,5,4,2,2023,38,1,4,4,2,2,4
3,3,1,1,1,1,6,3,1,2023,31,4,3,2,5,2,4
2,1,2,2,2,4,3,5,2,2023,9,1,1,4,2,2,3
3,3,2,2,1,1,4,6,2,2023,15,1,2,4,5,1,3
3,3,1,3,2,2,4,6,2,2023,15,3,2,5,5,3,4
3,1,1,4,1,1,4,1,3,2023,15,3,2,6,1,2,4
3,2,1,3,2,2,3,5,2,2023,1,1,1,5,5,3,6
3,1,2,4,1,1,3,3,3,2023,1,1,1,6,1,3,4
3,1,2,2,2,3,4,5,2,2023,22,1,2,4,5,3,4
3,2,2,1,1,1,6,2,1,2023,31,4,3,2,5,2,4
3,1,2,3,2,2,4,5,2,2023,22,1,2,5,5,3,4
3,3,1,1,1,1,6,2,1,2023,31,4,3,2,5,1,4
3,1,1,1,2,3,4,6,1,2023,22,1,2,2,5,3,4
3,3,2,1,1,1,6,3,1,2023,31,4,3,2,5,2,4
3,3,2,4,2,2,6,4,3,2023,31,1,3,6,1,1,6
3,3,1,3,2,3,6,7,2,2023,31,1,3,6,3,2,7
3,3,1,3,2,3,6,7,2,2023,31,1,3,6,2,1,7
3,3,1,1,2,2,6,7,1,2023,31,1,3,2,3,1,4
2,1,2,1,2,3,5,6,1,2023,40,1,4,2,2,2,3
2,2,1,3,2,2,5,6,2,2023,40,3,4,5,1,2,5
3,1,2,4,1,1,4,1,3,2023,16,3,2,7,2,2,4
3,3,1,2,1,1,6,3,2,2023,31,1,3,4,3,1,5
3,1,2,4,1,1,4,2,3,2023,16,3,2,7,3,1,4
3,1,2,1,2,2,4,4,1,2023,16,3,2,2,5,2,3
2,1,2,2,1,1,4,2,2,2023,15,3,2,3,2,1,1
3,3,2,1,2,2,6,7,1,2023,31,1,3,2,5,2,4
2,2,1,3,1,1,4,7,2,2023,15,3,2,6,5,2,3
1,1,1,1,1,1,4,2,1,2023,16,3,2,2,5,1,1
3,3,2,2,2,3,6,4,2,2023,31,1,3,4,2,1,6
3,1,2,1,2,3,4,5,1,2023,16,3,2,2,5,3,3
1,1,1,1,1,1,4,2,1,2023,16,3,2,2,5,1,1
3,1,2,3,2,3,4,6,2,2023,16,3,2,5,5,2,4
3,3,2,1,2,2,6,7,1,2023,31,1,3,2,5,3,4
3,1,1,3,2,3,4,6,2,2023,16,3,2,5,5,3,3
3,1,1,4,1,1,4,3,3,2023,16,3,2,6,2,1,5
3,2,2,3,2,2,4,6,2,2023,16,3,2,5,2,3,4
3,2,2,3,2,2,4,5,2,2023,16,3,2,5,5,3,5
3,1,2,2,1,1,4,3,2,2023,16,3,2,3,3,1,5
3,1,1,3,2,2,4,6,2,2023,16,3,2,5,5,3,3
3,2,2,3,2,2,4,7,2,2023,16,3,2,5,3,1,5
3,1,1,2,2,3,4,5,2,2023,16,2,2,4,5,3,3
3,1,2,1,2,3,4,6,1,2023,16,1,2,2,5,2,3
3,2,1,3,2,2,4,5,2,2023,16,3,2,5,2,3,4
3,1,2,2,2,2,4,6,2,2023,16,1,2,3,5,2,1
3,3,2,2,2,4,1,4,2,2023,29,3,3,4,2,1,6
3,3,1,2,2,3,2,4,2,2023,11,1,2,4,5,2,3
3,1,2,2,2,3,4,6,2,2023,16,2,2,4,5,3,2
3,3,2,3,2,2,1,7,2,2023,29,3,3,5,1,2,5
3,1,2,1,2,3,4,6,1,2023,16,1,2,2,5,3,3
1,1,1,3,2,2,4,5,2,2023,16,1,2,6,5,2,4
3,3,2,3,1,1,1,3,2,2023,29,3,3,5,3,2,7
3,2,2,3,1,1,4,5,2,2023,16,3,2,5,5,1,3
3,2,2,4,2,2,1,3,3,2023,29,3,3,6,5,1,6
3,3,1,3,2,2,4,7,2,2023,16,3,2,5,2,3,1
3,3,1,3,2,3,1,7,2,2023,29,3,3,5,3,2,7
3,3,1,1,2,4,1,4,1,2023,29,2,3,1,5,2,3
3,3,1,1,2,2,1,7,1,2023,29,3,3,3,5,2,5
3,3,1,2,2,3,1,7,2,2023,29,3,3,3,5,3,4
3,3,1,3,2,2,1,7,2,2023,29,1,3,6,2,3,7
3,3,1,4,2,2,1,5,3,2023,29,1,3,7,3,1,7
3,3,1,2,2,3,1,7,2,2023,29,1,3,4,3,2,5
3,1,1,2,2,2,2,4,2,2023,14,3,2,4,2,2,1
3,1,1,4,2,2,2,3,3,2023,14,3,2,6,1,2,4
3,1,2,2,2,2,2,4,2,2023,14,3,2,4,2,1,3
2,1,1,3,2,2,2,3,2,2023,14,1,2,5,5,1,3
2,1,1,1,1,1,2,2,1,2023,14,1,2,2,5,1,1
3,2,1,3,2,2,2,3,2,2023,14,1,2,6,1,3,4
2,1,2,1,1,1,2,3,1,2023,14,1,2,2,5,1,1
3,1,1,1,1,1,2,3,1,2023,14,1,2,2,5,2,2
3,1,1,4,2,2,2,2,3,2023,14,1,2,6,3,3,5
3,1,1,1,1,1,2,2,1,2023,14,3,2,2,5,1,2
3,1,1,2,1,1,2,3,2,2023,14,1,2,3,3,2,3
3,1,1,3,2,2,2,4,2,2023,14,1,2,5,3,3,5
3,1,2,2,1,1,2,4,2,2023,14,1,2,3,5,1,3
3,1,1,1,2,2,1,4,1,2023,30,3,3,3,2,1,3
3,1,1,3,2,2,1,2,2,2023,30,1,3,5,2,2,5
3,1,1,4,1,1,1,3,3,2023,30,1,3,7,2,3,6
3,1,1,1,2,2,1,5,1,2023,30,1,3,3,2,2,4
3,2,1,3,2,2,5,5,2,2023,36,1,4,5,5,3,5
3,3,2,3,2,3,5,3,2,2023,36,1,4,5,2,2,7
3,2,2,1,1,1,5,2,1,2023,36,1,4,2,5,2,1
3,2,1,2,1,1,5,3,2,2023,36,1,4,4,5,2,1
3,1,2,4,1,1,1,1,3,2023,37,1,4,7,2,2,7
3,1,2,1,2,3,1,7,1,2023,10,1,1,2,5,1,4
3,1,1,2,2,3,1,3,2,2023,37,1,4,4,5,2,4
3,1,2,1,2,4,3,7,1,2023,9,1,1,2,3,1,4
3,1,2,2,1,1,1,3,2,2023,37,1,4,3,5,3,1
3,2,1,1,2,3,3,7,1,2023,9,1,1,3,5,2,5
3,2,2,4,2,2,2,1,3,2023,11,2,2,7,5,2,5
3,3,1,3,2,3,2,4,2,2023,11,2,2,5,2,2,4
3,3,1,3,2,3,2,4,2,2023,11,1,2,5,2,2,3
SCORE2,DM14,DM1,DM23,DM81,DM82,DM33,DM13,DM22,2024,DM32,DM10,DM31,DM21,DM6,SCORE1,DM7
1,7,1,1,1,1,5,7,1,2024,40,1,4,2,5,2,1
3,7,2,2,2,4,4,12,2,2024,2,1,1,3,5,2,3
3,5,1,2,2,5,5,6,2,2024,41,1,4,3,5,2,3
3,6,1,2,2,4,2,12,2,2024,20,1,2,3,2,2,4
3,5,1,1,2,3,2,5,1,2024,19,1,2,2,5,2,5
3,7,2,2,2,4,3,9,2,2024,3,1,1,3,5,2,4
3,5,2,2,2,2,5,5,2,2024,39,1,4,3,5,2,3
2,4,2,2,2,3,1,5,2,2024,30,1,3,3,5,2,4
3,7,2,2,2,4,6,11,2,2024,27,1,3,3,2,2,3
3,5,2,2,2,2,5,10,2,2024,42,1,4,2,5,3,2
1,4,1,2,2,4,3,10,2,2024,4,1,1,3,1,2,4
2,6,1,2,2,2,4,10,2,2024,2,1,1,3,5,2,3
2,6,1,2,2,4,1,6,2,2024,44,1,4,3,2,2,4
3,6,1,2,2,4,6,6,2,2024,27,1,3,3,3,3,4
3,4,2,2,1,1,6,4,2,2024,31,4,3,3,2,2,3
2,6,1,2,2,5,3,11,2,2024,1,1,1,3,5,2,3
3,8,1,2,2,4,2,12,2,2024,20,1,2,3,5,1,2
3,6,1,2,2,3,3,12,2,2024,3,1,1,3,3,2,3
2,3,1,1,1,1,2,4,1,2024,14,3,2,2,5,2,4
3,5,2,2,2,2,6,9,2,2024,27,1,3,2,5,3,2
3,7,1,2,2,2,5,6,2,2024,42,1,4,2,5,2,5
2,6,2,2,2,4,6,12,2,2024,26,2,3,3,1,2,2
3,5,2,2,2,4,5,9,2,2024,41,1,4,3,3,1,6
3,6,2,2,2,2,5,10,2,2024,36,1,4,2,5,3,1
2,7,1,1,2,2,5,7,1,2024,38,1,4,2,5,2,2
3,7,2,2,2,4,3,7,2,2024,9,1,1,3,5,3,3
2,4,2,2,2,4,5,9,2,2024,34,1,4,3,1,3,3
3,5,2,2,2,4,4,11,2,2024,2,1,1,3,5,2,3
2,6,1,2,2,4,3,8,2,2024,5,1,1,3,5,1,3
3,5,2,2,2,4,5,7,2,2024,42,1,4,3,5,2,5
2,6,1,2,2,3,2,6,2,2024,21,1,2,3,5,2,6
2,5,1,2,2,3,4,8,2,2024,17,1,2,3,2,2,2
3,2,1,2,2,3,2,1,2,2024,12,3,2,3,5,2,5
3,5,1,2,2,4,5,7,2,2024,40,1,4,2,5,2,2
3,6,2,2,2,2,5,9,2,2024,42,1,4,3,1,2,4
1,3,1,2,1,1,2,3,2,2024,19,4,2,3,5,1,1
1,6,1,2,2,4,5,12,2,2024,39,1,4,3,1,1,2
2,6,1,2,2,4,4,9,2,2024,17,1,2,3,5,1,1
1,6,1,2,2,4,2,10,2,2024,20,1,2,3,5,3,5
2,4,2,2,2,2,5,3,2,2024,42,1,4,3,5,3,4
2,5,2,1,2,2,6,8,1,2024,23,1,3,2,5,2,2
1,4,2,1,1,1,4,5,1,2024,22,1,2,2,5,2,2
2,5,1,1,1,1,5,6,1,2024,39,3,4,2,2,1,2
3,7,2,2,2,4,5,11,2,2024,38,1,4,3,2,2,4
3,5,2,2,2,4,4,9,2,2024,18,1,2,3,5,1,3
1,5,1,2,2,4,2,10,2,2024,12,3,2,2,5,2,5
3,5,2,2,2,5,2,8,2,2024,20,1,2,3,2,3,3
2,7,2,2,2,3,5,10,2,2024,39,1,4,2,1,3,1
2,5,2,2,2,3,4,9,2,2024,15,1,2,2,2,2,1
3,6,1,2,2,5,4,9,2,2024,2,1,1,3,2,3,6
3,8,1,2,2,3,6,9,2,2024,23,1,3,3,5,3,1
3,7,1,2,2,4,5,6,2,2024,41,1,4,3,5,3,2
2,3,1,2,1,1,2,6,2,2024,19,4,2,2,5,2,4
2,4,1,2,1,1,6,5,2,2024,27,1,3,2,2,2,3
3,5,2,2,2,3,5,9,2,2024,38,1,4,3,1,2,4
3,6,2,2,2,4,5,6,2,2024,35,1,4,3,5,2,3
3,4,2,2,2,5,6,3,2,2024,33,1,4,3,2,3,6
2,5,2,2,2,5,1,7,2,2024,10,3,1,3,2,3,5
2,4,2,2,2,4,1,7,2,2024,44,1,4,3,2,1,1
3,5,2,2,2,3,2,7,2,2024,13,1,2,3,5,2,5
2,2,1,1,1,1,4,5,1,2024,15,4,2,2,3,3,2
2,5,2,2,2,3,4,6,2,2024,17,1,2,3,2,1,3
3,6,1,2,2,3,5,6,2,2024,38,1,4,3,2,2,6
1,4,2,2,2,2,5,11,2,2024,42,1,4,2,5,2,3
3,3,2,2,2,2,3,6,2,2024,1,3,1,2,5,3,1
3,6,2,2,2,3,4,9,2,2024,17,1,2,2,5,2,5
2,5,2,1,2,3,1,7,1,2024,29,2,3,2,5,2,3
2,4,2,1,1,1,1,4,1,2024,43,4,4,1,5,1,1
3,2,1,1,2,3,4,4,1,2024,17,1,2,1,3,1,4
2,4,2,1,2,4,4,6,1,2024,2,4,1,2,5,1,4
3,7,1,1,2,4,3,8,1,2024,5,3,1,1,2,3,3
1,4,1,1,1,1,3,5,1,2024,1,2,1,2,5,1,1
2,8,2,2,2,3,5,9,2,2024,39,1,4,3,5,1,1
3,7,1,2,2,3,1,11,2,2024,44,1,4,3,5,1,4
2,5,2,2,2,4,4,12,2,2024,18,1,2,3,5,1,3
3,6,1,2,2,3,3,9,2,2024,4,1,1,2,5,2,3
3,7,1,2,2,2,5,10,2,2024,41,1,4,2,5,2,1
2,4,2,1,2,2,3,6,1,2024,4,4,1,1,5,2,4
3,1,2,2,1,1,5,4,2,2024,35,3,4,2,5,2,5
3,1,2,1,2,3,6,5,1,2024,23,1,3,2,5,1,5
2,5,2,2,2,3,4,6,2,2024,22,1,2,2,5,1,5
2,5,2,2,2,3,3,6,2,2024,3,1,1,3,5,2,2
3,6,1,2,2,4,3,9,2,2024,3,1,1,3,1,3,6
2,3,2,2,1,1,2,4,2,2024,21,3,2,2,1,2,3
3,6,2,2,2,4,4,8,2,2024,15,3,2,3,5,1,3
3,7,2,2,1,1,6,5,2,2024,26,3,3,3,2,2,1
3,6,2,2,1,1,3,4,2,2024,4,1,1,3,3,3,3
2,2,1,2,2,3,3,5,2,2024,3,1,1,3,3,2,6
2,3,2,2,1,1,2,7,2,2024,11,1,2,3,5,1,3
3,6,1,2,2,4,4,8,2,2024,17,1,2,3,2,2,3
2,3,1,2,2,4,3,5,2,2024,3,1,1,3,5,3,6
3,6,2,2,2,3,4,12,2,2024,2,1,1,3,5,1,4
3,5,1,2,2,2,5,8,2,2024,38,1,4,3,5,3,4
2,1,1,2,1,1,4,3,2,2024,2,3,1,2,2,1,3
3,5,2,2,2,4,1,11,2,2024,44,1,4,3,2,2,3
3,4,1,2,2,2,6,7,2,2024,26,2,3,3,5,2,3
3,5,2,2,2,5,5,9,2,2024,35,1,4,2,5,1,5
3,7,2,1,2,3,2,10,1,2024,21,1,2,2,1,1,5
3,7,2,2,2,3,1,8,2,2024,43,1,4,3,5,3,3
3,7,1,2,2,4,4,7,2,2024,18,1,2,3,5,2,3
3,7,2,2,2,4,5,12,2,2024,35,1,4,2,5,3,5
3,6,2,2,2,4,1,11,2,2024,43,1,4,3,5,3,2
3,3,2,2,2,4,1,6,2,2024,10,1,1,3,5,1,3
3,1,1,2,1,1,2,2,2,2024,14,1,2,3,3,2,3
2,6,1,2,2,4,2,7,2,2024,20,1,2,2,2,2,3
1,8,1,1,1,1,6,9,1,2024,23,1,3,2,5,1,2
2,3,2,1,1,1,2,3,1,2024,21,3,2,1,5,1,4
3,7,2,2,2,4,5,11,2,2024,42,1,4,2,5,1,3
3,3,1,2,2,3,6,6,2,2024,32,2,3,3,1,3,6
3,5,1,1,2,3,6,6,1,2024,27,1,3,2,5,2,5
3,7,1,2,2,3,4,9,2,2024,15,3,2,2,3,2,3
2,3,1,1,2,3,5,9,1,2024,36,4,4,1,5,2,4
3,7,1,2,1,1,3,4,2,2024,3,1,1,3,5,2,1
2,8,2,2,2,4,2,9,2,2024,20,1,2,3,5,2,3
3,5,2,2,2,3,2,5,2,2024,13,1,2,2,5,3,3
2,4,2,1,2,4,5,6,1,2024,34,1,4,2,2,1,4
2,5,2,1,2,4,6,8,1,2024,27,1,3,1,5,2,4
3,4,2,2,2,3,4,5,2,2024,18,1,2,3,5,2,5
2,5,1,2,2,3,2,9,2,2024,14,1,2,3,1,2,3
2,3,2,2,2,3,5,4,2,2024,35,1,4,2,5,2,5
3,5,2,2,2,2,1,8,2,2024,37,4,4,3,5,3,3
3,5,2,2,2,3,4,6,2,2024,2,1,1,2,3,2,3
2,4,2,2,1,1,3,5,2,2024,7,2,1,3,2,3,3
2,4,2,1,1,1,3,4,1,2024,7,2,1,1,5,3,1
3,3,2,2,2,3,1,6,2,2024,29,3,3,3,5,2,5
1,7,1,1,2,3,6,9,1,2024,25,1,3,2,5,1,1
3,8,2,2,2,4,6,12,2,2024,31,1,3,3,3,3,6
3,4,1,2,2,2,2,4,2,2024,12,3,2,2,5,3,5
3,7,1,2,1,1,2,7,2,2024,13,2,2,2,3,1,5
3,6,1,1,2,3,1,12,1,2024,30,1,3,1,5,3,3
3,5,2,1,2,4,6,11,1,2024,27,1,3,1,5,3,4
2,7,2,1,2,4,2,12,1,2024,14,1,2,1,3,2,4
2,5,1,2,2,3,3,12,2,2024,5,1,1,3,2,1,3
3,6,2,1,2,3,4,8,1,2024,16,1,2,1,5,2,4
2,4,2,1,2,4,4,5,1,2024,17,1,2,1,5,1,4
2,6,2,1,2,4,3,6,1,2024,3,1,1,1,3,2,4
2,5,1,1,1,1,2,2,1,2024,21,3,2,1,5,2,1
3,4,2,2,2,3,6,8,2,2024,26,3,3,2,2,3,2
3,5,2,2,2,3,3,7,2,2024,5,1,1,3,5,2,3
3,5,2,2,2,3,1,6,2,2024,37,1,4,3,2,2,2
3,8,1,2,1,1,6,6,2,2024,26,3,3,2,5,2,1
3,0,2,2,2,5,1,12,2,2024,10,1,1,2,3,1,4
3,5,1,2,2,4,4,7,2,2024,18,1,2,2,5,2,3
3,6,1,2,2,5,4,7,2,2024,2,1,1,3,2,3,4
3,4,2,2,2,2,3,9,2,2024,8,1,1,3,5,1,1
2,5,1,2,2,4,1,8,2,2024,30,1,3,3,5,2,3
1,3,1,1,1,1,2,6,1,2024,21,3,2,1,5,1,1
3,7,1,1,2,2,3,4,1,2024,8,2,1,2,5,1,5
3,6,1,1,2,4,1,12,1,2024,30,1,3,1,5,2,4
2,4,2,2,2,3,6,7,2,2024,33,1,4,2,2,2,3
3,5,2,2,2,2,4,7,2,2024,15,2,2,3,3,3,6
3,4,2,1,2,3,6,5,1,2024,25,1,3,2,5,1,3
2,5,1,1,1,1,5,3,1,2024,40,3,4,1,5,2,3
1,4,1,2,2,3,3,5,2,2024,4,4,1,3,5,1,2
3,5,2,2,2,2,3,9,2,2024,4,1,1,2,5,2,2
3,5,2,1,1,1,2,6,1,2024,21,4,2,2,5,2,2
2,3,2,1,2,4,4,11,1,2024,15,1,2,2,5,2,5
3,8,1,2,1,1,3,7,2,2024,7,3,1,2,2,2,1
2,4,2,1,1,1,4,4,1,2024,2,3,1,1,5,2,2
3,10,1,2,2,4,2,11,2,2024,14,1,2,3,1,3,3
1,4,2,2,2,2,5,5,2,2024,34,3,4,3,2,3,6
2,7,1,1,1,1,6,4,1,2024,24,3,3,2,1,3,1
3,8,1,1,1,1,5,6,1,2024,39,1,4,2,3,2,3
3,3,1,1,2,2,4,5,1,2024,17,1,2,2,4,2,4
2,5,2,2,2,2,1,10,2,2024,30,1,3,2,5,2,4
3,4,2,2,2,3,4,7,2,2024,18,1,2,3,5,1,2
3,3,2,2,2,3,3,5,2,2024,1,2,1,2,5,1,3
3,7,2,2,2,3,2,7,2,2024,20,1,2,3,2,1,1
3,6,2,2,2,2,1,2,2,2024,29,3,3,2,2,1,2
3,7,2,1,1,1,1,4,1,2024,29,3,3,1,5,2,3
3,4,2,1,1,1,2,4,1,2024,19,2,2,1,5,2,2
1,5,2,2,1,1,2,7,2,2024,21,1,2,3,4,1,3
3,7,1,1,1,1,2,12,1,2024,12,2,2,2,2,2,2
2,3,1,1,2,5,6,12,1,2024,31,2,3,2,5,1,1
3,4,1,2,2,2,3,5,2,2024,1,1,1,3,5,2,2
3,5,1,2,2,2,6,8,2,2024,31,1,3,3,5,1,1
3,8,2,2,2,4,5,6,2,2024,42,1,4,3,5,3,2
3,7,2,2,2,4,5,12,2,2024,42,1,4,2,3,2,2
3,6,2,2,2,4,4,12,2,2024,18,1,2,2,2,3,5
3,6,2,1,2,3,4,11,1,2024,16,1,2,1,2,3,4
2,6,1,1,1,1,1,6,1,2024,30,3,3,2,5,2,3
2,4,1,2,2,2,4,7,2,2024,17,1,2,3,3,2,2
3,6,1,2,1,1,6,5,2,2024,27,2,3,2,5,2,5
2,7,1,1,2,3,6,12,1,2024,32,2,3,1,4,1,4
3,5,1,1,1,1,5,6,1,2024,39,4,4,2,5,2,1
2,5,1,2,2,4,2,4,2,2024,14,1,2,3,1,2,5
3,6,2,1,2,2,5,12,1,2024,34,1,4,2,5,1,4
3,6,2,1,2,4,5,6,1,2024,35,1,4,1,2,2,4
3,2,2,1,2,3,2,6,1,2024,19,1,2,1,5,3,4
3,5,2,2,1,1,2,4,2,2024,21,3,2,2,5,2,1
2,5,2,1,2,4,4,12,1,2024,18,1,2,1,5,3,2
2,7,2,1,1,1,1,3,1,2024,10,3,1,1,5,1,1
2,3,1,1,2,2,3,8,1,2024,5,1,1,1,5,1,4
3,3,2,1,1,1,1,2,1,2024,30,3,3,1,5,2,1
2,5,2,1,2,4,4,9,1,2024,15,2,2,1,5,1,3
2,6,1,1,1,1,5,4,1,2024,40,3,4,2,5,1,2
3,7,1,1,1,1,5,6,1,2024,41,1,4,1,3,2,4
3,1,1,1,1,1,5,4,1,2024,35,3,4,1,3,2,4
3,6,1,1,1,1,1,7,1,2024,30,3,3,1,5,3,4
3,6,2,2,2,5,4,6,2,2024,16,1,2,3,5,3,2
2,2,1,1,1,1,5,6,1,2024,39,3,4,1,2,1,3
3,5,1,2,2,3,5,4,2,2024,34,1,4,3,1,3,3
3,3,1,1,2,2,1,5,1,2024,37,4,4,1,5,1,3
2,5,1,2,2,3,6,7,2,2024,25,1,3,3,5,1,1
2,5,1,2,2,3,5,9,2,2024,41,1,4,3,5,2,2
3,6,2,1,2,2,6,4,1,2024,26,3,3,2,5,1,1
3,5,1,1,2,3,4,10,1,2024,16,2,2,2,2,2,4
3,8,1,2,1,1,1,4,2,2024,29,1,3,3,5,1,5
3,5,2,1,2,4,2,6,1,2024,20,1,2,1,2,1,4
3,5,2,1,1,1,6,5,1,2024,31,3,3,2,5,3,2
3,5,1,2,2,3,4,5,2,2024,15,3,2,3,2,2,4
2,6,2,1,2,3,1,10,1,2024,37,1,4,1,5,1,3
3,7,1,2,2,2,3,6,2,2024,7,3,1,3,1,2,6
3,8,2,2,2,3,5,9,2,2024,35,1,4,3,2,2,4
2,7,2,1,2,4,1,6,1,2024,43,1,4,1,3,2,3
3,5,2,1,1,1,4,4,1,2024,17,1,2,1,5,2,4
3,4,1,2,2,3,3,6,2,2024,4,1,1,3,3,2,2
2,4,2,2,2,3,5,7,2,2024,34,3,4,3,5,2,2
3,5,2,2,2,4,4,6,2,2024,18,1,2,2,5,1,5
3,5,2,1,1,1,4,6,1,2024,18,1,2,2,5,2,1
1,2,1,2,2,4,5,4,2,2024,36,3,4,2,3,1,5
3,3,2,2,2,2,2,5,2,2024,20,1,2,3,2,1,3
3,2,2,1,2,2,4,3,1,2024,16,3,2,2,5,2,3
2,6,2,2,2,4,6,12,2,2024,31,1,3,3,5,2,3
3,4,2,1,1,1,2,3,1,2024,12,4,2,1,2,2,2
3,0,1,2,1,1,1,5,2,2024,37,3,4,2,5,1,2
3,4,2,2,1,1,5,6,2,2024,34,1,4,2,5,2,3
2,3,1,1,1,1,5,4,1,2024,36,1,4,1,5,1,4
3,4,2,2,2,2,4,6,2,2024,18,1,2,3,2,2,2
2,4,1,1,2,3,6,8,1,2024,31,2,3,1,5,2,4
3,2,2,2,1,1,4,1,2,2024,17,1,2,3,2,2,5
2,3,1,1,2,3,1,5,1,2024,37,1,4,1,2,1,4
3,8,1,2,2,3,5,12,2,2024,41,1,4,3,2,2,2
3,5,1,2,2,4,4,7,2,2024,16,1,2,2,5,3,5
3,3,1,2,1,1,6,4,2,2024,28,2,3,2,1,3,5
3,2,1,2,1,1,3,4,2,2024,1,3,1,2,5,1,5
2,3,1,2,2,4,6,6,2,2024,26,3,3,3,5,1,3
3,5,1,2,2,4,6,11,2,2024,23,1,3,3,5,3,3
3,5,1,1,2,4,3,5,1,2024,9,1,1,1,2,1,4
3,7,1,2,2,3,4,5,2,2024,17,1,2,3,1,3,3
3,8,1,1,2,4,2,10,1,2024,14,1,2,1,2,2,4
3,8,1,1,2,3,2,3,1,2024,19,1,2,1,2,1,4
3,5,2,1,2,4,3,10,1,2024,5,1,1,2,5,3,4
3,3,1,2,1,1,2,5,2,2024,20,1,2,2,2,3,5
3,2,2,1,2,2,2,3,1,2024,21,3,2,1,3,2,1
3,3,1,1,2,3,6,3,1,2024,25,1,3,1,5,3,2
3,8,2,1,2,3,2,10,1,2024,21,1,2,2,3,1,2
2,4,2,2,2,4,5,8,2,2024,42,1,4,3,2,3,5
3,8,1,2,2,4,3,11,2,2024,5,1,1,3,2,2,2
3,7,1,1,1,1,5,5,1,2024,36,1,4,2,5,1,3
2,5,1,1,2,4,5,12,1,2024,34,1,4,2,2,1,5
3,6,1,1,2,3,5,9,1,2024,35,1,4,1,5,3,4
3,8,1,2,1,1,2,8,2,2024,12,2,2,2,5,3,5
3,4,1,1,1,1,1,4,1,2024,10,3,1,1,5,1,1
3,6,1,2,2,2,2,8,2,2024,12,3,2,3,5,3,2
2,4,1,1,1,1,2,3,1,2024,21,3,2,1,2,2,4
3,4,2,1,2,4,4,11,1,2024,18,1,2,2,5,2,4
2,5,2,1,2,3,1,11,1,2024,43,1,4,1,5,1,3
3,5,2,2,2,2,5,8,2,2024,38,1,4,2,5,2,4
1,3,1,2,2,2,2,9,2,2024,11,2,2,3,5,3,3
3,5,2,1,1,1,1,2,1,2024,10,3,1,1,5,2,1
3,4,2,1,2,3,5,5,1,2024,36,2,4,1,1,3,4
3,6,1,1,2,3,2,5,1,2024,13,2,2,1,5,1,3
3,5,2,1,2,3,4,10,1,2024,22,1,2,1,5,3,3
3,7,2,1,2,5,1,12,1,2024,37,1,4,1,5,2,3
2,7,2,1,2,5,6,10,1,2024,27,1,3,1,5,2,4
2,6,2,1,2,4,4,12,1,2024,18,1,2,1,3,2,2
2,5,2,1,2,5,5,10,1,2024,41,1,4,1,5,1,4
3,7,2,1,2,3,2,7,1,2024,20,1,2,1,2,3,3
3,4,1,3,2,3,3,8,2,2024,3,1,1,4,5,2,4
3,6,1,3,2,2,3,7,2,2024,3,1,1,5,5,2,5
3,7,1,1,1,1,3,5,1,2024,3,1,1,1,1,2,1
3,6,2,3,2,3,3,10,2,2024,3,1,1,4,5,2,7
3,6,1,2,2,4,3,6,2,2024,3,1,1,3,2,1,6
2,5,2,3,1,1,3,4,2,2024,3,1,1,5,3,2,7
3,6,2,3,1,1,3,5,2,2024,3,1,1,4,3,2,7
3,6,2,4,2,2,3,7,3,2024,3,1,1,6,1,2,7
3,7,1,2,2,4,1,8,2,2024,44,1,4,3,5,2,3
3,7,2,1,1,1,1,5,1,2024,44,1,4,1,5,3,1
3,6,1,1,2,3,1,6,1,2024,44,1,4,2,5,2,2
3,7,2,2,2,3,1,9,2,2024,44,1,4,2,5,1,1
3,7,1,3,2,4,1,8,2,2024,44,1,4,4,2,3,3
3,6,2,3,1,1,1,3,2,2024,44,1,4,5,5,3,5
3,5,1,4,2,2,1,3,3,2024,44,1,4,6,5,2,5
3,7,1,2,2,3,5,6,2,2024,35,1,4,2,5,3,2
3,6,1,3,2,4,5,8,2,2024,35,1,4,4,5,1,2
3,6,2,2,2,3,5,8,2,2024,35,1,4,3,2,2,3
3,6,1,2,2,3,5,8,2,2024,35,1,4,3,2,2,3
3,6,1,4,2,2,5,6,3,2024,35,1,4,5,3,1,5
3,7,2,3,2,3,5,6,2,2024,35,1,4,4,3,2,4
3,5,1,4,2,2,5,4,3,2024,35,1,4,6,5,2,5
2,5,2,2,2,4,5,8,2,2024,36,1,4,3,5,3,4
3,6,1,3,2,4,5,7,2,2024,36,1,4,4,5,1,5
3,4,2,3,2,4,5,10,2,2024,36,1,4,4,2,2,2
3,5,2,3,2,2,5,6,2,2024,36,1,4,4,1,1,4
3,6,2,3,2,2,5,5,2,2024,36,1,4,4,5,1,5
3,3,2,4,1,1,5,4,3,2024,36,1,4,6,2,1,6
3,7,2,2,2,3,4,8,2,2024,16,1,2,3,5,3,3
3,7,1,3,2,3,4,11,2,2024,16,1,2,4,1,3,5
3,7,1,3,2,4,4,11,2,2024,16,1,2,4,5,3,5
3,6,2,3,1,1,4,5,2,2024,16,1,2,4,5,2,4
3,6,2,2,1,1,4,5,2,2024,16,1,2,3,5,3,3
3,5,2,1,2,3,4,6,1,2024,16,1,2,1,5,3,3
3,6,1,1,1,1,4,5,1,2024,16,1,2,1,5,3,3
3,6,2,1,2,2,4,8,1,2024,16,1,2,2,5,3,3
3,7,2,4,1,1,3,2,3,2024,1,2,1,6,5,2,6
3,7,2,4,2,2,3,4,3,2024,1,2,1,6,5,2,5
3,7,1,1,1,1,3,5,1,2024,1,1,1,1,5,2,3
3,7,1,4,2,2,3,4,3,2024,1,1,1,6,5,2,7
3,7,1,2,2,3,3,8,2,2024,1,1,1,3,5,2,6
3,7,2,1,2,3,3,8,1,2024,1,1,1,2,5,2,5
3,7,1,3,2,4,3,12,2,2024,1,1,1,4,5,2,4
3,7,1,4,2,2,3,5,3,2024,1,1,1,6,3,2,7
3,8,2,2,2,2,3,9,2,2024,1,1,1,3,5,2,3
3,7,2,1,1,1,3,4,1,2024,1,1,1,1,5,2,4
3,8,2,3,2,3,3,10,2,2024,1,1,1,4,2,2,6
3,7,1,3,2,2,3,5,2,2024,1,1,1,5,5,2,7
3,7,1,3,2,2,3,5,2,2024,1,1,1,5,5,2,6
3,6,2,3,2,2,3,4,2,2024,3,1,1,5,3,1,7
3,4,1,4,1,1,3,4,3,2024,3,1,1,6,5,2,5
3,7,1,2,2,3,3,8,2,2024,3,1,1,3,2,2,6
3,6,2,3,1,1,3,4,2,2024,3,1,1,4,1,2,7
3,6,2,4,1,1,3,3,3,2024,3,1,1,6,2,2,5
3,6,1,1,2,2,3,7,1,2024,3,1,1,1,5,2,3
3,6,1,3,2,2,3,4,2,2024,3,1,1,4,5,2,7
3,7,2,3,2,4,3,11,2,2024,3,1,1,4,5,2,7
3,6,1,1,1,1,3,5,1,2024,1,2,1,2,5,2,3
3,7,1,3,2,4,3,8,2,2024,1,3,1,4,5,2,4
3,6,2,3,2,3,3,8,2,2024,1,3,1,4,5,2,6
3,7,2,3,2,2,3,6,2,2024,1,3,1,4,5,2,5
3,7,2,4,2,2,3,4,3,2024,1,3,1,5,5,1,6
3,7,2,3,2,2,3,5,2,2024,1,2,1,5,5,2,7
3,6,1,2,2,2,3,8,2,2024,1,3,1,2,5,2,3
2,4,2,1,2,3,3,6,1,2024,1,3,1,1,5,1,4
3,6,2,4,1,1,3,3,3,2024,1,3,1,6,3,1,4
3,5,2,4,2,2,3,5,3,2024,1,3,1,5,5,2,4
3,6,2,1,1,1,3,4,1,2024,1,3,1,2,5,1,3
3,6,1,3,2,2,3,6,2,2024,1,3,1,5,5,2,4
3,5,1,3,2,4,4,8,2,2024,2,1,1,4,5,1,2
3,5,1,2,2,3,4,5,2,2024,2,1,1,3,2,1,3
3,6,1,3,2,3,4,9,2,2024,2,1,1,4,5,1,4
3,5,1,2,2,2,4,8,2,2024,2,1,1,2,3,1,1
3,4,2,2,2,3,4,8,2,2024,2,1,1,3,5,1,2
2,4,1,1,2,3,4,6,1,2024,2,1,1,1,5,1,4
3,4,2,4,2,2,4,3,3,2024,2,1,1,6,2,1,7
3,6,2,2,1,1,4,6,2,2024,2,1,1,2,2,3,2
3,5,1,3,2,2,3,5,2,2024,1,3,1,5,5,2,3
3,7,1,3,1,1,3,5,2,2024,1,3,1,4,1,3,4
2,7,2,3,2,2,3,6,2,2024,1,3,1,4,3,2,3
3,6,1,1,1,1,3,4,1,2024,1,3,1,1,5,2,2
2,7,2,2,2,3,3,7,2,2024,1,3,1,3,1,2,3
2,5,2,4,1,1,3,3,3,2024,1,3,1,6,3,2,5
3,8,1,3,2,3,4,7,2,2024,2,3,1,4,5,2,4
3,7,2,4,2,2,4,4,3,2024,2,3,1,6,1,1,5
2,8,1,4,2,2,4,3,3,2024,2,3,1,6,1,1,5
3,8,1,3,2,4,4,9,2,2024,2,3,1,4,3,2,3
3,8,1,2,1,1,4,5,2,2024,2,3,1,2,5,2,3
3,7,1,1,1,1,4,4,1,2024,2,3,1,2,5,1,2
3,7,1,1,1,1,4,4,1,2024,2,3,1,1,5,1,2
3,5,1,3,1,1,4,5,2,2024,2,1,1,4,1,2,4
3,5,2,2,1,1,4,5,2,2024,2,1,1,3,3,1,3
3,7,2,2,2,4,4,6,2,2024,2,1,1,2,3,2,2
3,5,1,2,2,4,4,7,2,2024,2,1,1,3,3,3,3
2,6,1,2,2,4,4,6,2,2024,2,1,1,3,1,2,1
3,6,1,4,2,2,4,5,3,2024,2,1,1,5,1,3,3
3,8,2,4,2,2,4,5,3,2024,2,1,1,5,5,2,2
2,5,2,4,2,2,4,3,3,2024,2,1,1,6,5,3,3
3,7,1,3,2,4,4,8,2,2024,2,1,1,4,5,2,3
3,8,1,3,2,3,4,9,2,2024,2,1,1,4,2,2,3
3,8,2,2,1,1,4,5,2,2024,2,1,1,2,2,1,4
2,8,2,2,1,1,4,4,2,2024,2,1,1,3,2,1,4
3,8,1,4,2,2,4,6,3,2024,2,1,1,5,5,3,4
3,8,2,3,2,3,4,8,2,2024,2,1,1,4,5,2,3
3,8,2,3,2,3,4,5,2,2024,2,1,1,4,5,1,1
3,8,2,3,2,3,4,6,2,2024,2,1,1,4,2,2,2
2,5,1,4,2,2,4,7,3,2024,2,3,1,5,1,1,4
3,5,1,4,2,2,4,5,3,2024,2,3,1,5,3,2,3
3,7,2,1,2,3,4,6,1,2024,2,3,1,1,5,2,3
2,5,2,3,2,2,4,6,2,2024,2,2,1,5,2,1,4
2,5,2,3,1,1,4,4,2,2024,2,2,1,4,3,1,3
2,4,1,3,1,1,4,4,2,2024,2,3,1,5,3,1,3
1,5,2,3,1,1,4,4,2,2024,2,1,1,4,3,2,6
3,3,2,3,1,1,4,4,2,2024,2,1,1,5,5,2,6
3,3,2,4,1,1,4,2,3,2024,2,1,1,6,2,1,6
3,5,2,1,2,3,4,5,1,2024,2,1,1,1,5,1,3
3,3,1,4,2,2,4,3,3,2024,2,1,1,6,5,2,7
1,4,2,4,2,2,4,4,3,2024,2,1,1,6,1,1,7
3,4,2,3,2,2,4,5,2,2024,2,1,1,4,5,3,3
3,7,1,1,2,4,4,7,1,2024,2,3,1,1,3,1,4
3,4,2,3,1,1,4,5,2,2024,2,3,1,4,5,1,5
3,5,2,3,1,1,4,4,2,2024,2,3,1,5,2,1,6
3,4,1,3,2,2,4,4,2,2024,2,3,1,5,1,1,5
3,4,1,1,2,3,4,8,1,2024,2,3,1,1,5,3,4
3,3,1,3,2,3,4,7,2,2024,2,3,1,4,5,1,3
3,4,2,3,1,1,4,4,2,2024,2,3,1,5,5,1,4
3,6,1,2,1,1,4,4,2,2024,2,1,1,3,5,2,2
3,7,2,3,2,2,4,8,2,2024,2,1,1,5,1,3,7
3,7,1,3,2,3,4,9,2,2024,2,1,1,4,2,1,7
3,6,1,1,2,2,4,9,1,2024,2,1,1,1,5,2,3
3,7,2,3,2,3,4,11,2,2024,2,1,1,4,3,2,7
3,6,2,3,2,2,4,5,2,2024,2,1,1,5,3,2,4
3,5,2,4,1,1,4,3,3,2024,2,1,1,6,1,2,7
3,6,1,4,2,2,4,7,3,2024,2,1,1,6,5,1,7
3,7,2,2,2,4,4,7,2,2024,2,1,1,3,3,2,3
3,6,1,3,2,2,4,5,2,2024,2,1,1,5,1,2,5
3,7,2,3,1,1,4,4,2,2024,2,1,1,4,1,2,5
3,6,2,4,2,2,4,6,3,2024,2,1,1,5,1,2,5
3,7,2,1,2,2,4,8,1,2024,2,1,1,1,2,2,3
3,6,1,3,1,1,4,6,2,2024,2,1,1,4,5,2,7
3,6,2,4,1,1,3,5,3,2024,3,3,1,6,1,2,4
3,7,2,1,1,1,3,5,1,2024,3,3,1,1,5,2,2
3,6,1,3,2,2,3,6,2,2024,3,3,1,5,5,2,5
3,6,2,2,2,4,3,6,2,2024,3,3,1,3,3,2,2
3,7,2,1,1,1,3,4,1,2024,3,3,1,1,3,1,2
3,5,1,4,2,2,3,6,3,2024,3,3,1,5,5,2,5
3,6,1,3,2,3,3,9,2,2024,3,3,1,4,5,2,5
2,5,1,3,1,1,3,4,2,2024,3,3,1,5,2,2,5
3,5,1,2,1,1,3,4,2,2024,3,3,1,2,5,2,2
3,5,1,4,2,2,3,5,3,2024,3,3,1,6,1,2,6
3,6,1,3,2,3,3,7,2,2024,3,3,1,4,1,2,5
3,6,2,3,1,1,3,5,2,2024,3,3,1,4,3,2,4
3,6,2,3,2,3,3,6,2,2024,3,3,1,4,1,1,5
3,6,2,4,1,1,3,4,3,2024,3,3,1,5,1,2,6
3,7,2,1,1,1,3,5,1,2024,3,1,1,2,5,2,3
3,7,2,2,1,1,3,4,2,2024,3,1,1,3,2,2,6
3,6,1,2,2,3,3,8,2,2024,3,1,1,2,2,2,3
3,6,2,4,2,2,3,6,3,2024,3,1,1,6,1,2,6
3,5,1,4,2,2,3,7,3,2024,3,1,1,5,1,2,5
3,6,2,3,2,2,3,5,2,2024,3,1,1,5,3,2,5
3,6,1,3,2,2,3,6,2,2024,3,1,1,4,1,2,4
3,6,2,2,2,2,3,6,2,2024,3,1,1,2,1,2,2
3,5,1,4,2,2,3,6,3,2024,3,1,1,5,1,1,4
2,5,1,4,1,1,3,5,3,2024,3,1,1,6,1,2,6
3,5,2,4,2,2,3,5,3,2024,3,1,1,6,2,2,5
3,6,1,3,2,4,3,7,2,2024,3,1,1,4,2,2,5
3,6,2,3,1,1,3,5,2,2024,3,1,1,4,2,2,6
3,6,1,3,2,3,3,5,2,2024,3,1,1,4,1,2,5
3,7,1,2,2,2,3,7,2,2024,3,1,1,2,2,2,3
3,7,1,1,2,2,3,6,1,2024,3,1,1,1,5,2,2
3,7,2,2,2,2,3,7,2,2024,3,1,1,2,1,2,2
3,7,2,2,2,3,3,7,2,2024,3,1,1,3,1,1,3
3,7,2,3,2,3,3,7,2,2024,3,1,1,4,2,1,4
3,7,2,3,2,2,3,6,2,2024,3,1,1,5,3,3,3
3,7,1,2,2,3,3,8,2,2024,3,1,1,3,3,2,3
3,7,1,4,2,2,3,8,3,2024,3,1,1,6,3,2,4
3,8,2,2,1,1,3,5,2,2024,3,1,1,2,2,2,3
3,8,2,2,1,1,3,5,2,2024,3,1,1,2,2,3,2
3,8,2,1,1,1,3,5,1,2024,3,1,1,2,2,2,2
3,2,2,2,2,2,3,3,2,2024,4,3,1,2,5,2,5
3,4,1,3,2,5,3,7,2,2024,4,3,1,5,5,3,4
3,3,1,4,2,2,3,4,3,2024,4,3,1,6,5,3,6
3,4,1,1,2,5,3,6,1,2024,4,3,1,1,5,2,4
3,1,1,3,1,1,3,3,2,2024,4,3,1,4,2,3,3
2,4,2,1,1,1,3,4,1,2024,4,3,1,1,5,3,2
3,3,2,1,2,3,3,4,1,2024,4,3,1,2,5,3,3
2,4,2,3,1,1,3,3,2,2024,4,2,1,5,2,3,3
3,3,2,4,2,4,3,5,3,2024,4,3,1,6,5,2,4
3,3,1,4,2,2,3,3,3,2024,4,2,1,6,5,3,6
3,2,1,4,1,1,3,2,3,2024,4,2,1,5,5,2,4
2,6,1,3,2,2,3,5,2,2024,4,2,1,4,1,2,4
2,3,1,4,2,2,3,3,3,2024,4,3,1,5,5,3,5
3,2,2,4,1,1,3,2,3,2024,4,3,1,5,2,2,4
2,1,2,4,1,1,3,2,3,2024,4,3,1,6,1,3,2
3,0,1,1,2,3,3,3,1,2024,4,3,1,1,5,3,3
2,5,2,3,1,1,3,5,2,2024,4,3,1,4,5,1,2
3,2,1,3,1,1,3,4,2,2024,4,3,1,4,5,3,4
3,5,2,4,1,1,3,3,3,2024,4,1,1,6,2,2,3
3,3,2,4,1,1,3,3,3,2024,4,1,1,6,5,3,4
3,3,2,4,1,1,3,3,3,2024,4,1,1,6,5,2,4
2,5,1,1,1,1,3,4,1,2024,4,1,1,2,5,2,1
3,5,1,4,2,2,3,4,3,2024,4,1,1,6,5,3,7
3,6,1,2,2,4,3,8,2,2024,4,1,1,2,5,3,2
3,6,1,2,2,2,3,4,2,2024,4,1,1,3,5,2,3
3,7,2,4,2,2,3,4,3,2024,4,1,1,6,2,2,5
3,5,1,3,2,4,3,4,2,2024,4,1,1,4,5,2,4
3,4,2,3,1,1,3,4,2,2024,4,1,1,4,5,1,3
3,6,2,2,1,1,3,5,2,2024,4,1,1,3,5,2,3
3,6,2,3,2,2,3,7,2,2024,4,1,1,4,5,2,4
3,5,2,2,1,1,3,5,2,2024,4,1,1,3,5,3,3
3,5,2,2,2,4,3,6,2,2024,4,1,1,3,2,2,3
3,4,2,1,1,1,3,4,1,2024,4,1,1,1,5,2,1
3,4,1,1,2,4,3,8,1,2024,4,1,1,1,5,1,1
3,3,1,1,2,4,3,8,1,2024,4,1,1,1,5,2,3
3,6,1,3,1,1,3,4,2,2024,4,1,1,5,5,3,1
2,6,2,3,2,3,3,7,2,2024,4,1,1,4,5,1,4
2,4,2,3,2,2,3,3,2,2024,4,1,1,5,5,1,5
3,3,2,4,1,1,3,3,3,2024,4,1,1,6,2,1,6
3,5,2,1,2,3,3,5,1,2024,4,1,1,2,5,1,3
3,5,1,2,2,4,3,5,2,2024,4,1,1,3,5,1,3
2,2,2,4,2,2,3,3,3,2024,4,1,1,6,2,1,6
3,3,1,4,2,2,3,3,3,2024,4,1,1,6,2,1,6
3,5,2,2,1,1,3,6,2,2024,4,1,1,3,5,3,5
3,3,2,4,2,2,3,4,3,2024,4,1,1,6,5,3,7
2,5,2,3,2,3,3,5,2,2024,4,1,1,4,2,1,3
3,5,2,3,2,3,3,5,2,2024,4,1,1,4,2,1,5
3,7,2,1,2,4,3,6,1,2024,4,1,1,1,5,1,3
3,6,2,3,2,5,3,5,2,2024,4,1,1,4,2,2,2
3,6,2,3,2,2,3,6,2,2024,4,1,1,5,5,1,4
3,6,2,1,2,3,3,5,1,2024,4,1,1,1,2,2,4
3,5,2,2,2,4,3,5,2,2024,4,1,1,2,5,1,5
3,6,2,3,2,2,3,4,2,2024,4,1,1,4,3,2,4
3,6,2,2,1,1,3,4,2,2024,4,1,1,3,2,2,3
3,4,1,1,2,4,3,8,1,2024,4,1,1,1,5,2,4
3,6,1,2,1,1,6,4,2,2024,6,2,1,3,5,3,2
3,5,1,1,1,1,6,5,1,2024,6,3,1,2,2,3,3
3,5,1,3,2,2,6,5,2,2024,6,3,1,4,2,1,3
3,5,1,3,2,3,6,6,2,2024,6,3,1,4,5,2,3
3,5,1,3,2,3,6,9,2,2024,6,3,1,4,5,3,2
3,2,2,4,1,1,6,2,3,2024,6,3,1,6,2,1,4
3,5,2,4,1,1,6,4,3,2024,6,2,1,6,2,1,5
2,5,2,4,2,2,6,7,3,2024,6,2,1,5,2,1,6
2,5,2,4,1,1,6,2,3,2024,6,2,1,5,2,1,6
3,7,2,4,1,1,6,2,3,2024,6,3,1,5,2,1,4
2,6,1,4,2,3,6,6,3,2024,6,3,1,5,5,1,4
3,6,1,4,2,2,6,7,3,2024,6,3,1,5,5,1,4
3,5,1,3,2,3,6,9,2,2024,6,3,1,5,5,3,3
3,5,1,3,1,1,6,4,2,2024,6,2,1,4,5,1,3
3,4,1,3,1,1,6,4,2,2024,6,2,1,4,5,3,3
3,7,2,4,1,1,6,2,3,2024,6,3,1,6,2,1,6
3,8,2,4,1,1,6,2,3,2024,6,3,1,6,5,1,5
3,7,1,4,2,2,6,6,3,2024,6,2,1,6,5,2,7
3,8,1,4,2,2,6,4,3,2024,6,3,1,5,5,1,4
2,8,1,4,2,2,6,4,3,2024,6,3,1,5,5,3,7
3,7,1,3,1,1,6,4,2,2024,6,3,1,4,5,3,4
3,7,1,3,2,3,6,4,2,2024,6,3,1,4,5,1,4
3,8,1,3,2,2,6,6,2,2024,6,3,1,4,5,2,4
2,4,1,3,2,2,6,5,2,2024,6,3,1,4,5,2,2
3,3,2,4,2,2,6,4,3,2024,6,3,1,5,5,3,5
3,3,2,3,1,1,6,3,2,2024,6,3,1,4,1,3,4
2,5,2,3,2,2,6,5,2,2024,6,3,1,4,3,2,2
3,4,1,4,2,2,6,5,3,2024,6,3,1,5,5,2,4
2,5,2,3,2,2,6,6,2,2024,6,3,1,4,2,3,3
2,7,2,1,1,1,6,5,1,2024,6,3,1,1,5,3,1
2,5,2,1,1,1,6,5,1,2024,6,2,1,2,2,2,1
3,4,2,1,1,1,6,4,1,2024,6,2,1,1,5,2,1
3,5,1,3,2,2,6,5,2,2024,6,2,1,4,5,2,7
3,5,2,3,2,3,6,6,2,2024,6,3,1,4,5,3,3
3,3,1,4,2,2,6,4,3,2024,6,2,1,6,5,3,7
2,5,1,3,2,2,6,5,2,2024,6,1,1,4,1,3,4
3,7,2,3,2,3,6,8,2,2024,6,1,1,4,5,3,5
2,5,1,2,1,1,6,6,2,2024,6,1,1,3,5,1,2
3,5,1,2,2,3,6,6,2,2024,6,1,1,3,2,2,3
3,7,1,3,2,3,6,8,2,2024,6,1,1,4,5,3,4
3,5,1,3,2,4,6,8,2,2024,6,1,1,4,3,3,7
3,5,1,2,1,1,6,6,2,2024,6,1,1,3,5,2,2
3,7,1,3,2,3,6,8,2,2024,6,1,1,5,5,3,6
3,6,2,3,2,4,6,9,2,2024,6,1,1,4,5,2,5
3,6,2,3,2,3,6,10,2,2024,6,1,1,4,5,3,4
3,7,2,3,2,2,3,7,2,2024,7,1,1,5,5,2,5
3,8,2,4,2,2,3,6,3,2024,7,1,1,5,2,1,7
3,7,1,3,2,3,3,6,2,2024,7,1,1,4,5,2,3
3,7,2,1,1,1,3,5,1,2024,7,1,1,2,5,3,5
3,8,1,1,1,1,3,6,1,2024,7,1,1,2,5,3,3
3,8,2,2,1,1,3,6,2,2024,7,1,1,3,5,1,4
3,7,2,3,2,2,3,7,2,2024,7,1,1,4,2,2,5
3,7,2,1,2,3,3,7,1,2024,7,1,1,2,5,2,5
3,6,1,3,2,2,3,7,2,2024,7,1,1,5,5,2,5
3,7,2,4,1,1,3,3,3,2024,7,1,1,6,5,2,2
3,7,1,1,2,3,3,8,1,2024,7,1,1,1,5,1,4
3,8,2,3,2,2,3,9,2,2024,7,1,1,4,5,2,5
3,7,1,3,2,2,3,5,2,2024,7,1,1,5,2,2,7
3,7,2,3,2,4,3,7,2,2024,7,1,1,4,2,1,5
3,7,2,3,1,1,3,3,2,2024,7,3,1,5,5,2,1
3,8,1,1,1,1,3,5,1,2024,7,3,1,2,5,1,2
3,8,1,3,2,3,3,7,2,2024,7,3,1,4,5,2,5
3,7,1,1,2,3,3,7,1,2024,7,4,1,1,5,2,4
3,7,2,3,2,2,3,7,2,2024,7,3,1,5,5,1,5
3,7,1,4,2,2,3,4,3,2024,7,3,1,6,5,2,5
3,7,1,2,2,3,3,7,2,2024,7,3,1,3,2,1,2
3,7,1,3,2,2,3,6,2,2024,7,3,1,5,5,3,5
3,8,2,1,2,2,3,6,1,2024,7,3,1,1,5,1,4
3,7,1,4,1,1,3,4,3,2024,7,3,1,5,5,3,4
3,7,1,3,2,3,3,7,2,2024,7,3,1,4,2,3,5
3,7,1,3,2,2,3,7,2,2024,7,3,1,4,1,3,7
3,7,2,4,1,1,3,3,3,2024,7,3,1,6,2,1,4
3,7,1,3,2,2,3,6,2,2024,7,3,1,4,5,2,6
3,7,2,3,1,1,3,5,2,2024,7,3,1,4,1,2,7
3,5,1,3,1,1,3,5,2,2024,7,2,1,4,5,1,7
3,4,2,4,1,1,3,2,3,2024,7,3,1,6,5,2,4
2,3,1,4,2,3,3,5,3,2024,7,3,1,6,5,1,7
3,7,2,4,1,1,3,4,3,2024,7,3,1,5,5,2,5
3,4,2,3,2,4,3,8,2,2024,7,3,1,4,5,1,4
3,3,2,2,1,1,3,4,2,2024,7,3,1,3,5,1,2
3,5,1,3,2,3,3,7,2,2024,7,3,1,4,5,2,5
3,5,2,2,2,3,3,7,2,2024,7,3,1,3,5,1,3
3,5,2,3,2,3,3,7,2,2024,7,3,1,4,5,1,4
3,7,1,3,2,2,3,7,2,2024,7,3,1,5,5,1,5
3,8,1,3,2,2,3,7,2,2024,7,3,1,4,3,3,5
3,7,1,1,2,2,3,5,1,2024,7,3,1,2,5,3,5
3,7,1,4,2,3,3,5,3,2024,7,3,1,6,5,2,7
3,8,2,4,1,1,3,3,3,2024,7,3,1,5,5,2,2
3,7,1,3,1,1,3,4,2,2024,7,3,1,5,5,2,6
2,0,1,4,1,1,3,2,3,2024,8,2,1,6,5,2,7
2,3,1,1,2,3,3,6,1,2024,8,3,1,1,5,1,1
2,2,2,4,1,1,3,2,3,2024,8,4,1,6,5,1,3
2,7,2,4,2,2,3,5,3,2024,8,4,1,6,5,2,6
3,4,1,1,2,4,3,7,1,2024,8,3,1,1,2,2,1
2,4,2,4,1,1,3,2,3,2024,8,3,1,6,1,2,2
2,5,1,2,2,4,3,7,2,2024,8,3,1,3,5,2,3
2,5,1,3,2,4,3,8,2,2024,8,3,1,4,5,3,7
3,2,2,3,2,2,3,5,2,2024,8,3,1,5,5,1,3
2,2,2,1,2,3,3,7,1,2024,8,3,1,1,5,1,1
2,5,1,4,2,4,3,12,3,2024,8,2,1,5,5,2,7
2,5,2,4,2,2,3,4,3,2024,8,2,1,6,5,1,6
2,3,2,4,2,2,3,4,3,2024,8,2,1,6,2,1,5
3,3,2,4,1,1,3,3,3,2024,8,3,1,5,1,2,6
2,3,1,4,2,3,3,8,3,2024,8,2,1,6,5,2,6
2,2,1,2,2,2,3,4,2,2024,8,3,1,3,5,1,6
3,3,1,1,1,1,3,7,1,2024,8,2,1,2,5,2,5
3,4,1,4,2,3,3,5,3,2024,8,2,1,6,5,2,6
2,4,2,3,2,2,3,6,2,2024,8,3,1,4,5,1,5
2,2,1,4,2,2,3,3,3,2024,8,3,1,6,5,1,6
2,5,2,3,2,2,3,7,2,2024,8,2,1,4,5,1,7
3,5,2,1,2,3,3,8,1,2024,8,3,1,1,5,1,4
2,5,2,2,2,3,3,7,2,2024,8,2,1,2,5,1,3
2,5,1,3,2,3,3,8,2,2024,8,2,1,5,5,2,5
3,5,1,3,2,3,3,5,2,2024,8,2,1,5,5,1,7
2,1,1,4,1,1,3,2,3,2024,8,2,1,5,5,1,6
3,4,2,3,2,2,3,5,2,2024,8,3,1,4,2,1,6
3,3,2,3,2,3,3,4,2,2024,8,2,1,5,5,1,3
3,5,2,4,2,2,3,4,3,2024,8,2,1,6,5,2,7
3,4,1,4,1,1,3,3,3,2024,8,3,1,6,5,1,3
2,5,1,3,2,2,3,5,2,2024,8,2,1,5,5,1,5
3,4,2,4,2,3,3,4,3,2024,8,1,1,6,5,1,5
3,3,1,3,2,4,3,7,2,2024,8,1,1,5,5,2,5
3,7,1,3,1,1,3,7,2,2024,8,1,1,4,5,2,3
3,4,1,1,2,3,3,8,1,2024,8,1,1,1,5,2,4
2,3,2,4,2,2,3,4,3,2024,8,1,1,6,1,1,7
2,3,1,3,2,2,3,5,2,2024,8,1,1,4,5,1,3
2,3,2,4,1,1,3,3,3,2024,8,1,1,5,5,1,3
3,5,1,3,2,4,3,11,2,2024,8,1,1,4,5,2,6
3,5,2,2,1,1,3,6,2,2024,8,1,1,2,5,1,2
3,5,1,2,1,1,3,7,2,2024,8,1,1,2,5,1,1
3,4,1,3,2,2,3,8,2,2024,8,1,1,4,2,1,6
3,3,2,4,1,1,3,3,3,2024,8,1,1,5,1,1,7
3,3,2,3,1,1,3,3,2,2024,8,1,1,4,5,1,5
3,5,1,4,1,1,3,5,3,2024,8,1,1,5,3,2,5
3,5,2,4,1,1,3,3,3,2024,8,1,1,5,2,2,6
2,5,1,3,2,3,3,11,2,2024,8,1,1,4,5,2,6
3,4,1,3,2,4,3,8,2,2024,8,1,1,4,3,2,5
3,4,2,2,2,3,3,8,2,2024,8,1,1,3,5,2,5
3,4,1,2,1,1,3,6,2,2024,8,1,1,2,5,1,2
3,2,2,3,2,2,1,5,2,2024,10,3,1,4,5,3,4
3,2,2,3,2,2,1,4,2,2024,10,3,1,4,5,2,4
3,2,2,2,2,3,1,6,2,2024,10,3,1,3,5,2,2
3,5,1,1,1,1,1,4,1,2024,10,3,1,1,5,2,2
2,5,2,3,2,2,1,8,2,2024,10,3,1,4,2,2,5
3,3,2,3,1,1,1,3,2,2024,10,3,1,4,5,1,6
3,2,1,2,2,2,1,6,2,2024,10,2,1,2,5,2,1
3,7,1,3,2,2,1,6,2,2024,10,2,1,4,5,2,4
3,3,2,3,2,2,1,5,2,2024,10,2,1,4,5,2,3
3,2,2,3,2,2,1,4,2,2024,10,2,1,5,5,2,5
3,2,1,3,2,3,1,6,2,2024,10,2,1,4,5,2,4
3,2,2,3,2,2,1,4,2,2024,10,2,1,4,5,3,5
3,3,1,1,1,1,1,4,1,2024,10,2,1,1,5,3,1
3,2,2,4,1,1,1,2,3,2024,10,2,1,6,2,2,6
3,3,2,3,2,2,1,5,2,2024,10,2,1,5,2,2,3
3,2,2,3,1,1,1,3,2,2024,10,2,1,5,5,2,3
3,3,2,3,2,3,1,6,2,2024,10,1,1,4,5,2,3
3,3,2,2,2,4,1,7,2,2024,10,1,1,3,5,2,2
3,7,1,2,1,1,1,5,2,2024,10,1,1,2,5,2,2
3,2,2,3,1,1,1,4,2,2024,10,1,1,4,2,2,3
3,8,2,4,2,2,1,5,3,2024,10,1,1,5,2,3,5
3,3,2,3,2,2,1,6,2,2024,10,1,1,5,5,2,5
3,3,1,4,2,2,1,4,3,2024,10,1,1,6,5,2,5
3,2,1,3,2,2,1,5,2,2024,10,1,1,4,5,2,3
3,3,2,3,2,2,1,5,2,2024,10,1,1,4,5,2,4
3,6,2,4,2,2,1,4,3,2024,10,1,1,6,5,2,6
3,5,2,2,2,2,1,7,2,2024,10,3,1,2,2,2,2
3,5,1,1,1,1,1,5,1,2024,10,3,1,2,5,2,3
3,7,2,2,1,1,1,3,2,2024,10,3,1,3,5,2,1
3,7,1,3,2,3,1,5,2,2024,10,3,1,4,5,2,2
3,7,1,3,2,2,1,4,2,2024,10,3,1,5,5,2,2
2,6,1,4,1,1,1,3,3,2024,10,3,1,6,5,2,5
3,6,1,3,2,3,1,5,2,2024,10,3,1,4,5,2,3
3,7,1,3,2,3,1,4,2,2024,10,3,1,4,5,2,2
3,7,2,1,1,1,1,5,1,2024,10,3,1,1,5,2,3
3,7,2,3,1,1,1,4,2,2024,10,3,1,5,5,3,4
3,7,2,3,1,1,1,3,2,2024,10,3,1,4,5,2,3
3,6,1,2,2,3,1,6,2,2024,10,3,1,3,5,2,4
3,7,2,3,2,3,1,6,2,2024,10,3,1,4,5,2,2
3,7,2,4,1,1,1,3,3,2024,10,3,1,6,5,2,5
3,8,2,1,2,2,1,6,1,2024,10,1,1,1,5,2,1
3,7,1,2,2,3,1,5,2,2024,10,1,1,3,5,2,3
3,7,2,2,2,3,1,5,2,2024,10,1,1,3,5,2,3
3,7,1,3,2,3,1,5,2,2024,10,1,1,4,5,2,3
3,6,1,3,2,3,1,6,2,2024,10,1,1,4,5,2,3
3,7,2,3,2,2,1,5,2,2024,10,1,1,5,5,2,3
3,6,2,3,1,1,1,4,2,2024,10,1,1,5,5,2,3
3,8,2,3,2,3,3,8,2,2024,5,1,1,4,3,3,3
3,7,1,1,2,2,3,5,1,2024,5,1,1,2,5,1,2
3,7,1,3,2,3,3,8,2,2024,5,1,1,4,3,3,3
3,8,1,2,2,3,3,6,2,2024,5,1,1,3,2,2,3
3,8,2,1,2,2,3,6,1,2024,5,1,1,1,3,3,2
3,8,2,4,2,2,3,4,3,2024,5,1,1,6,1,1,5
3,7,2,4,2,2,3,7,3,2024,5,1,1,5,1,3,4
3,8,1,3,2,2,3,6,2,2024,5,1,1,5,5,2,3
3,8,1,3,2,2,3,6,2,2024,5,1,1,5,5,2,3
3,8,1,3,2,2,3,6,2,2024,5,1,1,5,1,2,2
3,8,2,3,2,2,3,5,2,2024,5,4,1,5,2,3,4
3,7,2,2,2,3,3,7,2,2024,5,4,1,3,2,3,3
3,6,2,3,2,2,3,5,2,2024,5,4,1,5,2,2,4
3,7,2,3,1,1,3,4,2,2024,5,4,1,4,2,3,3
3,8,2,2,1,1,3,4,2,2024,5,4,1,3,2,3,3
3,7,2,3,2,2,3,7,2,2024,5,4,1,5,2,3,4
3,7,2,3,2,2,3,5,2,2024,5,4,1,4,2,3,3
3,7,2,2,2,4,3,6,2,2024,5,4,1,3,2,2,3
3,6,1,2,2,4,3,7,2,2024,5,4,1,3,2,2,4
3,7,2,3,1,1,3,4,2,2024,5,4,1,5,2,2,3
3,8,1,3,1,1,3,6,2,2024,5,1,1,5,5,2,2
3,8,2,3,2,3,3,9,2,2024,5,1,1,4,5,2,3
3,7,2,1,2,2,3,4,1,2024,5,1,1,1,5,2,1
3,7,2,1,2,2,3,3,1,2024,5,1,1,1,5,2,1
3,8,2,4,1,1,3,3,3,2024,5,1,1,6,5,3,4
3,8,2,2,2,2,3,10,2,2024,5,1,1,3,5,2,3
3,8,2,3,2,2,3,7,2,2024,5,1,1,5,5,2,4
3,8,2,3,2,2,3,9,2,2024,5,1,1,4,1,1,3
3,7,2,3,1,1,3,5,2,2024,5,1,1,4,3,2,2
3,7,2,3,1,1,3,4,2,2024,5,1,1,5,1,1,2
1,7,2,3,2,2,3,11,2,2024,5,1,1,4,3,2,4
2,6,1,3,2,3,3,8,2,2024,5,1,1,4,1,2,3
2,6,2,3,2,2,3,11,2,2024,5,1,1,4,1,2,3
3,7,2,3,2,2,3,8,2,2024,5,1,1,5,5,2,5
3,6,2,4,1,1,3,7,3,2024,5,1,1,5,1,2,3
2,7,1,4,2,2,3,7,3,2024,5,1,1,6,5,2,4
2,6,1,4,2,2,3,7,3,2024,5,1,1,6,1,3,3
1,7,2,2,2,3,3,7,2,2024,5,1,1,3,1,3,2
2,6,2,2,2,3,3,10,2,2024,5,1,1,2,1,1,3
3,7,2,3,2,2,3,9,2,2024,5,1,1,4,2,3,2
3,8,2,3,2,2,3,7,2,2024,5,1,1,4,5,2,2
3,8,1,3,2,3,3,10,2,2024,5,1,1,4,5,3,3
3,8,1,3,2,3,3,9,2,2024,5,1,1,4,5,2,3
3,6,2,3,1,1,3,5,2,2024,5,1,1,5,1,1,3
3,7,2,4,2,2,3,5,3,2024,5,1,1,6,1,1,5
3,7,1,4,1,1,3,5,3,2024,5,1,1,6,1,1,5
3,7,2,3,2,3,3,10,2,2024,5,1,1,4,5,1,3
3,6,2,3,1,1,3,5,2,2024,5,1,1,4,2,1,2
3,6,1,1,1,1,3,5,1,2024,5,1,1,1,5,1,3
3,6,1,4,2,2,3,6,3,2024,5,1,1,5,3,2,4
2,5,2,4,1,1,3,4,3,2024,5,1,1,5,5,1,5
3,6,1,2,2,4,3,9,2,2024,5,1,1,3,5,3,3
3,5,2,2,1,1,3,6,2,2024,5,1,1,3,5,2,3
3,7,2,3,2,2,3,9,2,2024,5,1,1,5,5,2,3
3,8,1,3,2,3,3,9,2,2024,5,1,1,4,5,3,4
3,7,2,4,1,1,3,5,3,2024,5,1,1,6,3,2,5
3,8,2,3,2,3,3,8,2,2024,5,1,1,4,5,2,4
3,8,1,2,2,4,3,10,2,2024,5,1,1,3,5,2,4
2,4,2,3,1,1,3,5,2,2024,5,1,1,4,2,1,4
2,6,1,3,2,4,3,10,2,2024,5,1,1,4,5,1,4
2,6,2,3,2,3,3,8,2,2024,5,1,1,4,5,2,3
2,5,2,4,1,1,3,4,3,2024,5,1,1,6,1,1,3
3,8,1,3,2,2,3,6,2,2024,5,1,1,5,5,1,4
3,7,2,1,2,3,3,5,1,2024,5,1,1,2,5,2,4
3,7,1,3,2,2,3,6,2,2024,5,1,1,4,5,1,5
3,6,1,4,1,1,3,3,3,2024,5,1,1,6,5,2,5
3,7,2,4,2,2,3,8,3,2024,5,1,1,5,2,3,5
3,6,2,1,2,2,3,5,1,2024,9,1,1,1,2,2,1
3,7,1,1,1,1,3,5,1,2024,9,1,1,1,5,2,1
3,6,1,1,2,3,3,8,1,2024,9,1,1,2,5,2,3
3,7,1,3,2,3,3,6,2,2024,9,1,1,4,5,2,5
3,6,2,3,2,3,3,5,2,2024,9,1,1,4,2,2,3
3,7,1,3,2,3,3,8,2,2024,9,1,1,5,5,2,4
3,7,1,1,2,2,3,6,1,2024,9,1,1,1,5,2,1
3,7,2,2,2,3,3,7,2,2024,9,1,1,3,2,2,3
3,7,2,3,2,3,3,6,2,2024,9,1,1,4,3,2,2
3,7,1,3,2,3,3,9,2,2024,9,1,1,5,5,2,5
3,6,2,4,2,2,3,5,3,2024,9,1,1,5,1,2,4
3,7,1,2,2,2,3,7,2,2024,9,1,1,3,5,2,2
3,7,1,3,2,3,3,5,2,2024,9,1,1,4,5,2,3
3,7,1,2,2,3,3,5,2,2024,9,1,1,3,5,2,3
3,6,1,3,2,2,3,6,2,2024,9,1,1,5,5,2,4
3,7,1,4,2,3,3,5,3,2024,9,1,1,6,3,2,5
3,6,1,3,2,3,3,5,2,2024,9,1,1,4,5,2,3
3,6,2,4,1,1,3,3,3,2024,9,1,1,6,1,2,5
3,7,2,3,1,1,3,4,2,2024,9,1,1,4,1,2,4
3,7,2,3,2,3,3,4,2,2024,9,1,1,4,5,2,3
3,7,1,4,1,1,3,5,3,2024,9,1,1,5,5,2,3
3,6,1,3,2,3,3,6,2,2024,9,1,1,5,5,2,3
3,6,2,3,2,3,3,6,2,2024,9,1,1,5,2,2,3
3,7,2,3,1,1,3,6,2,2024,9,1,1,5,3,2,5
3,7,2,3,2,3,3,7,2,2024,9,1,1,4,3,2,4
3,7,1,3,2,2,3,5,2,2024,9,1,1,5,3,2,3
3,6,1,4,1,1,3,5,3,2024,9,1,1,6,5,2,5
3,7,2,4,2,2,3,3,3,2024,9,1,1,6,2,2,6
3,6,2,3,2,3,3,5,2,2024,9,1,1,5,3,1,4
3,7,2,4,1,1,3,4,3,2024,9,1,1,6,5,2,4
3,6,2,4,1,1,3,4,3,2024,9,1,1,5,2,2,4
3,8,2,4,1,1,2,4,3,2024,13,1,2,6,2,3,5
3,8,2,4,2,2,2,4,3,2024,13,1,2,5,2,3,4
3,8,1,1,1,1,2,5,1,2024,13,1,2,2,5,2,1
3,7,1,2,2,3,2,5,2,2024,13,1,2,3,5,3,1
3,8,1,3,2,3,2,9,2,2024,13,1,2,4,5,3,1
3,7,2,3,2,4,2,11,2,2024,13,1,2,4,5,3,1
3,5,1,3,1,1,2,5,2,2024,13,1,2,5,5,3,4
3,6,1,4,2,2,2,6,3,2024,11,3,2,5,2,1,4
3,4,2,4,2,2,2,5,3,2024,11,3,2,6,1,1,6
3,4,1,3,2,4,2,7,2,2024,11,3,2,4,1,2,5
3,5,2,1,2,4,2,7,1,2024,11,3,2,2,1,3,3
3,3,1,1,2,4,2,5,1,2024,11,3,2,1,5,3,3
2,4,2,3,1,1,2,4,2,2024,11,3,2,4,2,1,5
2,5,2,3,2,2,2,6,2,2024,11,1,2,4,1,1,5
3,6,1,4,2,2,2,5,3,2024,11,1,2,5,5,3,4
3,5,1,3,1,1,2,5,2,2024,11,1,2,4,1,1,3
2,4,1,1,1,1,2,5,1,2024,11,1,2,2,5,1,2
3,6,1,1,1,1,2,4,1,2024,11,1,2,1,5,1,3
3,7,2,2,2,4,2,9,2,2024,11,1,2,3,1,1,3
3,8,1,1,2,2,2,7,1,2024,12,2,2,2,3,2,2
3,7,1,3,2,3,2,8,2,2024,12,3,2,5,3,3,4
3,7,1,4,2,2,2,5,3,2024,12,3,2,6,3,3,4
3,7,2,3,2,3,2,5,2,2024,12,2,2,4,3,2,4
3,6,2,3,2,2,2,5,2,2024,12,2,2,5,1,2,4
3,8,2,3,1,1,2,4,2,2024,12,2,2,5,2,3,3
3,8,1,2,1,1,2,5,2,2024,12,2,2,3,2,3,4
3,8,2,3,1,1,2,4,2,2024,12,2,2,4,2,1,3
3,8,1,3,1,1,2,4,2,2024,12,2,2,4,2,2,3
3,7,2,2,1,1,2,7,2,2024,12,3,2,2,5,2,2
3,7,2,2,1,1,2,7,2,2024,12,3,2,2,1,2,3
3,7,2,1,1,1,2,4,1,2024,12,3,2,1,5,2,1
3,7,2,2,2,3,2,5,2,2024,12,3,2,2,5,2,2
3,7,2,3,2,3,2,5,2,2024,12,3,2,5,5,1,4
3,7,2,3,2,3,2,4,2,2024,12,3,2,4,5,2,4
3,6,2,4,1,1,2,2,3,2024,12,3,2,6,1,1,5
3,7,1,3,2,3,2,5,2,2024,12,3,2,5,5,2,5
3,7,1,3,2,3,2,6,2,2024,12,3,2,4,1,2,5
3,7,2,3,1,1,2,4,2,2024,12,3,2,4,2,2,3
3,7,2,4,1,1,2,4,3,2024,12,3,2,6,2,1,3
3,7,1,3,1,1,2,5,2,2024,12,3,2,5,2,2,3
3,6,2,1,2,3,2,1,1,2024,12,3,2,1,3,2,4
3,7,2,2,2,4,2,11,2,2024,12,3,2,3,1,2,3
3,7,1,2,2,3,2,6,2,2024,12,3,2,3,5,2,3
3,7,1,3,2,2,2,9,2,2024,12,3,2,4,5,2,5
3,7,1,2,1,1,2,4,2,2024,12,1,2,2,2,2,2
3,7,1,2,2,2,2,5,2,2024,12,1,2,3,2,1,1
2,7,1,3,2,2,2,5,2,2024,12,1,2,5,2,3,3
3,8,1,2,2,2,2,5,2,2024,12,1,2,3,2,3,3
3,8,1,3,2,2,2,6,2,2024,12,1,2,4,2,2,3
3,8,2,3,1,1,2,4,2,2024,12,1,2,5,2,2,4
3,8,1,4,1,1,2,5,3,2024,12,1,2,6,2,2,3
3,8,1,4,1,1,2,5,3,2024,12,1,2,5,2,2,4
3,8,2,3,1,1,2,5,2,2024,12,1,2,5,2,3,3
3,8,2,4,2,2,2,5,3,2024,12,1,2,6,1,2,6
3,8,1,3,2,3,2,5,2,2024,12,3,2,5,2,2,4
3,8,1,3,2,2,2,5,2,2024,12,3,2,4,2,2,4
3,7,1,2,2,2,2,5,2,2024,12,3,2,2,2,3,3
3,9,2,3,1,1,2,4,2,2024,12,3,2,4,2,2,3
3,7,1,1,2,2,2,6,1,2024,12,3,2,2,2,2,3
3,8,1,4,2,2,2,5,3,2024,12,3,2,5,2,3,4
3,8,1,4,2,2,2,4,3,2024,12,3,2,6,2,2,5
3,8,2,3,1,1,2,4,2,2024,12,3,2,4,2,3,3
3,8,2,3,1,1,2,4,2,2024,12,3,2,5,2,3,5
3,7,2,3,1,1,2,1,2,2024,12,3,2,4,2,1,4
3,7,1,3,1,1,2,4,2,2024,12,4,2,4,2,2,4
3,7,1,4,2,2,2,4,3,2024,12,4,2,6,2,2,4
3,8,2,1,1,1,2,4,1,2024,12,4,2,1,2,3,2
3,8,2,2,1,1,2,4,2,2024,12,4,2,3,2,2,3
3,8,2,3,1,1,2,4,2,2024,12,4,2,5,2,2,3
3,7,1,2,1,1,2,5,2,2024,12,4,2,2,2,3,3
3,8,2,3,1,1,2,4,2,2024,12,4,2,5,2,2,3
3,9,1,4,1,1,2,4,3,2024,12,4,2,5,2,1,3
3,7,1,3,2,2,2,9,2,2024,12,3,2,5,1,2,5
3,9,1,2,2,3,2,6,2,2024,12,1,2,2,2,2,2
3,8,1,3,2,3,2,5,2,2024,12,1,2,5,2,1,3
3,9,1,2,2,3,2,6,2,2024,12,1,2,3,2,1,3
3,8,1,3,2,2,2,6,2,2024,12,1,2,4,2,2,3
3,8,2,3,2,2,2,6,2,2024,12,1,2,4,2,3,4
3,8,2,4,2,2,2,6,3,2024,12,1,2,6,2,3,4
3,7,2,4,1,1,2,4,3,2024,12,1,2,5,2,3,4
3,7,1,1,1,1,2,5,1,2024,12,1,2,1,2,2,3
3,8,2,3,1,1,2,5,2,2024,12,1,2,4,2,3,3
3,8,2,3,1,1,2,5,2,2024,12,1,2,4,2,3,4
3,8,1,1,2,3,2,7,1,2024,13,3,2,1,5,3,1
3,5,1,2,1,1,2,5,2,2024,12,3,2,2,5,1,1
3,7,2,3,2,2,2,8,2,2024,13,3,2,4,5,2,4
2,7,1,2,2,4,2,8,2,2024,13,3,2,3,5,2,4
3,6,2,4,1,1,2,4,3,2024,13,3,2,6,5,3,4
3,5,1,4,1,1,2,4,3,2024,13,3,2,6,5,1,5
3,5,1,3,2,3,2,5,2,2024,13,3,2,5,5,3,4
3,3,2,1,1,1,2,4,1,2024,13,3,2,1,5,2,1
3,8,2,2,2,3,2,7,2,2024,13,3,2,2,5,3,2
3,7,1,3,2,4,2,7,2,2024,13,3,2,4,5,2,4
3,7,2,3,2,4,2,9,2,2024,13,3,2,4,2,3,3
3,7,1,3,2,2,2,5,2,2024,13,3,2,5,5,3,1
3,8,2,3,1,1,2,4,2,2024,13,3,2,5,5,3,1
3,7,2,4,1,1,2,4,3,2024,13,3,2,6,5,2,1
3,6,2,3,2,2,2,7,2,2024,13,3,2,4,1,3,5
3,6,2,3,2,3,2,7,2,2024,13,3,2,4,1,3,3
3,6,2,3,1,1,2,4,2,2024,13,2,2,4,2,3,6
3,5,1,3,1,1,2,7,2,2024,13,3,2,4,5,3,4
3,5,2,1,2,2,2,3,1,2024,13,3,2,1,2,3,4
2,7,2,2,2,4,2,6,2,2024,13,3,2,3,5,1,4
3,8,2,3,2,3,2,7,2,2024,13,3,2,5,1,3,7
3,7,2,4,2,3,2,5,3,2024,13,2,2,5,5,3,7
3,7,1,1,1,1,2,6,1,2024,13,3,2,2,5,3,4
3,2,1,4,1,1,2,2,3,2024,13,3,2,5,5,2,6
2,1,1,3,1,1,2,2,2,2024,13,3,2,4,5,2,7
1,2,1,3,2,5,2,5,2,2024,13,1,2,4,2,2,5
2,3,2,1,2,5,2,6,1,2024,13,1,2,2,5,1,2
3,5,1,4,2,2,2,4,3,2024,13,1,2,6,2,3,7
2,6,2,4,2,2,2,3,3,2024,13,1,2,6,1,3,7
3,7,2,4,1,1,2,3,3,2024,13,1,2,6,1,3,7
3,5,1,1,2,4,2,8,1,2024,13,1,2,1,5,3,3
3,5,2,3,2,2,2,6,2,2024,14,1,2,5,5,3,5
3,4,1,1,2,3,2,6,1,2024,14,1,2,2,5,3,5
3,4,1,2,2,3,2,6,2,2024,14,1,2,3,5,3,3
3,3,2,2,2,3,2,6,2,2024,14,1,2,3,5,3,3
3,4,2,2,2,4,2,6,2,2024,14,1,2,3,2,3,3
3,5,2,2,2,4,2,7,2,2024,14,1,2,3,5,3,3
3,5,2,3,2,4,2,8,2,2024,14,1,2,4,3,3,5
3,3,1,1,2,3,2,5,1,2024,14,1,2,1,5,3,1
3,4,1,3,2,2,2,5,2,2024,14,1,2,5,2,3,5
3,4,2,3,1,1,2,5,2,2024,14,1,2,4,5,3,2
3,4,2,3,2,5,2,7,2,2024,14,1,2,4,5,3,5
3,3,1,3,2,2,2,5,2,2024,14,1,2,4,2,2,5
3,4,2,2,2,4,2,6,2,2024,14,1,2,2,2,3,2
3,4,1,1,2,4,2,7,1,2024,14,1,2,1,5,2,3
3,5,1,3,2,3,2,7,2,2024,14,1,2,4,3,3,6
3,5,2,4,2,2,2,5,3,2024,14,1,2,6,5,3,7
3,5,2,2,1,1,2,5,2,2024,14,1,2,2,5,3,1
2,7,1,3,2,4,2,9,2,2024,21,1,2,4,2,1,4
2,4,2,1,1,1,2,5,1,2024,21,1,2,1,2,1,2
2,5,2,4,2,2,2,5,3,2024,21,1,2,6,5,2,6
3,7,1,1,1,1,2,4,1,2024,21,1,2,2,5,1,2
3,6,2,3,2,4,2,8,2,2024,21,1,2,4,2,1,5
2,6,1,4,2,3,2,7,3,2024,21,1,2,5,2,1,3
3,4,2,3,1,1,2,4,2,2024,21,1,2,5,1,1,4
3,4,1,3,2,2,2,6,2,2024,14,1,2,5,5,3,5
3,4,2,3,2,2,2,6,2,2024,14,1,2,5,5,2,4
3,4,2,4,2,2,2,5,3,2024,14,1,2,5,5,3,3
3,4,2,4,2,2,2,5,3,2024,14,1,2,6,5,3,6
3,3,2,3,2,3,2,6,2,2024,14,1,2,4,5,3,2
3,3,2,4,1,1,2,3,3,2024,14,1,2,5,2,2,6
3,1,1,4,1,1,2,3,3,2024,14,1,2,5,5,3,7
3,1,1,4,2,3,2,5,3,2024,14,1,2,6,5,3,7
3,2,1,2,2,3,2,4,2,2024,14,1,2,2,5,2,3
3,2,1,3,2,2,2,4,2,2024,14,1,2,4,5,3,5
3,3,1,1,1,1,2,4,1,2024,14,1,2,2,5,2,1
3,1,1,3,2,2,2,5,2,2024,14,1,2,5,5,2,5
3,8,1,3,2,4,2,12,2,2024,14,1,2,5,5,2,3
3,7,1,1,2,3,2,8,1,2024,14,1,2,1,5,2,4
2,6,2,3,2,3,2,7,2,2024,14,1,2,4,5,2,3
2,4,2,3,2,3,2,9,2,2024,14,1,2,4,1,2,4
3,5,2,3,2,3,2,8,2,2024,14,1,2,5,5,2,5
2,4,2,4,1,1,2,4,3,2024,14,1,2,6,5,1,3
3,5,1,4,2,2,4,8,3,2024,15,1,2,5,5,2,4
3,6,2,1,2,2,4,7,1,2024,15,1,2,2,5,2,2
3,5,1,3,2,3,4,7,2,2024,15,1,2,4,5,2,2
3,7,2,2,2,4,4,7,2,2024,15,1,2,3,2,1,3
2,3,1,4,1,1,4,3,3,2024,15,1,2,6,5,2,5
3,5,1,2,2,4,4,9,2,2024,15,1,2,3,1,3,6
3,2,2,4,1,1,4,3,3,2024,15,1,2,6,5,1,5
2,6,2,1,2,3,4,10,1,2024,15,1,2,1,2,1,1
3,8,2,2,1,1,4,4,2,2024,15,1,2,3,5,2,1
3,8,2,1,2,2,4,6,1,2024,15,1,2,1,5,3,1
3,8,1,1,2,2,4,6,1,2024,15,1,2,1,5,1,1
3,8,1,3,2,3,4,10,2,2024,15,1,2,4,5,2,1
3,8,1,3,2,2,4,9,2,2024,15,1,2,4,5,1,5
3,8,2,3,2,3,4,9,2,2024,15,1,2,4,5,3,4
3,7,2,2,2,3,4,7,2,2024,15,1,2,3,5,3,1
3,7,2,1,1,1,4,4,1,2024,15,3,2,1,5,3,1
3,5,2,2,1,1,4,5,2,2024,15,3,2,2,5,1,1
3,3,1,1,1,1,4,5,1,2024,15,3,2,2,5,1,1
3,5,1,3,2,3,4,9,2,2024,15,3,2,4,5,2,1
3,6,1,4,2,3,4,12,3,2024,15,3,2,6,5,2,5
3,7,1,2,2,3,4,5,2,2024,15,3,2,3,5,2,3
3,8,2,4,1,1,4,5,3,2024,15,3,2,5,1,1,5
3,4,1,1,1,1,4,5,1,2024,15,3,2,2,5,1,1
3,7,1,1,1,1,4,5,1,2024,15,3,2,2,5,1,3
3,8,1,2,2,3,4,7,2,2024,15,3,2,3,5,2,4
3,8,2,3,2,3,4,8,2,2024,15,3,2,4,5,2,5
3,7,1,3,2,4,4,12,2,2024,15,3,2,5,5,3,6
3,7,1,4,2,3,4,9,3,2024,15,3,2,5,3,2,6
3,4,2,3,1,1,4,5,2,2024,15,3,2,4,3,2,5
3,5,1,3,2,2,4,4,2,2024,15,3,2,5,1,3,4
3,2,1,1,2,3,2,8,1,2024,12,3,2,2,5,2,5
3,4,1,2,1,1,4,5,2,2024,15,3,2,2,5,3,1
3,5,2,4,1,1,4,3,3,2024,15,3,2,6,5,2,4
3,5,2,3,1,1,4,4,2,2024,15,3,2,4,5,3,4
3,6,1,4,2,4,4,12,3,2024,15,3,2,5,1,2,4
3,6,2,4,2,2,4,7,3,2024,15,3,2,6,1,3,7
3,7,2,3,1,1,4,4,2,2024,15,3,2,4,1,1,4
3,7,2,4,2,3,4,9,3,2024,15,3,2,6,5,1,5
3,7,1,3,2,3,4,12,2,2024,15,3,2,5,5,3,5
3,7,2,3,1,1,4,4,2,2024,15,3,2,5,5,1,4
3,7,2,3,1,1,4,4,2,2024,15,3,2,5,5,3,3
3,6,2,3,1,1,4,5,2,2024,15,3,2,4,2,1,1
3,4,1,3,2,3,4,5,2,2024,15,3,2,4,5,1,1
3,7,1,3,2,3,4,5,2,2024,15,3,2,4,5,3,3
3,7,1,3,2,2,4,5,2,2024,15,3,2,5,5,3,4
3,5,1,4,2,2,4,5,3,2024,15,3,2,6,5,2,5
3,8,1,4,2,2,4,9,3,2024,16,1,2,5,2,2,3
3,8,1,3,2,3,4,12,2,2024,16,1,2,5,5,2,3
3,8,1,3,2,3,4,11,2,2024,16,1,2,5,1,2,3
3,8,1,3,2,4,4,11,2,2024,16,1,2,4,5,2,3
3,5,2,3,1,1,4,6,2,2024,16,1,2,4,2,2,3
3,4,2,3,1,1,4,6,2,2024,16,1,2,4,3,2,3
3,6,1,3,2,3,4,10,2,2024,16,1,2,4,5,2,4
3,8,1,1,1,1,4,5,1,2024,16,1,2,2,2,3,1
3,8,1,1,1,1,4,6,1,2024,16,1,2,2,5,2,1
3,7,2,2,1,1,4,6,2,2024,16,1,2,2,1,1,1
3,7,2,2,2,3,4,9,2,2024,16,1,2,3,2,2,1
3,8,2,2,2,3,4,12,2,2024,16,1,2,3,5,1,2
3,7,1,2,2,4,4,11,2,2024,16,1,2,2,5,1,3
3,7,1,2,2,4,4,11,2,2024,16,1,2,3,5,1,2
3,6,2,4,2,2,4,7,3,2024,16,1,2,5,5,3,7
2,6,2,3,2,2,4,9,2,2024,16,3,2,5,1,1,3
2,6,2,4,1,1,4,6,3,2024,16,3,2,6,2,2,3
2,6,2,4,1,1,4,5,3,2024,16,3,2,6,2,1,3
3,7,2,2,1,1,4,6,2,2024,16,3,2,3,5,1,3
2,7,2,4,2,2,4,8,3,2024,16,3,2,5,1,1,4
2,6,2,4,2,2,4,7,3,2024,16,3,2,5,5,1,4
3,6,2,3,2,3,4,11,2,2024,16,3,2,5,5,2,4
3,5,2,2,1,1,4,5,2,2024,16,3,2,3,5,3,4
3,8,2,3,2,3,2,8,2,2024,19,2,2,4,5,2,5
3,7,2,4,1,1,2,4,3,2024,19,2,2,5,5,2,6
3,7,1,1,1,1,2,5,1,2024,19,2,2,1,5,1,4
3,8,1,2,2,2,2,5,2,2024,19,2,2,2,5,2,3
2,7,2,4,1,1,2,3,3,2024,19,2,2,6,2,1,6
3,8,1,3,2,3,2,6,2,2024,19,2,2,4,1,1,7
2,7,1,4,2,2,2,4,3,2024,19,2,2,5,5,1,5
3,7,2,3,2,3,4,10,2,2024,16,3,2,4,3,1,3
3,8,1,2,2,4,4,10,2,2024,16,3,2,3,5,1,3
3,8,2,3,2,3,4,11,2,2024,16,3,2,4,1,2,3
3,8,1,2,2,2,4,8,2,2024,16,3,2,3,5,1,3
3,8,2,3,2,3,4,10,2,2024,16,3,2,4,5,1,4
3,8,2,3,2,3,4,10,2,2024,16,3,2,4,5,1,4
3,8,2,3,2,3,4,10,2,2024,16,3,2,4,5,2,3
3,6,2,3,2,2,4,5,2,2024,16,3,2,5,1,3,7
3,6,1,3,2,3,4,9,2,2024,16,3,2,4,5,2,4
3,7,1,1,2,2,4,10,1,2024,16,3,2,1,3,1,2
3,7,1,2,2,3,4,9,2,2024,16,3,2,3,5,2,3
3,7,2,1,1,1,4,6,1,2024,16,3,2,1,5,2,2
3,7,2,3,2,3,4,9,2,2024,16,3,2,4,5,2,3
3,7,2,2,2,3,4,8,2,2024,16,3,2,2,5,3,4
3,8,1,1,1,1,2,5,1,2024,19,3,2,1,5,2,3
3,8,2,3,2,3,2,8,2,2024,19,3,2,4,5,1,4
3,7,2,2,2,3,2,7,2,2024,19,3,2,3,5,1,2
3,5,2,4,1,1,2,3,3,2024,19,3,2,6,5,1,6
3,8,1,2,2,3,2,6,2,2024,19,3,2,2,5,1,3
3,8,2,4,1,1,2,4,3,2024,19,3,2,5,2,1,5
3,6,1,2,2,4,2,8,2,2024,19,3,2,3,5,1,3
3,8,1,3,1,1,2,6,2,2024,19,3,2,4,5,2,6
3,7,1,3,2,3,2,7,2,2024,19,3,2,4,5,1,5
3,6,1,3,2,3,2,8,2,2024,19,3,2,4,2,3,5
3,8,2,3,2,3,2,10,2,2024,19,3,2,4,5,2,6
3,8,2,4,1,1,2,3,3,2024,19,3,2,6,5,2,6
3,8,2,4,2,2,2,5,3,2024,19,3,2,5,5,3,5
3,7,1,3,2,3,2,9,2,2024,19,3,2,5,5,2,6
3,8,2,2,1,1,2,5,2,2024,19,1,2,2,5,3,3
3,8,1,3,1,1,2,7,2,2024,19,1,2,4,5,2,7
3,8,2,3,2,2,2,9,2,2024,19,1,2,4,1,3,4
3,6,2,4,1,1,2,3,3,2024,19,1,2,6,2,1,7
3,7,2,4,2,2,2,7,3,2024,19,1,2,5,2,1,7
3,7,1,2,2,3,2,8,2,2024,19,1,2,2,5,2,3
3,7,1,1,2,3,2,6,1,2024,19,1,2,1,5,1,2
3,3,2,1,2,5,2,4,1,2024,21,3,2,2,5,2,3
3,7,2,1,2,3,2,8,1,2024,19,1,2,1,5,1,4
3,7,2,2,2,3,2,7,2,2024,19,1,2,2,5,2,5
3,5,1,4,2,3,2,7,3,2024,19,1,2,5,5,1,7
3,3,2,4,1,1,2,2,3,2024,19,1,2,5,2,3,7
2,5,1,3,2,2,2,4,2,2024,19,1,2,4,5,3,5
3,5,1,4,1,1,2,3,3,2024,19,1,2,6,5,2,7
3,6,2,2,2,3,2,7,2,2024,19,1,2,3,5,3,4
3,6,1,4,2,2,2,5,3,2024,21,3,2,6,1,3,4
3,5,2,3,1,1,2,4,2,2024,21,3,2,4,2,1,5
3,6,2,4,1,1,2,4,3,2024,21,3,2,5,2,3,3
3,7,1,4,2,2,2,7,3,2024,21,3,2,5,2,1,3
3,4,2,2,1,1,2,4,2,2024,21,3,2,3,2,1,2
2,7,1,1,2,4,2,6,1,2024,21,3,2,2,2,1,5
3,6,2,1,1,1,2,4,1,2024,21,3,2,1,5,1,1
2,6,2,1,2,4,2,5,1,2024,21,1,2,2,5,3,3
2,5,1,1,2,4,2,6,1,2024,21,1,2,1,5,1,3
3,6,2,4,1,1,2,5,3,2024,21,1,2,5,5,1,5
3,6,1,2,2,4,2,9,2,2024,21,1,2,3,1,1,3
3,7,1,3,2,4,2,8,2,2024,21,1,2,4,5,1,3
3,6,2,3,1,1,2,5,2,2024,21,1,2,4,1,1,2
1,6,1,4,2,2,2,5,3,2024,21,1,2,6,5,1,5
3,4,1,3,2,2,2,6,2,2024,21,1,2,4,5,3,3
3,4,2,3,2,3,2,7,2,2024,21,1,2,4,3,3,4
3,4,1,1,2,4,2,7,1,2024,21,1,2,1,5,2,3
3,5,1,3,2,3,2,7,2,2024,21,1,2,5,5,3,6
3,4,1,1,2,3,2,7,1,2024,21,1,2,1,2,3,4
3,4,2,2,2,4,2,6,2,2024,21,1,2,2,2,3,2
3,5,1,3,2,3,2,7,2,2024,21,1,2,4,5,3,3
3,7,1,3,2,3,2,9,2,2024,21,1,2,4,5,3,4
3,5,2,2,1,1,2,6,2,2024,21,1,2,3,5,3,2
3,3,2,2,1,1,2,6,2,2024,21,1,2,3,5,2,1
3,4,2,4,2,2,2,4,3,2024,21,2,2,6,2,3,5
3,5,2,4,2,2,2,5,3,2024,21,2,2,6,1,3,7
3,4,2,1,2,3,2,6,1,2024,21,2,2,1,5,3,3
3,3,1,2,2,3,2,5,2,2024,21,3,2,3,5,3,1
3,5,1,3,2,2,2,6,2,2024,21,2,2,5,2,3,5
3,4,2,3,2,2,2,6,2,2024,21,2,2,5,5,3,4
3,3,2,1,1,1,2,4,1,2024,21,2,2,1,5,2,1
3,3,1,3,1,1,2,5,2,2024,21,2,2,4,5,2,1
3,1,1,4,1,1,2,3,3,2024,21,3,2,6,5,3,4
3,3,1,2,1,1,2,5,2,2024,21,3,2,3,5,3,2
3,3,2,3,2,2,2,5,2,2024,21,3,2,4,5,2,3
3,3,1,3,1,1,2,4,2,2024,21,3,2,5,5,2,3
3,0,1,3,1,1,2,2,2,2024,21,3,2,4,5,3,3
3,4,2,1,1,1,2,4,1,2024,21,2,2,1,5,2,1
3,5,1,3,2,2,2,6,2,2024,21,1,2,5,5,3,4
3,5,1,4,2,2,2,5,3,2024,21,1,2,6,1,3,7
3,5,1,4,2,2,2,6,3,2024,21,1,2,5,5,3,5
3,4,2,4,1,1,2,5,3,2024,21,1,2,5,5,3,5
3,5,2,4,1,1,2,5,3,2024,21,1,2,5,5,3,5
3,3,2,3,1,1,2,5,2,2024,21,1,2,4,5,3,1
3,4,2,3,1,1,2,5,2,2024,21,1,2,4,5,2,3
3,5,1,1,2,4,2,7,1,2024,21,1,2,1,5,2,4
3,4,1,4,2,2,2,5,3,2024,21,1,2,6,2,3,5
3,5,2,3,2,2,2,7,2,2024,21,1,2,4,3,3,3
3,4,1,2,2,4,2,7,2,2024,21,1,2,2,5,3,1
3,5,1,4,2,2,2,5,3,2024,21,1,2,6,3,3,5
3,8,2,3,1,1,4,5,2,2024,22,1,2,4,2,3,3
3,8,1,1,2,2,4,6,1,2024,22,1,2,1,5,2,4
3,7,2,2,1,1,4,5,2,2024,22,1,2,2,5,3,1
3,8,2,3,2,3,4,7,2,2024,22,1,2,4,2,2,3
3,8,2,2,1,1,4,6,2,2024,22,1,2,3,2,2,6
3,8,2,3,2,4,4,10,2,2024,22,1,2,4,2,2,5
3,8,2,4,2,2,4,5,3,2024,22,1,2,5,5,2,4
3,7,2,3,2,4,4,11,2,2024,22,1,2,4,2,2,4
3,8,2,3,2,4,4,8,2,2024,22,1,2,4,5,3,1
3,7,2,2,2,2,4,5,2,2024,22,1,2,2,1,2,3
3,8,2,1,2,3,4,9,1,2024,22,1,2,1,5,2,3
3,7,1,1,2,3,4,9,1,2024,22,1,2,1,2,2,4
3,7,2,3,2,2,4,6,2,2024,22,1,2,5,5,3,1
3,8,1,3,1,1,4,6,2,2024,22,1,2,4,2,2,5
3,8,1,3,2,4,4,7,2,2024,22,1,2,4,5,2,6
3,7,1,3,2,3,4,6,2,2024,22,1,2,4,2,1,5
3,8,2,4,2,2,4,4,3,2024,22,1,2,6,2,2,7
3,7,1,4,2,2,4,6,3,2024,22,1,2,5,2,2,4
3,3,1,3,2,2,4,6,2,2024,22,1,2,5,5,3,3
3,5,2,3,2,3,4,7,2,2024,22,1,2,4,3,3,4
3,2,2,4,2,2,4,4,3,2024,22,1,2,6,1,2,4
3,1,2,4,1,1,4,3,3,2024,22,1,2,6,5,3,7
3,2,2,4,2,2,4,4,3,2024,22,1,2,6,5,2,7
3,4,2,3,2,2,4,6,2,2024,22,1,2,4,2,3,5
3,3,1,3,1,1,4,5,2,2024,22,1,2,4,5,2,1
3,5,1,3,2,3,4,7,2,2024,22,1,2,5,5,3,4
3,4,2,3,2,4,4,8,2,2024,22,1,2,5,2,3,5
3,7,2,3,2,2,2,5,2,2024,20,4,2,5,5,1,4
3,8,1,3,1,1,2,2,2,2024,20,4,2,4,5,3,5
3,8,2,3,2,2,2,6,2,2024,20,4,2,5,2,3,5
3,8,2,1,1,1,2,4,1,2024,20,4,2,1,5,1,3
3,8,1,3,2,5,2,11,2,2024,20,4,2,4,5,1,4
3,8,1,3,2,4,2,11,2,2024,20,4,2,4,5,1,4
3,7,1,1,1,1,2,6,1,2024,20,4,2,1,3,1,4
3,8,2,1,2,3,2,6,1,2024,20,4,2,1,5,1,4
3,8,1,1,1,1,2,4,1,2024,20,3,2,2,5,1,2
3,6,1,2,2,2,2,11,2,2024,20,3,2,2,5,3,5
3,6,2,4,1,1,2,4,3,2024,20,3,2,6,5,3,2
3,6,2,3,2,3,2,7,2,2024,20,1,2,4,5,2,7
3,4,1,4,1,1,2,2,3,2024,20,3,2,6,5,1,7
3,7,2,3,2,3,2,11,2,2024,20,4,2,4,5,1,3
3,5,2,3,2,4,2,9,2,2024,20,1,2,4,3,2,4
1,8,1,3,2,3,2,11,2,2024,20,1,2,5,5,1,5
3,8,2,3,2,3,2,7,2,2024,20,1,2,5,2,3,3
3,8,1,4,2,2,2,5,3,2024,20,1,2,6,5,2,5
2,5,1,3,2,3,2,11,2,2024,20,1,2,4,5,2,4
3,7,2,2,2,3,2,5,2,2024,20,1,2,2,5,3,4
3,8,1,2,2,2,2,8,2,2024,20,1,2,3,5,2,6
3,7,1,3,2,5,2,9,2,2024,20,1,2,4,5,2,6
2,3,1,2,2,2,2,9,2,2024,20,1,2,3,5,3,1
3,5,1,3,2,3,2,7,2,2024,20,1,2,4,5,2,3
3,7,2,2,2,3,2,8,2,2024,20,1,2,3,2,1,4
3,6,2,3,2,3,2,7,2,2024,20,1,2,4,5,1,5
3,7,2,1,2,4,2,10,1,2024,20,1,2,1,5,1,4
3,6,2,3,2,3,2,7,2,2024,20,1,2,5,5,2,6
3,7,2,3,2,3,2,8,2,2024,20,1,2,4,5,2,4
3,6,2,1,2,5,2,12,1,2024,20,1,2,1,2,1,4
3,5,1,4,1,1,2,3,3,2024,20,1,2,6,5,3,4
3,6,1,3,2,3,2,7,2,2024,20,1,2,5,5,3,5
3,7,1,3,2,5,2,11,2,2024,20,1,2,4,5,3,2
3,8,1,1,2,3,2,9,1,2024,20,1,2,1,5,3,4
3,6,2,4,2,2,2,3,3,2024,20,1,2,6,5,1,7
3,7,2,4,2,2,2,3,3,2024,20,1,2,6,5,1,6
3,7,2,4,2,3,2,7,3,2024,20,1,2,5,5,2,4
2,8,1,4,2,2,2,7,3,2024,20,1,2,5,5,1,4
3,6,1,2,2,5,2,5,2,2024,20,1,2,3,5,2,3
3,8,2,2,2,4,2,8,2,2024,20,1,2,3,5,1,6
3,4,2,2,2,4,2,1,2,2024,20,1,2,3,5,3,4
3,5,2,3,2,4,2,7,2,2024,20,1,2,4,5,2,4
3,3,2,3,2,2,2,3,2,2024,20,1,2,5,2,2,6
2,2,1,4,1,1,2,2,3,2024,20,1,2,6,5,3,7
2,4,2,3,2,2,2,1,2,2024,20,1,2,4,5,2,5
3,3,2,4,1,1,2,3,3,2024,20,1,2,6,2,3,7
2,4,1,3,2,2,2,6,2,2024,20,1,2,4,5,3,7
2,5,2,2,2,4,2,1,2,2024,20,1,2,3,5,2,4
3,6,1,3,2,4,2,9,2,2024,20,1,2,4,5,3,4
3,6,1,2,1,1,2,5,2,2024,20,1,2,3,5,3,3
3,6,2,3,2,3,2,6,2,2024,20,1,2,4,5,3,4
3,7,1,3,2,2,2,7,2,2024,20,1,2,5,5,3,7
3,5,1,3,2,3,2,8,2,2024,20,1,2,5,1,3,5
2,3,1,4,2,2,2,5,3,2024,20,1,2,6,1,3,7
3,5,2,4,1,1,2,4,3,2024,20,1,2,6,2,3,7
3,5,1,2,2,3,2,7,2,2024,20,1,2,3,5,3,5
3,7,2,2,1,1,2,5,2,2024,20,1,2,2,5,3,2
2,6,1,3,2,3,2,9,2,2024,20,1,2,4,5,2,5
3,5,1,3,2,2,2,5,2,2024,20,1,2,4,5,3,6
3,5,2,3,2,2,2,5,2,2024,20,1,2,4,2,3,5
2,5,2,2,2,4,2,6,2,2024,20,1,2,2,5,2,2
3,7,1,1,2,3,2,8,1,2024,20,1,2,1,5,3,4
3,7,1,2,1,1,2,6,2,2024,20,1,2,3,5,3,3
3,6,1,3,2,3,2,7,2,2024,20,1,2,4,5,3,7
3,5,2,4,1,1,2,4,3,2024,20,1,2,5,2,3,6
3,6,1,3,2,2,2,5,2,2024,20,1,2,5,5,3,6
3,5,2,3,1,1,2,4,2,2024,20,1,2,4,5,3,5
2,5,1,3,2,4,2,7,2,2024,20,1,2,4,5,2,4
3,5,2,3,2,2,2,7,2,2024,20,1,2,4,5,2,5
3,3,2,4,1,1,2,3,3,2024,20,1,2,5,2,3,5
3,4,1,3,2,2,2,5,2,2024,20,1,2,5,5,2,6
3,7,2,3,2,3,2,6,2,2024,20,1,2,4,2,3,4
3,6,2,3,2,2,2,6,2,2024,20,1,2,4,5,3,5
3,4,1,4,2,2,2,3,3,2024,20,1,2,6,5,3,7
3,6,1,1,2,2,2,8,1,2024,20,1,2,1,5,3,3
3,6,2,1,1,1,2,6,1,2024,20,1,2,1,5,3,2
3,7,1,3,1,1,4,6,2,2024,17,3,2,4,5,3,4
3,7,1,3,2,3,4,8,2,2024,17,3,2,4,5,3,4
3,7,1,3,2,4,4,10,2,2024,17,3,2,4,3,3,3
3,7,2,3,2,3,4,11,2,2024,17,3,2,4,5,3,5
3,6,1,4,2,2,4,6,3,2024,17,3,2,6,3,3,5
3,8,2,4,1,1,4,5,3,2024,17,3,2,6,5,2,3
3,7,2,3,2,2,4,6,2,2024,17,3,2,5,1,2,4
3,6,1,3,2,2,4,6,2,2024,17,3,2,5,5,3,4
2,6,2,1,1,1,4,5,1,2024,17,3,2,1,5,2,3
3,6,1,4,1,1,4,3,3,2024,17,3,2,6,5,3,5
3,6,1,4,1,1,4,4,3,2024,17,3,2,6,5,2,4
3,7,2,4,2,2,4,5,3,2024,17,3,2,6,1,3,7
3,6,1,1,1,1,4,6,1,2024,17,1,2,1,5,3,4
3,6,1,4,1,1,4,4,3,2024,17,1,2,6,5,3,5
3,6,1,3,2,3,4,10,2,2024,17,1,2,5,1,3,4
3,5,1,4,1,1,4,5,3,2024,17,1,2,5,5,3,5
3,7,1,3,2,3,4,11,2,2024,17,1,2,5,5,3,5
3,7,1,3,2,2,4,6,2,2024,17,1,2,5,1,2,4
3,3,2,1,2,3,4,4,1,2024,17,1,2,1,5,1,4
3,5,1,2,2,4,4,6,2,2024,17,1,2,3,3,2,4
1,7,1,3,2,3,4,9,2,2024,17,1,2,4,5,1,3
3,8,1,2,1,1,4,8,2,2024,17,1,2,2,5,3,1
3,3,2,3,1,1,4,4,2,2024,17,1,2,4,5,2,7
3,5,2,3,2,2,4,5,2,2024,17,1,2,5,5,1,5
3,5,2,3,1,1,4,5,2,2024,17,1,2,4,5,2,7
3,6,1,4,2,2,4,7,3,2024,17,1,2,5,1,2,3
3,5,1,1,2,4,4,7,1,2024,17,1,2,1,5,3,4
3,2,1,4,1,1,4,3,3,2024,17,1,2,5,1,2,6
3,4,2,4,2,2,4,3,3,2024,17,1,2,6,5,3,6
3,8,1,2,1,1,4,7,2,2024,17,1,2,2,5,1,1
3,6,1,3,2,3,4,8,2,2024,17,1,2,4,5,3,3
3,8,1,2,1,1,4,6,2,2024,17,1,2,3,5,2,6
2,5,2,3,2,3,4,10,2,2024,17,1,2,4,2,1,5
2,5,2,1,2,3,4,6,1,2024,17,1,2,1,3,1,4
2,5,1,4,2,2,4,10,3,2024,17,1,2,5,5,3,4
2,6,2,4,1,1,4,5,3,2024,17,1,2,5,1,2,6
3,4,1,3,2,3,4,10,2,2024,17,1,2,4,5,1,7
2,6,2,3,2,3,4,6,2,2024,17,1,2,4,5,2,5
2,6,1,1,2,3,4,6,1,2024,17,1,2,2,2,1,2
3,2,1,4,2,2,4,7,3,2024,17,1,2,5,5,2,7
1,5,2,2,1,1,4,6,2,2024,17,1,2,3,3,1,6
2,4,2,4,1,1,4,3,3,2024,17,1,2,5,5,1,5
3,2,2,4,2,2,4,3,3,2024,17,1,2,6,1,1,6
1,5,1,4,1,1,4,3,3,2024,17,1,2,6,5,3,7
3,5,2,3,2,3,4,7,2,2024,17,1,2,4,5,2,1
3,4,1,1,2,3,4,10,1,2024,17,1,2,1,5,2,4
3,1,2,4,1,1,4,2,3,2024,17,1,2,5,1,2,4
2,8,2,3,2,3,4,8,2,2024,17,1,2,4,5,1,5
2,8,2,1,1,1,4,6,1,2024,17,1,2,2,2,2,1
3,3,2,3,2,2,4,7,2,2024,17,1,2,5,5,2,7
3,4,2,4,1,1,4,4,3,2024,17,1,2,6,3,1,3
3,5,1,4,2,2,4,5,3,2024,17,1,2,6,5,2,5
3,8,1,3,2,3,4,10,2,2024,17,1,2,4,5,2,3
2,5,2,2,1,1,4,5,2,2024,17,1,2,3,5,1,6
1,5,1,3,2,2,4,6,2,2024,17,1,2,5,2,1,5
1,8,2,4,1,1,4,3,3,2024,17,1,2,5,5,3,7
3,4,1,3,2,3,4,8,2,2024,17,1,2,4,5,2,7
2,4,2,3,2,4,4,7,2,2024,17,1,2,4,3,2,1
3,3,1,4,1,1,4,2,3,2024,17,1,2,6,5,1,7
2,4,2,3,1,1,4,4,2,2024,17,1,2,4,1,2,4
3,7,2,2,1,1,4,4,2,2024,17,1,2,2,5,1,5
1,2,2,3,1,1,4,3,2,2024,17,1,2,5,3,3,6
2,3,1,1,2,2,4,4,1,2024,17,1,2,1,5,1,4
2,5,1,3,2,2,4,4,2,2024,17,1,2,4,5,1,3
2,4,2,3,1,1,4,3,2,2024,18,3,2,5,5,2,3
3,5,2,2,2,3,4,5,2,2024,18,3,2,3,5,2,3
3,4,1,3,1,1,4,4,2,2024,18,4,2,4,5,1,3
3,4,1,4,1,1,4,3,3,2024,18,3,2,6,5,2,5
3,4,2,4,2,2,4,3,3,2024,18,3,2,6,1,2,5
3,4,2,3,1,1,4,4,2,2024,18,3,2,5,2,2,4
3,5,1,1,1,1,4,5,1,2024,18,3,2,1,5,2,1
3,4,2,1,1,1,4,5,1,2024,18,1,2,1,5,3,4
2,4,2,1,1,1,4,4,1,2024,18,3,2,1,5,3,3
3,4,1,1,1,1,4,4,1,2024,18,3,2,2,5,3,3
3,3,2,4,1,1,4,3,3,2024,18,3,2,6,5,2,4
2,4,2,4,1,1,4,4,3,2024,18,3,2,6,1,2,5
3,8,1,4,2,2,4,3,3,2024,18,1,2,6,2,2,4
2,4,2,4,1,1,4,4,3,2024,18,1,2,5,5,1,4
3,5,1,1,1,1,4,5,1,2024,18,1,2,1,5,2,3
3,8,1,2,2,2,4,8,2,2024,18,1,2,2,5,2,3
3,4,2,1,2,3,4,5,1,2024,18,1,2,2,5,2,3
3,5,2,2,1,1,4,4,2,2024,18,1,2,3,5,2,3
3,7,2,3,2,3,4,8,2,2024,18,1,2,4,5,2,3
3,8,2,3,1,1,4,4,2,2024,18,1,2,5,2,1,4
3,8,1,2,1,1,4,5,2,2024,18,2,2,3,5,2,3
3,7,1,3,2,3,4,6,2,2024,18,1,2,4,5,2,4
2,7,1,3,2,2,4,5,2,2024,18,1,2,4,3,3,4
3,8,2,3,2,3,4,9,2,2024,18,1,2,4,5,2,4
3,8,1,3,2,2,4,6,2,2024,18,1,2,4,5,2,3
3,7,2,2,2,4,4,6,2,2024,18,1,2,2,5,2,4
3,7,2,3,2,4,4,9,2,2024,18,1,2,5,2,2,4
3,7,2,4,1,1,4,4,3,2024,18,1,2,6,5,2,4
3,7,1,4,2,2,4,4,3,2024,18,1,2,6,5,3,4
3,7,1,3,2,4,4,7,2,2024,18,1,2,4,5,3,4
3,8,2,3,1,1,4,4,2,2024,18,1,2,4,5,2,3
3,4,2,2,2,4,4,7,2,2024,18,1,2,2,5,2,3
3,7,2,2,2,3,4,5,2,2024,18,1,2,2,5,3,5
3,5,2,2,2,5,4,7,2,2024,18,1,2,3,5,2,4
3,8,1,4,2,2,4,4,3,2024,18,1,2,5,5,2,4
3,5,1,3,2,2,4,7,2,2024,18,1,2,5,5,2,4
3,8,2,3,2,4,4,9,2,2024,18,1,2,4,5,2,4
3,5,2,2,2,4,4,6,2,2024,18,1,2,2,5,2,3
3,4,1,3,1,1,4,5,2,2024,18,1,2,5,2,2,3
3,4,2,3,2,5,4,7,2,2024,18,1,2,4,5,2,4
3,4,2,3,2,2,4,5,2,2024,18,1,2,4,5,2,4
3,6,1,2,2,4,4,5,2,2024,18,1,2,3,5,2,3
3,5,2,3,2,2,4,5,2,2024,18,1,2,5,5,3,5
3,5,1,2,2,3,4,8,2,2024,18,1,2,3,2,2,3
3,5,2,3,2,2,4,6,2,2024,18,1,2,4,5,2,4
3,4,2,3,2,2,4,5,2,2024,18,1,2,5,5,2,6
3,2,2,1,1,1,4,4,1,2024,18,1,2,1,5,2,3
2,4,1,2,1,1,4,5,2,2024,18,1,2,2,5,3,2
2,5,1,3,2,2,4,6,2,2024,18,1,2,4,3,3,5
3,4,1,3,1,1,4,5,2,2024,18,1,2,4,5,2,4
3,5,1,3,2,3,4,7,2,2024,18,1,2,4,2,2,4
3,4,1,4,1,1,4,4,3,2024,18,1,2,5,5,2,5
3,5,1,4,2,2,4,6,3,2024,18,1,2,5,1,2,5
1,4,2,4,1,1,4,4,3,2024,18,1,2,6,5,2,5
1,4,1,2,2,3,4,8,2,2024,18,1,2,3,2,2,4
1,4,1,3,2,2,4,6,2,2024,18,1,2,5,1,2,4
2,5,1,3,1,1,4,4,2,2024,18,1,2,5,5,2,3
3,5,1,1,1,1,6,4,1,2024,28,2,3,1,3,2,1
3,7,1,1,2,2,6,7,1,2024,28,2,3,2,5,2,1
3,7,2,2,2,4,6,7,2,2024,28,2,3,3,5,2,3
3,7,2,3,1,1,6,4,2,2024,28,3,3,4,2,2,2
3,7,1,3,1,1,6,5,2,2024,28,2,3,5,2,2,4
3,7,1,4,2,2,6,5,3,2024,28,2,3,6,2,2,4
3,7,2,4,1,1,6,5,3,2024,28,2,3,6,2,2,5
3,8,2,1,1,1,6,5,1,2024,28,2,3,1,5,2,1
3,7,1,2,2,3,6,4,2,2024,28,2,3,3,3,2,3
3,7,1,3,2,3,6,5,2,2024,28,2,3,4,5,2,3
3,7,2,2,2,2,6,5,2,2024,28,2,3,3,5,2,4
3,7,1,3,2,2,6,5,2,2024,28,2,3,5,5,2,4
3,7,2,3,1,1,6,5,2,2024,28,2,3,5,5,2,4
3,7,2,4,2,2,6,5,3,2024,28,2,3,6,2,2,4
2,7,2,3,2,3,6,5,2,2024,28,3,3,4,5,2,4
3,7,1,1,1,1,3,7,1,2024,3,2,1,1,2,3,4
3,8,1,1,2,3,1,5,1,2024,29,1,3,1,2,2,3
3,8,1,1,1,1,1,5,1,2024,29,1,3,2,2,3,5
3,9,2,2,2,3,1,8,2,2024,29,1,3,2,2,2,5
3,9,1,3,2,4,1,9,2,2024,29,1,3,4,2,2,4
3,8,2,3,1,1,1,4,2,2024,29,1,3,5,1,2,3
3,8,1,4,1,1,1,4,3,2024,29,1,3,6,2,1,7
3,7,2,4,2,2,1,5,3,2024,29,1,3,6,5,1,7
3,7,2,1,1,1,6,5,1,2024,28,1,3,1,5,2,1
3,7,2,2,2,3,6,7,2,2024,28,1,3,3,2,2,3
3,7,2,3,1,1,6,5,2,2024,28,1,3,4,5,2,2
3,7,1,3,2,2,6,6,2,2024,28,1,3,5,5,2,4
3,7,1,4,2,2,6,6,3,2024,28,1,3,6,5,2,4
3,7,2,4,2,2,6,5,3,2024,28,1,3,6,2,2,5
3,7,1,3,2,4,6,6,2,2024,28,1,3,4,5,2,3
3,7,2,2,1,1,6,5,2,2024,28,2,3,2,5,2,1
3,7,2,2,2,4,6,6,2,2024,28,2,3,3,2,2,2
3,6,1,3,2,3,6,5,2,2024,28,2,3,4,5,2,3
3,8,2,3,2,3,6,5,2,2024,28,2,3,4,2,2,3
3,7,1,3,2,2,6,6,2,2024,28,2,3,5,5,2,4
3,7,2,3,2,2,6,5,2,2024,28,2,3,5,5,2,4
3,6,1,4,2,2,6,5,3,2024,28,2,3,6,5,2,4
3,7,2,1,1,1,1,5,1,2024,29,3,3,1,1,1,3
3,9,1,2,2,3,1,9,2,2024,29,3,3,2,3,1,3
3,8,1,3,1,1,1,6,2,2024,29,3,3,4,1,1,5
3,8,2,3,1,1,1,6,2,2024,29,3,3,4,2,1,4
3,7,1,3,2,2,1,5,2,2024,29,3,3,5,3,1,5
3,8,2,4,2,2,1,5,3,2024,29,3,3,5,3,3,6
3,8,1,4,2,2,1,5,3,2024,29,3,3,6,2,1,6
3,8,1,1,1,1,1,5,1,2024,29,1,3,1,2,1,4
3,8,1,1,2,2,1,8,1,2024,29,1,3,2,2,2,5
3,8,2,2,2,3,1,6,2,2024,29,1,3,3,1,1,4
3,8,1,3,2,4,1,6,2,2024,29,1,3,4,2,1,4
3,9,2,3,2,4,1,6,2,2024,29,1,3,4,1,1,5
3,8,2,3,1,1,1,4,2,2024,29,1,3,5,2,2,6
3,3,2,1,1,1,1,3,1,2024,29,3,3,1,5,1,1
3,5,2,1,1,1,1,6,1,2024,29,3,3,2,5,2,4
3,8,1,2,2,3,1,7,2,2024,29,3,3,3,2,2,3
3,9,1,3,2,4,1,11,2,2024,29,3,3,4,5,1,3
3,6,2,3,2,3,1,7,2,2024,29,3,3,4,5,1,2
3,6,1,4,2,2,1,6,3,2024,29,3,3,6,1,2,4
3,3,2,4,1,1,1,4,3,2024,29,3,3,6,1,1,5
3,3,2,4,1,1,1,4,3,2024,29,3,3,6,3,1,4
3,8,1,1,1,1,1,4,1,2024,29,3,3,1,5,1,4
3,8,2,1,1,1,1,5,1,2024,29,3,3,2,5,3,1
3,8,1,2,1,1,1,7,2,2024,29,3,3,3,5,1,2
3,5,1,3,2,3,1,8,2,2024,29,3,3,4,2,3,1
3,8,2,3,2,3,1,8,2,2024,29,3,3,4,2,3,1
3,7,2,3,2,2,1,8,2,2024,29,3,3,5,5,3,4
3,4,1,4,1,1,1,4,3,2024,29,3,3,6,5,3,5
3,7,2,4,2,2,1,7,3,2024,29,3,3,6,5,3,4
3,6,1,1,2,3,3,7,1,2024,5,1,1,1,5,2,4
3,6,2,2,1,1,1,5,2,2024,29,3,3,2,3,1,2
3,8,2,2,2,3,1,5,2,2024,29,3,3,2,5,2,3
3,7,1,2,2,4,1,6,2,2024,29,3,3,3,5,2,3
3,5,2,2,2,4,1,9,2,2024,29,3,3,3,5,3,3
3,6,1,3,2,3,1,12,2,2024,29,3,3,4,5,2,4
2,7,2,3,2,3,1,12,2,2024,29,3,3,4,5,2,4
3,5,2,3,2,2,1,8,2,2024,29,3,3,5,5,3,5
3,4,2,4,1,1,1,5,3,2024,29,3,3,6,5,2,3
3,6,2,2,2,3,1,7,2,2024,30,1,3,2,5,2,2
3,4,2,4,1,1,1,3,3,2024,30,1,3,6,5,3,5
3,4,1,2,2,3,1,7,2,2024,30,1,3,2,5,2,4
3,4,2,3,2,3,1,8,2,2024,30,1,3,4,5,3,6
3,5,1,4,2,2,1,6,3,2024,30,1,3,5,5,2,6
3,6,1,2,1,1,1,6,2,2024,30,1,3,3,5,2,4
3,5,2,2,2,3,1,7,2,2024,30,1,3,2,2,3,4
3,5,2,4,2,2,1,6,3,2024,30,1,3,5,2,2,6
3,4,2,2,2,3,1,8,2,2024,30,1,3,3,5,2,4
3,4,2,3,2,3,1,8,2,2024,30,1,3,5,2,3,6
3,4,2,2,2,3,1,7,2,2024,30,1,3,3,5,3,5
3,4,2,1,2,3,1,6,1,2024,30,1,3,1,5,2,4
3,5,2,2,1,1,1,6,2,2024,30,1,3,3,5,2,5
3,5,1,3,2,3,1,8,2,2024,30,1,3,4,5,3,6
3,5,1,3,2,4,1,7,2,2024,30,1,3,4,2,3,4
3,6,2,3,2,3,1,8,2,2024,30,1,3,4,2,2,5
3,6,2,2,2,4,1,9,2,2024,30,1,3,2,2,2,5
3,7,1,4,1,1,1,4,3,2024,30,1,3,6,5,2,6
3,6,2,3,2,2,1,7,2,2024,30,1,3,4,2,3,5
3,7,1,2,2,4,1,7,2,2024,30,1,3,3,5,3,4
2,5,1,3,1,1,1,6,2,2024,30,1,3,4,5,2,5
3,8,2,3,2,3,1,9,2,2024,30,1,3,5,2,2,5
3,4,2,1,1,1,1,4,1,2024,30,3,3,1,5,2,3
3,5,1,4,1,1,1,3,3,2024,30,3,3,5,2,2,7
2,5,1,3,1,1,1,4,2,2024,30,3,3,4,5,1,5
3,6,1,4,1,1,1,4,3,2024,30,3,3,5,2,1,7
3,5,2,3,1,1,1,4,2,2024,30,3,3,5,2,1,6
3,5,2,4,1,1,1,3,3,2024,30,3,3,6,2,2,7
2,6,1,3,2,3,1,5,2,2024,30,3,3,5,5,2,7
2,4,1,4,2,2,1,4,3,2024,30,2,3,6,5,1,5
3,3,1,3,1,1,1,4,2,2024,30,3,3,5,5,2,6
3,3,1,1,1,1,1,4,1,2024,30,3,3,1,5,2,4
3,5,1,4,1,1,1,4,3,2024,30,3,3,5,5,2,6
3,4,1,4,1,1,1,5,3,2024,30,3,3,5,5,2,5
3,3,1,1,1,1,1,4,1,2024,30,3,3,1,5,2,4
3,3,1,4,1,1,1,4,3,2024,30,3,3,5,5,2,6
3,4,1,4,1,1,1,4,3,2024,30,3,3,5,5,2,6
3,4,2,3,2,3,1,6,2,2024,30,1,3,4,1,2,3
3,4,2,4,2,2,1,5,3,2024,30,1,3,5,5,3,5
3,5,1,1,1,1,1,7,1,2024,30,1,3,2,5,2,1
3,3,2,4,2,2,1,2,3,2024,30,1,3,6,5,3,4
3,4,2,3,1,1,1,5,2,2024,30,1,3,4,5,3,4
3,4,1,4,2,2,1,5,3,2024,30,1,3,6,5,3,5
2,5,1,3,2,4,1,8,2,2024,30,1,3,4,5,1,6
2,6,2,1,2,2,6,8,1,2024,31,1,3,2,5,2,2
3,7,1,3,2,2,6,6,2,2024,31,1,3,5,5,2,4
3,6,2,3,2,3,6,8,2,2024,31,1,3,4,2,2,5
3,6,1,3,2,4,6,8,2,2024,31,1,3,4,5,2,4
3,6,2,4,2,2,6,5,3,2024,31,1,3,6,5,1,6
3,5,1,1,2,3,6,9,1,2024,31,1,3,1,5,2,4
3,7,2,3,2,2,6,5,2,2024,31,1,3,5,2,2,3
2,6,2,4,1,1,6,4,3,2024,31,3,3,6,5,2,7
2,5,1,4,2,2,6,6,3,2024,31,3,3,5,5,2,3
2,3,2,4,1,1,6,3,3,2024,31,3,3,5,1,2,3
2,4,1,3,2,3,6,6,2,2024,31,3,3,4,5,2,2
2,4,1,2,2,3,6,6,2,2024,31,3,3,3,5,2,2
2,3,1,2,2,2,6,6,2,2024,31,3,3,2,5,2,2
2,3,2,3,2,3,6,6,2,2024,31,3,3,4,5,1,2
3,7,1,2,1,1,6,7,2,2024,31,1,3,3,2,2,3
2,6,1,3,1,1,6,6,2,2024,31,1,3,4,2,1,3
3,7,2,3,2,4,6,11,2,2024,31,1,3,4,5,1,3
2,6,1,3,2,3,6,10,2,2024,31,1,3,5,5,2,3
2,6,1,4,2,2,6,7,3,2024,31,1,3,6,5,1,3
3,7,2,4,1,1,6,4,3,2024,31,1,3,6,2,2,5
3,7,1,1,2,3,6,11,1,2024,31,1,3,1,5,1,3
3,8,1,2,1,1,6,6,2,2024,31,1,3,2,3,2,2
2,5,1,3,2,3,6,10,2,2024,31,1,3,4,5,2,3
2,6,2,3,2,4,6,11,2,2024,31,1,3,4,3,2,3
2,5,1,3,2,2,6,7,2,2024,31,1,3,5,5,2,3
2,5,2,3,1,1,6,5,2,2024,31,1,3,5,1,2,3
2,5,2,4,1,1,6,1,3,2024,31,1,3,6,5,2,4
3,7,2,2,2,2,6,10,2,2024,31,1,3,3,5,1,3
3,7,2,4,2,2,6,7,3,2024,31,1,3,6,2,1,4
3,7,2,1,1,1,6,5,1,2024,31,1,3,1,2,1,2
3,7,1,3,1,1,6,6,2,2024,31,1,3,4,1,1,3
3,8,1,3,2,3,6,11,2,2024,31,1,3,5,5,1,3
3,8,2,3,2,2,6,10,2,2024,31,1,3,5,5,2,4
3,8,2,3,1,1,6,6,2,2024,31,1,3,4,2,2,3
3,6,1,1,2,2,5,6,1,2024,35,1,3,1,5,1,1
3,10,1,3,2,4,5,10,2,2024,35,1,3,4,5,2,7
3,10,2,3,2,4,5,10,2,2024,35,1,3,4,5,1,5
2,7,2,4,1,1,5,2,3,2024,35,1,3,6,2,2,7
3,8,1,3,2,3,5,8,2,2024,35,1,3,4,5,1,6
3,9,1,1,1,1,5,5,1,2024,35,1,3,2,5,1,5
2,5,1,2,1,1,6,6,2,2024,31,1,3,2,5,1,2
3,4,2,4,1,1,6,3,3,2024,31,1,3,6,2,1,4
2,5,2,3,2,2,6,6,2,2024,31,1,3,5,2,2,4
2,4,1,1,2,3,6,7,1,2024,31,1,3,1,5,1,3
2,6,2,2,1,1,6,4,2,2024,31,1,3,3,2,1,2
2,4,1,3,2,3,6,6,2,2024,31,1,3,4,5,1,3
2,5,2,3,1,1,6,4,2,2024,31,1,3,4,5,2,3
2,7,2,1,1,1,6,6,1,2024,31,3,3,1,2,2,3
3,6,1,1,2,2,6,9,1,2024,31,3,3,2,2,1,3
3,7,1,2,2,3,6,11,2,2024,31,3,3,3,1,2,3
3,7,1,3,1,1,6,5,2,2024,31,3,3,4,5,2,3
2,4,2,3,2,3,6,11,2,2024,31,3,3,4,5,2,3
2,5,2,3,2,2,6,7,2,2024,31,3,3,5,5,2,3
2,5,2,4,1,1,6,1,3,2024,31,3,3,6,2,2,3
2,6,1,1,1,1,6,6,1,2024,31,3,3,1,2,1,2
2,5,1,2,2,2,6,6,2,2024,31,3,3,2,5,2,3
2,5,1,3,2,4,6,10,2,2024,31,3,3,4,3,2,3
2,6,2,3,2,3,6,9,2,2024,31,3,3,4,2,2,3
2,6,1,3,1,1,6,6,2,2024,31,3,3,5,5,1,3
2,6,2,3,2,3,6,11,2,2024,31,3,3,5,1,1,3
2,5,2,4,1,1,6,1,3,2024,31,3,3,6,5,2,4
2,5,2,1,2,3,6,10,1,2024,31,3,3,1,3,2,3
2,6,1,2,1,1,6,6,2,2024,31,3,3,2,5,2,3
2,5,1,3,2,3,6,8,2,2024,31,3,3,4,5,2,3
2,5,2,3,2,3,6,8,2,2024,31,3,3,4,3,2,3
2,5,1,3,2,3,6,10,2,2024,31,3,3,5,2,2,3
2,6,2,4,1,1,6,3,3,2024,31,3,3,5,1,1,3
2,6,2,4,1,1,6,1,3,2024,31,3,3,6,2,2,3
3,6,2,1,2,2,6,8,1,2024,31,1,3,2,3,2,2
3,7,2,2,1,1,6,5,2,2024,31,1,3,2,5,2,2
3,7,1,2,2,4,6,6,2,2024,31,1,3,3,3,2,3
3,7,1,3,2,3,6,6,2,2024,31,1,3,4,2,2,2
3,7,2,3,2,4,6,6,2,2024,31,1,3,4,2,2,3
3,7,1,4,1,1,6,5,3,2024,31,1,3,6,2,2,2
3,6,2,3,2,4,6,6,2,2024,31,1,3,4,5,2,4
3,7,1,1,1,1,6,5,1,2024,31,1,3,1,5,2,1
3,7,1,1,2,2,6,5,1,2024,31,1,3,2,5,2,1
3,7,2,2,2,3,6,6,2,2024,31,1,3,3,5,2,2
3,7,1,3,1,1,6,4,2,2024,31,1,3,4,5,2,1
3,6,1,3,1,1,6,5,2,2024,31,1,3,4,3,2,3
3,7,1,4,2,2,6,4,3,2024,31,1,3,6,5,2,3
3,8,2,4,1,1,6,4,3,2024,31,1,3,6,5,2,4
3,7,1,1,1,1,6,5,1,2024,23,3,3,1,5,2,1
2,5,2,4,1,1,6,3,3,2024,23,3,3,6,3,2,7
2,4,2,3,1,1,6,4,2,2024,23,3,3,5,2,2,5
2,3,1,3,1,1,6,5,2,2024,23,3,3,5,3,2,5
2,5,1,2,2,2,6,9,2,2024,23,3,3,3,2,2,5
3,6,1,1,1,1,6,6,1,2024,23,4,3,2,5,2,1
3,3,2,1,1,1,6,4,1,2024,23,4,3,2,2,2,1
2,5,2,3,1,1,6,4,2,2024,23,2,3,4,3,2,4
2,6,2,4,1,1,6,3,3,2024,23,2,3,5,2,2,4
2,5,1,3,2,3,6,6,2,2024,23,2,3,4,2,2,3
2,5,1,4,2,2,6,4,3,2024,23,2,3,6,5,2,3
2,5,2,1,1,1,6,5,1,2024,23,3,3,1,2,3,2
2,5,2,1,1,1,6,5,1,2024,23,3,3,1,2,2,2
2,5,2,2,1,1,6,5,2,2024,23,2,3,2,1,2,2
2,5,1,3,2,2,6,9,2,2024,23,2,3,4,2,2,2
2,5,1,3,2,2,6,5,2,2024,23,1,3,5,2,2,3
2,5,1,3,2,3,6,6,2,2024,23,1,3,4,3,2,2
2,6,2,3,2,2,6,8,2,2024,23,1,3,4,2,2,2
3,5,2,3,2,2,6,8,2,2024,23,1,3,5,2,3,3
2,5,2,3,2,3,6,7,2,2024,23,1,3,4,2,2,2
2,6,2,4,2,2,6,4,3,2024,23,1,3,5,1,2,2
2,6,2,3,1,1,6,5,2,2024,23,1,3,5,2,2,3
2,5,2,2,2,3,6,8,2,2024,23,1,3,2,2,2,1
2,6,2,3,2,2,6,6,2,2024,23,1,3,5,2,2,3
3,6,2,3,1,1,6,5,2,2024,23,1,3,5,3,2,3
3,6,2,2,2,3,6,9,2,2024,23,1,3,3,3,2,2
3,6,1,4,2,2,6,4,3,2024,23,1,3,5,2,3,3
3,6,2,3,2,2,6,9,2,2024,23,1,3,4,2,2,2
2,5,1,2,2,3,6,9,2,2024,23,1,3,3,3,2,3
2,6,1,4,2,2,6,5,3,2024,23,1,3,6,1,2,3
2,6,1,4,2,2,6,4,3,2024,23,1,3,6,2,2,3
2,6,1,4,2,2,6,5,3,2024,23,1,3,6,1,2,3
3,6,1,1,2,2,6,5,1,2024,23,1,3,1,2,3,2
2,6,1,3,2,2,6,8,2,2024,23,1,3,4,2,3,2
2,5,2,3,2,3,6,10,2,2024,23,1,3,4,3,2,3
2,5,2,3,1,1,6,4,2,2024,23,1,3,4,2,2,3
2,6,2,4,1,1,6,3,3,2024,23,1,3,6,2,2,3
2,6,2,3,1,1,6,4,2,2024,23,1,3,4,3,2,3
2,6,1,4,1,1,6,4,3,2024,23,1,3,6,3,2,3
3,6,2,3,1,1,6,4,2,2024,23,1,3,4,2,2,3
3,6,1,2,2,3,6,9,2,2024,23,1,3,2,2,3,2
3,6,1,1,1,1,6,5,1,2024,23,1,3,1,2,2,1
2,6,1,1,1,1,6,5,1,2024,23,1,3,1,1,2,1
3,5,1,4,2,2,6,5,3,2024,23,1,3,5,2,2,3
2,6,1,3,2,3,6,7,2,2024,23,1,3,4,2,2,3
2,6,1,2,2,2,6,5,2,2024,23,1,3,2,2,2,1
2,6,1,4,2,2,6,6,3,2024,23,1,3,5,2,2,3
3,5,1,2,2,2,6,8,2,2024,23,1,3,3,3,2,2
3,5,1,3,1,1,6,6,2,2024,23,1,3,4,2,2,3
3,3,1,2,2,3,6,7,2,2024,27,1,3,2,5,2,5
3,4,2,2,2,3,6,8,2,2024,27,1,3,2,2,2,3
3,5,1,2,1,1,6,6,2,2024,27,1,3,3,5,2,6
3,5,2,2,1,1,6,6,2,2024,27,1,3,3,5,2,4
3,3,2,4,2,2,6,5,3,2024,27,1,3,6,1,2,7
3,4,2,3,1,1,6,4,2,2024,27,1,3,5,2,1,5
3,4,1,3,2,3,6,9,2,2024,27,1,3,4,5,3,7
3,5,2,4,1,1,5,4,3,2024,38,1,4,5,5,2,7
3,3,1,1,2,2,5,4,1,2024,38,1,4,1,5,3,4
3,5,1,1,1,1,5,5,1,2024,38,1,4,1,5,3,4
3,4,2,1,1,1,5,4,1,2024,38,1,4,1,5,2,4
3,7,1,2,2,2,5,8,2,2024,38,1,4,2,5,3,2
3,6,2,2,2,3,5,8,2,2024,38,1,4,2,5,3,5
3,6,1,2,2,3,5,7,2,2024,38,1,4,3,5,3,6
2,6,2,3,2,2,6,6,2,2024,24,3,3,5,2,1,3
3,5,1,2,2,3,6,8,2,2024,24,3,3,2,2,2,2
3,6,1,3,1,1,6,5,2,2024,24,4,3,4,2,2,2
3,5,2,1,2,3,6,4,1,2024,24,3,3,1,2,1,1
2,6,1,2,2,3,6,9,2,2024,24,2,3,3,2,2,3
2,5,1,2,2,4,6,8,2,2024,23,2,3,3,2,2,2
3,4,1,1,1,1,6,3,1,2024,23,2,3,1,2,2,1
2,6,2,2,2,2,6,8,2,2024,24,2,3,3,2,2,1
2,5,1,1,2,2,6,7,1,2024,24,2,3,2,3,3,2
2,4,2,4,2,2,6,3,3,2024,24,2,3,6,2,1,3
2,4,1,4,1,1,6,4,3,2024,24,4,3,5,1,2,3
3,6,1,3,1,1,6,5,2,2024,24,4,3,5,3,2,2
3,8,2,2,2,3,6,5,2,2024,24,1,3,3,5,1,3
3,8,2,4,2,2,6,4,3,2024,24,1,3,6,5,1,7
3,7,2,3,2,2,6,4,2,2024,24,1,3,5,5,1,4
1,9,1,2,2,4,6,6,2,2024,24,1,3,3,5,2,5
3,9,1,4,2,2,6,5,3,2024,24,1,3,6,5,2,6
3,8,2,2,2,3,6,6,2,2024,24,1,3,2,2,1,3
3,8,1,3,2,4,6,7,2,2024,24,1,3,4,5,1,5
3,6,1,4,2,2,6,9,3,2024,24,1,3,6,5,1,6
3,8,2,3,2,3,6,10,2,2024,24,1,3,4,5,2,5
3,6,1,3,2,3,6,9,2,2024,24,1,3,4,5,1,7
3,8,2,2,2,3,6,9,2,2024,24,1,3,3,5,3,3
3,5,2,3,2,2,6,7,2,2024,24,1,3,5,5,2,5
3,8,2,2,2,3,6,7,2,2024,24,1,3,2,5,1,2
2,8,1,2,2,2,6,7,2,2024,24,1,3,2,2,1,3
3,6,1,4,2,2,6,7,3,2024,24,1,3,5,5,1,6
3,6,2,3,2,3,6,10,2,2024,24,1,3,4,5,3,5
3,5,1,3,2,3,6,10,2,2024,25,2,3,4,2,2,5
3,4,2,4,1,1,6,2,3,2024,25,2,3,6,5,1,6
3,6,1,3,2,3,6,10,2,2024,25,2,3,4,5,2,5
3,5,1,4,2,2,6,4,3,2024,25,2,3,6,5,2,6
3,5,2,3,2,2,6,5,2,2024,25,2,3,5,3,2,6
3,5,2,3,2,3,6,10,2,2024,25,2,3,4,5,2,4
3,5,2,3,2,3,6,8,2,2024,25,3,3,4,5,2,5
3,6,1,3,2,3,6,7,2,2024,25,3,3,4,5,3,4
3,5,2,3,1,1,6,5,2,2024,25,3,3,4,5,3,1
3,6,1,1,2,4,6,6,1,2024,25,3,3,2,5,2,1
3,5,1,4,2,2,6,4,3,2024,25,3,3,6,1,3,5
3,5,1,1,1,1,6,5,1,2024,25,3,3,2,5,2,1
3,6,2,1,1,1,6,4,1,2024,25,3,3,1,5,1,2
3,5,2,3,1,1,6,4,2,2024,25,3,3,5,5,3,3
3,4,2,2,2,3,6,11,2,2024,25,1,3,3,5,3,3
2,5,1,4,2,2,6,6,3,2024,25,1,3,6,2,1,5
3,3,1,4,2,2,6,5,3,2024,25,1,3,5,5,2,5
3,4,2,3,1,1,6,7,2,2024,25,1,3,5,3,2,4
3,5,1,3,2,4,6,9,2,2024,25,1,3,4,2,3,4
3,5,2,3,2,3,6,8,2,2024,25,1,3,4,2,2,5
3,6,1,3,1,1,6,5,2,2024,25,1,3,5,5,2,5
3,6,2,1,2,3,6,11,1,2024,25,1,3,1,2,2,4
2,5,2,2,2,3,6,8,2,2024,25,1,3,2,2,2,5
2,4,1,3,2,3,6,8,2,2024,25,1,3,4,2,2,7
2,4,2,3,2,3,6,8,2,2024,25,1,3,4,2,2,5
2,5,1,3,2,2,6,5,2,2024,25,1,3,5,2,2,7
2,5,2,4,1,1,6,3,3,2024,25,1,3,6,2,2,7
3,6,1,1,1,1,6,4,1,2024,25,1,3,1,2,2,4
3,5,1,3,2,2,6,6,2,2024,25,1,3,5,5,2,5
3,5,2,3,2,4,6,7,2,2024,25,1,3,4,5,2,4
3,5,2,3,2,4,6,8,2,2024,25,1,3,4,5,1,3
3,6,1,2,2,3,6,8,2,2024,25,1,3,3,1,1,3
3,5,2,4,1,1,6,2,3,2024,25,1,3,6,5,1,5
3,5,2,3,2,3,6,7,2,2024,25,1,3,5,5,3,4
3,5,1,4,1,1,6,5,3,2024,25,1,3,5,5,2,5
3,5,2,3,2,2,6,7,2,2024,25,1,3,5,5,3,5
3,5,2,1,2,2,6,6,1,2024,25,1,3,2,5,1,1
3,6,1,1,1,1,6,5,1,2024,25,1,3,1,5,1,1
3,5,1,3,2,4,6,6,2,2024,25,1,3,4,5,3,4
3,4,1,4,2,2,6,5,3,2024,25,1,3,5,5,2,6
3,5,2,4,1,1,6,2,3,2024,25,1,3,6,2,1,6
3,4,2,3,2,3,6,6,2,2024,25,1,3,4,3,1,5
3,5,1,3,2,2,6,7,2,2024,25,1,3,4,5,3,5
3,7,2,3,2,2,6,7,2,2024,26,3,3,5,5,3,5
3,5,1,1,1,1,6,6,1,2024,26,3,3,2,5,1,2
3,7,2,4,1,1,6,3,3,2024,26,3,3,6,5,2,6
3,3,2,3,2,3,6,7,2,2024,26,3,3,4,2,1,5
3,6,1,3,1,1,6,7,2,2024,26,3,3,4,5,3,6
3,4,2,2,1,1,6,6,2,2024,26,3,3,3,1,1,3
3,7,1,3,1,1,6,5,2,2024,26,3,3,4,5,1,5
3,3,1,4,1,1,6,4,3,2024,26,3,3,6,2,1,7
3,5,2,3,1,1,6,5,2,2024,26,3,3,5,5,1,5
3,6,1,1,1,1,6,4,1,2024,26,3,3,1,5,1,3
3,7,2,3,2,3,6,8,2,2024,26,3,3,4,1,3,5
3,5,2,3,2,2,6,7,2,2024,26,3,3,4,5,2,5
2,8,2,4,1,1,6,4,3,2024,26,3,3,6,5,2,6
3,7,2,1,1,1,6,5,1,2024,26,3,3,1,5,1,3
3,7,1,2,1,1,6,6,2,2024,26,3,3,2,5,3,2
3,3,1,3,2,2,6,8,2,2024,26,3,3,5,5,1,6
2,8,2,3,2,3,6,9,2,2024,26,3,3,4,2,3,5
3,6,1,3,1,1,6,5,2,2024,26,3,3,4,5,2,6
3,7,1,1,1,1,6,5,1,2024,26,3,3,1,5,1,2
3,5,2,3,1,1,6,5,2,2024,26,3,3,5,5,1,4
3,5,1,4,2,2,6,7,3,2024,26,3,3,5,5,1,6
2,2,2,4,1,1,6,3,3,2024,26,3,3,6,2,2,7
3,4,2,1,1,1,6,4,1,2024,26,3,3,1,5,1,2
3,4,1,2,2,3,6,6,2,2024,26,3,3,3,2,1,5
3,5,1,4,2,2,6,6,3,2024,27,1,3,6,2,3,7
3,5,2,4,2,2,6,5,3,2024,27,1,3,6,2,3,7
3,5,2,4,1,1,6,5,3,2024,27,1,3,6,2,3,6
3,5,1,4,2,2,6,7,3,2024,27,1,3,5,5,3,6
3,5,1,2,1,1,6,7,2,2024,27,1,3,3,5,3,6
3,5,2,2,1,1,6,7,2,2024,27,1,3,3,2,2,4
3,4,1,2,2,3,6,8,2,2024,27,1,3,2,5,2,3
3,8,2,1,1,1,6,4,1,2024,26,3,3,1,5,2,4
3,7,2,2,1,1,6,5,2,2024,26,3,3,2,5,1,3
3,3,1,1,1,1,6,4,1,2024,26,3,3,1,5,3,2
3,3,1,4,2,2,6,3,3,2024,26,3,3,6,5,1,7
3,4,1,3,2,3,6,7,2,2024,26,3,3,4,5,3,3
3,3,2,4,1,1,6,5,3,2024,26,2,3,5,5,1,5
3,7,1,3,2,3,6,8,2,2024,26,1,3,4,5,1,6
3,5,2,3,1,1,6,6,2,2024,26,1,3,4,5,1,4
3,7,2,4,1,1,6,4,3,2024,26,1,3,6,5,3,6
3,4,1,3,2,2,6,6,2,2024,26,1,3,5,5,1,5
3,4,1,4,2,3,6,11,3,2024,26,1,3,5,2,3,6
3,7,2,4,1,1,6,5,3,2024,26,1,3,5,5,3,5
3,5,2,3,2,4,6,8,2,2024,26,1,3,4,5,2,5
3,5,1,2,2,3,6,10,2,2024,26,1,3,3,2,3,4
3,5,1,3,2,3,6,9,2,2024,26,1,3,5,5,3,5
3,4,2,3,1,1,6,5,2,2024,26,1,3,5,1,2,6
3,5,1,3,2,3,6,11,2,2024,26,1,3,4,5,1,7
3,5,1,1,2,2,6,9,1,2024,27,1,3,1,5,2,2
3,5,2,2,2,3,6,9,2,2024,27,1,3,2,5,2,2
3,5,2,2,1,1,6,7,2,2024,27,1,3,3,2,3,3
3,5,2,3,2,2,6,9,2,2024,27,1,3,4,5,3,5
3,5,2,3,1,1,6,8,2,2024,27,1,3,4,5,3,5
3,5,1,3,2,3,6,9,2,2024,27,1,3,4,5,2,5
2,5,2,4,1,1,6,6,3,2024,27,1,3,6,5,2,6
3,4,2,1,2,2,6,8,1,2024,27,1,3,1,5,3,4
3,4,2,2,2,3,6,8,2,2024,27,1,3,2,5,3,3
3,5,2,4,1,1,6,5,3,2024,27,1,3,6,2,3,6
3,5,1,4,2,2,6,7,3,2024,27,1,3,5,5,3,5
3,5,2,3,2,2,6,6,2,2024,27,1,3,5,5,3,5
3,5,2,3,1,1,6,6,2,2024,27,1,3,5,3,3,5
3,5,1,3,2,3,6,10,2,2024,27,1,3,4,5,2,5
3,4,2,3,2,3,6,7,2,2024,27,1,3,4,5,2,4
3,5,1,3,2,3,6,8,2,2024,27,1,3,4,5,2,5
3,5,2,3,2,3,6,9,2,2024,27,1,3,4,2,2,5
3,5,1,3,1,1,6,6,2,2024,27,1,3,5,5,2,6
3,5,2,3,2,2,6,6,2,2024,27,1,3,5,5,2,5
3,5,2,4,2,2,6,5,3,2024,27,1,3,6,5,2,7
3,5,1,4,2,2,6,5,3,2024,27,1,3,6,1,1,7
3,5,1,3,2,2,6,9,2,2024,27,1,3,4,2,2,6
3,5,2,3,1,1,6,6,2,2024,27,1,3,4,3,2,3
3,5,1,3,2,3,6,9,2,2024,27,1,3,4,5,2,5
3,5,1,3,1,1,6,8,2,2024,27,1,3,4,5,3,5
3,5,1,3,2,2,6,6,2,2024,27,1,3,5,5,3,7
3,7,1,4,2,2,6,6,3,2024,27,1,3,5,5,3,6
3,5,2,3,1,1,6,6,2,2024,27,1,3,5,3,3,3
3,5,1,3,2,3,6,4,2,2024,32,2,3,4,2,3,6
2,7,1,4,2,2,6,3,3,2024,32,2,3,6,3,1,5
1,6,1,1,1,1,6,12,1,2024,32,2,3,2,5,1,5
2,6,2,4,2,3,6,7,3,2024,32,4,3,5,1,1,7
2,7,1,4,2,4,6,7,3,2024,32,3,3,6,5,1,3
2,5,1,4,1,1,6,2,3,2024,32,2,3,5,5,2,7
3,5,2,4,1,1,6,6,3,2024,32,3,3,6,2,3,4
2,5,1,4,2,2,6,3,3,2024,32,2,3,5,5,2,7
2,5,2,3,1,1,6,3,2,2024,32,2,3,4,5,2,6
3,7,1,4,2,3,6,8,3,2024,32,3,3,5,3,3,6
3,4,1,1,2,3,6,4,1,2024,32,2,3,2,5,2,5
2,2,1,3,1,1,6,2,2,2024,32,4,3,4,5,1,4
3,6,2,3,2,2,6,6,2,2024,32,3,3,4,2,2,7
3,6,1,3,2,2,6,7,2,2024,33,1,4,5,5,3,6
3,6,2,2,2,3,6,7,2,2024,33,1,4,3,5,2,2
3,5,1,1,1,1,6,5,1,2024,33,1,4,1,5,2,1
3,8,2,4,1,1,6,3,3,2024,33,1,4,5,1,2,6
3,3,2,3,1,1,6,4,2,2024,33,1,4,5,2,2,6
3,7,1,2,2,2,6,7,2,2024,33,1,4,2,2,2,5
2,5,1,4,2,2,6,3,3,2024,32,3,3,5,5,1,5
3,3,1,4,1,1,6,2,3,2024,32,4,3,6,3,1,2
3,5,2,4,2,2,6,6,3,2024,32,3,3,5,3,3,6
3,4,2,4,2,3,6,5,3,2024,32,3,3,5,5,3,6
1,4,1,3,1,1,6,4,2,2024,32,2,3,5,5,1,6
3,4,2,1,1,1,6,2,1,2024,32,2,3,1,5,3,3
2,2,1,3,2,4,6,4,2,2024,32,3,3,4,5,3,2
3,4,2,3,2,3,6,5,2,2024,32,2,3,4,5,2,6
3,7,1,3,2,2,6,5,2,2024,33,3,4,4,5,2,7
3,6,1,1,2,3,6,9,1,2024,33,3,4,1,5,3,4
3,5,2,3,2,2,6,7,2,2024,33,3,4,4,5,2,5
3,7,2,4,2,2,6,7,3,2024,33,3,4,5,2,3,7
3,5,2,4,1,1,6,3,3,2024,33,3,4,6,2,1,7
3,5,1,4,2,2,6,3,3,2024,33,3,4,6,5,1,7
3,7,1,2,2,2,6,7,2,2024,33,3,4,2,2,3,3
3,6,2,3,2,2,6,7,2,2024,33,3,4,4,5,3,3
3,8,2,2,2,2,6,6,2,2024,33,3,4,3,5,3,6
3,8,2,4,2,2,6,7,3,2024,33,3,4,5,5,2,6
3,7,1,3,2,2,6,7,2,2024,33,3,4,4,5,2,7
3,7,2,2,2,3,6,6,2,2024,33,3,4,3,5,3,6
3,5,1,2,2,2,6,5,2,2024,33,1,4,2,5,3,5
3,7,1,3,1,1,6,6,2,2024,33,1,4,4,5,2,4
3,6,2,3,2,2,6,5,2,2024,33,1,4,4,5,2,7
3,7,2,4,1,1,6,3,3,2024,33,1,4,6,5,2,7
3,6,2,1,2,2,6,7,1,2024,33,1,4,1,2,2,4
3,6,2,4,2,2,6,5,3,2024,33,1,4,6,5,2,7
3,8,2,1,2,2,5,8,1,2024,34,3,4,1,5,3,4
3,5,2,4,1,1,5,3,3,2024,34,3,4,5,5,3,7
3,7,1,3,2,2,5,6,2,2024,34,3,4,4,5,2,5
3,7,1,2,1,1,5,6,2,2024,34,3,4,3,5,3,3
3,5,1,3,2,2,5,7,2,2024,34,3,4,4,5,3,5
3,6,2,2,2,2,5,7,2,2024,34,3,4,2,5,2,5
3,5,2,1,1,1,5,5,1,2024,34,3,4,1,2,3,4
3,5,2,2,1,1,5,5,2,2024,34,3,4,2,5,3,3
3,7,1,3,1,1,5,6,2,2024,34,3,4,4,2,3,3
3,7,2,1,2,2,5,7,1,2024,34,2,4,1,5,3,4
3,8,1,4,2,2,5,6,3,2024,34,2,4,5,5,3,7
3,5,2,3,1,1,5,5,2,2024,34,2,4,4,2,2,6
3,7,2,2,1,1,5,5,2,2024,34,2,4,2,2,2,3
3,8,2,3,1,1,5,5,2,2024,34,2,4,4,5,3,3
3,8,2,3,1,1,5,5,2,2024,34,2,4,4,5,3,3
3,3,2,4,1,1,5,3,3,2024,34,3,4,6,5,1,6
2,6,1,3,2,3,5,8,2,2024,34,3,4,4,2,1,4
3,4,1,2,2,2,5,6,2,2024,34,3,4,2,1,1,4
1,6,2,4,2,3,5,7,3,2024,34,3,4,6,2,1,5
2,4,1,1,2,4,5,7,1,2024,41,1,4,2,5,3,5
1,6,1,1,1,1,5,5,1,2024,34,3,4,2,1,2,5
3,6,1,4,2,3,5,7,3,2024,34,1,4,5,2,1,4
3,4,2,3,2,4,5,8,2,2024,34,1,4,4,2,2,5
3,5,2,3,2,3,5,8,2,2024,34,1,4,4,2,1,5
3,5,1,4,2,4,5,8,3,2024,34,1,4,5,2,2,3
3,7,1,3,2,3,5,6,2,2024,34,1,4,4,5,1,3
3,6,2,3,2,2,5,6,2,2024,34,1,4,4,5,1,4
3,7,2,4,2,2,5,5,3,2024,34,1,4,5,5,1,4
3,6,1,3,2,4,5,8,2,2024,34,1,4,5,1,1,4
3,8,2,3,2,4,5,9,2,2024,34,1,4,4,3,1,4
3,8,2,3,1,1,5,7,2,2024,34,1,4,5,2,1,3
3,8,2,1,2,3,5,6,1,2024,34,1,4,2,2,1,1
3,4,1,4,2,2,5,4,3,2024,34,1,4,6,2,1,5
3,5,1,1,1,1,5,4,1,2024,35,2,4,1,5,2,1
3,7,1,1,1,1,5,5,1,2024,35,2,4,2,5,3,1
3,6,1,1,1,1,5,4,1,2024,35,2,4,1,5,3,1
3,5,2,3,2,2,5,6,2,2024,35,2,4,4,2,2,4
3,5,2,3,2,3,5,7,2,2024,35,2,4,4,5,2,4
2,5,1,3,1,1,5,5,2,2024,35,2,4,5,1,3,4
2,5,2,3,2,3,5,9,2,2024,35,1,4,5,5,2,4
3,4,2,3,1,1,5,4,2,2024,35,1,4,4,1,3,4
2,5,2,3,1,1,5,6,2,2024,35,1,4,4,5,3,3
3,6,2,2,2,3,5,10,2,2024,35,1,4,2,5,2,3
3,6,1,3,1,1,5,9,2,2024,35,1,4,4,5,2,2
3,6,2,2,2,3,5,9,2,2024,35,1,4,2,5,2,3
3,3,2,1,1,1,5,4,1,2024,35,3,4,1,5,1,1
2,4,1,1,1,1,5,5,1,2024,35,3,4,2,5,2,1
2,5,1,3,2,3,5,8,2,2024,35,3,4,4,5,3,4
2,5,1,3,2,4,5,10,2,2024,35,3,4,4,5,3,4
2,6,2,3,2,2,5,8,2,2024,35,3,4,4,1,2,3
3,4,2,3,1,1,5,4,2,2024,35,3,4,5,1,3,3
3,6,1,1,2,4,5,9,1,2024,35,1,4,1,2,2,3
3,4,2,4,2,2,5,4,3,2024,35,1,4,6,2,3,5
3,5,1,4,2,2,5,3,3,2024,35,1,4,6,5,3,5
3,5,1,1,2,5,5,8,1,2024,35,1,4,1,5,2,4
2,5,1,4,2,2,5,4,3,2024,35,1,4,6,2,3,6
3,6,1,2,1,1,5,6,2,2024,35,1,4,2,5,2,1
2,6,1,3,2,2,5,5,2,2024,35,1,4,5,5,3,5
3,6,1,4,2,2,5,5,3,2024,35,1,4,5,5,3,5
3,6,1,2,2,4,5,9,2,2024,35,1,4,3,5,3,6
3,6,2,4,2,2,5,4,3,2024,35,1,4,6,1,3,6
3,6,2,3,2,2,5,6,2,2024,35,1,4,4,2,3,5
3,6,2,3,2,2,5,6,2,2024,35,1,4,4,5,3,5
2,5,1,1,1,1,5,6,1,2024,35,1,4,1,5,2,1
2,4,2,1,1,1,5,6,1,2024,35,1,4,1,5,2,1
2,5,2,4,1,1,5,3,3,2024,35,1,4,5,5,3,5
3,6,2,1,2,4,5,6,1,2024,36,3,4,2,5,1,2
3,7,1,2,2,4,5,5,2,2024,36,3,4,3,1,1,5
3,5,2,3,1,1,5,4,2,2024,36,3,4,5,1,2,6
2,6,1,3,2,2,5,6,2,2024,36,3,4,4,1,1,4
3,6,1,3,1,1,5,5,2,2024,36,3,4,5,1,1,3
2,8,1,3,1,1,5,5,2,2024,36,3,4,5,2,1,3
3,7,1,4,2,2,5,4,3,2024,36,3,4,6,5,1,5
3,7,2,2,1,1,5,4,2,2024,36,3,4,3,5,2,3
3,6,1,1,1,1,5,4,1,2024,36,3,4,2,5,1,4
3,7,1,3,2,2,5,5,2,2024,36,3,4,4,5,1,4
3,6,1,3,2,2,5,5,2,2024,36,3,4,4,1,3,4
3,8,2,2,1,1,5,5,2,2024,36,3,4,3,2,1,6
3,8,2,2,2,4,5,7,2,2024,36,1,4,3,5,2,3
3,5,1,3,2,2,5,8,2,2024,36,1,4,4,1,1,4
3,4,1,2,1,1,5,5,2,2024,36,1,4,3,5,3,5
3,5,2,1,2,4,5,8,1,2024,36,1,4,1,5,1,4
3,6,2,1,1,1,5,2,1,2024,36,1,4,1,5,1,1
2,4,1,1,2,4,5,8,1,2024,36,1,4,1,1,1,4
1,5,1,2,2,3,5,6,2,2024,36,1,4,3,5,2,6
3,3,1,1,2,4,5,7,1,2024,36,1,4,1,5,1,4
3,6,2,1,1,1,5,5,1,2024,36,1,4,2,5,1,2
3,5,2,1,1,1,5,5,1,2024,36,1,4,1,2,2,4
3,6,1,1,2,4,5,11,1,2024,36,1,4,1,1,1,4
3,6,2,3,2,2,5,6,2,2024,36,1,4,5,5,1,6
3,7,2,3,2,4,1,11,2,2024,43,1,4,4,5,1,7
3,8,2,2,2,2,1,8,2,2024,43,1,4,2,5,3,5
3,7,1,1,2,3,1,11,1,2024,43,1,4,1,5,3,4
3,7,2,2,2,4,1,9,2,2024,43,1,4,3,5,3,5
3,6,1,4,1,1,1,3,3,2024,43,1,4,6,5,3,7
3,6,2,4,1,1,1,3,3,2024,43,1,4,6,5,3,7
3,7,1,3,2,2,1,8,2,2024,43,1,4,5,5,3,7
3,5,2,3,1,1,1,4,2,2024,37,3,4,5,1,3,6
3,4,1,3,1,1,1,6,2,2024,37,2,4,4,5,2,7
3,4,1,1,1,1,1,4,1,2024,37,2,4,1,5,2,1
3,4,2,2,2,3,1,6,2,2024,37,3,4,2,2,2,3
3,6,1,2,2,4,1,7,2,2024,37,3,4,3,5,2,6
3,5,2,3,2,2,1,6,2,2024,37,3,4,4,5,2,5
3,5,2,1,2,4,1,8,1,2024,37,1,4,1,2,2,4
3,3,2,2,1,1,1,4,2,2024,37,1,4,3,5,2,4
2,6,1,3,2,3,1,7,2,2024,37,1,4,4,5,3,5
3,5,2,3,2,3,1,6,2,2024,37,1,4,4,5,2,5
3,7,1,3,2,2,1,6,2,2024,37,1,4,5,5,3,7
2,5,2,3,1,1,1,4,2,2024,37,1,4,5,1,2,6
2,5,1,4,2,2,1,6,3,2024,37,1,4,5,1,2,7
2,5,2,3,2,3,1,8,2,2024,37,1,4,4,2,2,5
2,5,1,4,2,2,1,6,3,2024,37,1,4,6,3,2,7
2,5,2,3,1,1,1,4,2,2024,37,1,4,5,5,2,6
3,5,2,1,2,2,1,6,1,2024,37,1,4,1,5,3,4
2,5,1,3,1,1,1,7,2,2024,37,1,4,4,5,3,5
3,6,2,2,2,4,1,8,2,2024,37,1,4,3,2,3,6
3,5,1,2,1,1,1,6,2,2024,37,1,4,3,5,3,6
3,6,1,3,2,4,1,8,2,2024,37,1,4,4,5,3,7
3,5,2,3,2,2,1,5,2,2024,37,1,4,4,1,2,6
2,6,1,3,1,1,1,5,2,2024,37,1,4,5,5,3,7
1,6,2,4,2,2,1,6,3,2024,37,1,4,5,3,2,7
2,6,2,4,2,2,1,4,3,2024,37,1,4,6,1,1,7
2,5,1,4,2,2,1,5,3,2024,37,3,4,5,1,2,7
2,4,1,2,2,3,1,6,2,2024,37,3,4,3,5,1,5
2,4,1,3,1,1,1,5,2,2024,37,2,4,4,5,2,6
3,5,2,3,2,2,1,7,2,2024,37,3,4,4,2,2,5
3,4,2,1,1,1,1,4,1,2024,37,3,4,2,5,2,2
2,4,1,1,2,3,1,6,1,2024,37,3,4,1,5,2,4
3,5,2,4,1,1,1,4,3,2024,37,1,4,6,3,1,7
2,4,1,3,2,4,1,8,2,2024,37,1,4,4,5,3,5
2,4,2,2,1,1,1,4,2,2024,37,1,4,3,2,1,6
3,5,1,2,2,3,1,5,2,2024,37,1,4,2,5,3,3
3,6,2,3,2,2,1,5,2,2024,37,1,4,5,1,2,7
3,6,2,3,2,3,1,8,2,2024,37,1,4,4,5,2,7
3,8,2,2,2,3,1,9,2,2024,43,1,4,3,5,1,6
3,8,1,1,2,3,1,10,1,2024,43,1,4,1,5,1,4
3,7,1,4,2,2,1,8,3,2024,43,1,4,5,5,2,7
3,8,2,4,2,2,1,8,3,2024,43,1,4,5,5,3,6
3,8,2,4,1,1,1,3,3,2024,43,1,4,6,2,2,7
3,8,1,3,2,3,1,9,2,2024,43,1,4,4,5,2,7
3,7,2,3,2,2,1,8,2,2024,43,1,4,4,2,2,7
2,1,1,1,2,3,1,9,1,2024,43,1,4,1,2,2,4
3,8,1,3,2,2,1,9,2,2024,43,1,4,4,2,2,7
3,8,2,2,1,1,1,5,2,2024,43,1,4,3,2,2,5
3,8,2,4,2,2,1,8,3,2024,43,1,4,5,2,2,6
2,1,2,3,2,2,1,8,2,2024,43,1,4,4,2,2,7
3,1,2,1,1,1,1,5,1,2024,43,1,4,1,5,3,2
3,2,1,4,2,2,1,4,3,2024,43,1,4,5,5,1,7
2,2,1,3,2,2,1,8,2,2024,43,3,4,4,2,2,7
3,3,2,4,1,1,1,3,3,2024,43,3,4,6,1,2,7
3,1,2,3,1,1,1,5,2,2024,43,3,4,4,5,1,7
3,2,2,3,2,2,1,8,2,2024,43,3,4,4,1,2,6
2,6,1,2,2,2,1,5,2,2024,43,3,4,2,5,2,4
3,2,1,3,2,2,1,9,2,2024,43,3,4,4,5,2,7
3,2,1,2,2,2,1,8,2,2024,43,3,4,2,5,3,5
3,5,1,3,2,2,1,8,2,2024,43,3,4,4,5,3,7
3,2,2,1,1,1,1,5,1,2024,43,1,4,2,5,2,1
3,3,1,4,2,2,1,7,3,2024,43,1,4,5,2,2,6
3,2,2,2,1,1,1,5,2,2024,43,1,4,3,5,2,4
3,2,1,4,2,2,1,5,3,2024,43,1,4,5,5,2,7
3,1,1,2,1,1,1,5,2,2024,43,1,4,3,5,2,2
3,8,2,3,2,2,1,8,2,2024,43,1,4,4,2,2,2
3,1,2,1,1,1,1,5,1,2024,43,1,4,1,5,1,1
3,5,1,4,2,2,1,4,3,2024,43,1,4,6,2,1,7
3,5,1,3,2,2,1,8,2,2024,43,1,4,4,5,2,6
3,5,1,4,2,2,1,5,3,2024,43,1,4,5,5,2,7
3,8,2,3,2,2,1,7,2,2024,43,1,4,4,5,3,6
3,7,1,4,2,2,1,5,3,2024,43,1,4,5,5,2,7
3,5,1,4,2,2,1,5,3,2024,43,1,4,5,2,2,6
3,8,1,1,1,1,1,5,1,2024,43,3,4,1,5,2,2
3,8,1,3,2,2,1,7,2,2024,43,3,4,4,5,3,4
3,5,2,2,2,2,1,7,2,2024,43,3,4,2,5,3,5
3,7,1,2,1,1,1,4,2,2024,43,3,4,3,5,3,5
3,5,1,2,2,2,1,7,2,2024,43,3,4,3,5,3,3
3,7,1,2,2,3,1,8,2,2024,43,3,4,3,2,2,4
3,5,1,1,1,1,1,4,1,2024,44,1,4,2,5,2,1
3,5,2,1,1,1,1,3,1,2024,44,1,4,1,5,1,4
3,5,1,3,2,3,1,5,2,2024,44,1,4,4,5,2,3
3,6,1,3,2,2,1,4,2,2024,44,1,4,5,5,1,5
3,5,2,3,1,1,1,3,2,2024,44,1,4,5,5,2,5
3,5,1,4,2,2,1,3,3,2024,44,1,4,6,5,2,5
3,2,1,1,1,1,5,4,1,2024,36,1,4,2,5,1,5
3,8,1,1,2,2,1,9,1,2024,44,2,4,1,5,2,2
3,7,2,2,1,1,1,5,2,2024,44,2,4,2,5,2,4
3,7,1,2,2,2,1,9,2,2024,44,2,4,3,5,1,5
3,7,2,3,1,1,1,6,2,2024,44,2,4,4,2,2,6
3,7,1,3,2,3,1,9,2,2024,44,2,4,4,5,2,5
3,7,1,3,1,1,1,5,2,2024,44,2,4,5,5,2,4
3,7,1,1,1,1,1,4,1,2024,44,2,4,1,5,2,2
3,7,2,2,1,1,1,5,2,2024,44,2,4,2,5,2,3
3,7,2,3,2,4,1,10,2,2024,44,2,4,4,5,2,5
3,7,2,4,1,1,1,5,3,2024,44,2,4,5,2,2,6
3,7,1,3,2,3,1,5,2,2024,44,2,4,4,3,2,4
3,7,1,2,2,3,1,10,2,2024,44,2,4,3,5,2,3
3,7,2,3,1,1,1,5,2,2024,44,1,4,4,5,2,4
3,8,2,2,1,1,1,5,2,2024,44,1,4,2,5,2,2
3,6,1,3,2,2,1,8,2,2024,44,1,4,4,5,2,2
3,7,2,1,2,3,1,9,1,2024,44,1,4,1,5,2,4
3,8,2,2,2,4,1,9,2,2024,44,1,4,3,5,2,3
3,8,2,4,2,2,1,5,3,2024,44,1,4,6,5,2,3
3,7,2,2,2,3,1,9,2,2024,44,1,4,3,5,3,4
3,7,1,2,1,1,1,6,2,2024,44,1,4,2,5,2,2
3,8,1,3,1,1,1,6,2,2024,44,1,4,5,5,2,5
3,7,1,3,2,3,1,9,2,2024,44,1,4,4,5,2,6
3,8,2,3,2,4,1,10,2,2024,44,1,4,4,3,2,3
3,7,2,3,2,2,1,8,2,2024,44,1,4,5,2,2,5
3,7,2,4,1,1,1,4,3,2024,44,1,4,6,2,2,6
3,6,2,2,2,3,5,8,2,2024,38,1,4,2,5,3,4
3,7,2,3,2,2,5,7,2,2024,38,1,4,5,5,3,7
3,6,2,4,2,2,5,4,3,2024,38,1,4,6,5,3,7
3,6,1,2,1,1,5,5,2,2024,38,1,4,3,5,2,2
3,6,1,3,2,2,5,7,2,2024,38,1,4,4,5,3,7
3,6,1,3,2,3,5,7,2,2024,38,1,4,4,5,3,4
3,6,1,3,2,3,5,6,2,2024,38,1,4,4,5,3,5
3,6,2,3,2,3,5,7,2,2024,38,1,4,4,5,3,7
3,5,1,1,2,2,5,5,1,2024,38,1,4,1,5,2,4
3,6,1,3,2,2,5,5,2,2024,38,1,4,5,5,3,7
3,5,2,2,1,1,5,5,2,2024,38,1,4,3,5,3,6
3,4,2,2,1,1,5,8,2,2024,38,1,4,2,2,3,5
3,3,1,2,2,4,5,10,2,2024,38,1,4,2,5,2,3
3,5,2,4,1,1,5,7,3,2024,38,2,4,5,2,3,5
3,4,1,3,2,4,5,10,2,2024,38,2,4,4,5,1,4
3,4,1,3,2,2,5,8,2,2024,38,2,4,5,2,2,4
3,3,2,4,1,1,5,5,3,2024,38,2,4,6,2,1,7
3,4,2,2,2,4,5,9,2,2024,38,2,4,3,3,3,3
3,4,2,3,2,3,5,12,2,2024,38,2,4,4,5,1,5
3,4,1,2,1,1,5,9,2,2024,38,2,4,2,5,1,4
3,4,1,3,2,3,5,12,2,2024,38,1,4,4,2,3,7
3,3,2,3,2,4,5,10,2,2024,38,1,4,4,5,1,4
3,4,1,2,1,1,5,8,2,2024,38,1,4,3,5,2,4
3,4,1,3,2,3,5,9,2,2024,38,1,4,4,1,2,5
3,4,2,3,2,4,5,12,2,2024,38,1,4,4,5,1,4
3,3,1,4,2,2,5,5,3,2024,38,1,4,6,2,3,5
3,5,2,1,2,2,5,8,1,2024,38,3,4,2,5,1,1
3,2,1,4,1,1,5,5,3,2024,38,3,4,6,5,2,5
3,3,2,3,2,4,5,9,2,2024,38,3,4,4,5,1,7
3,3,2,1,1,1,5,5,1,2024,38,3,4,1,5,3,1
3,3,1,1,2,3,5,9,1,2024,38,2,4,2,2,3,5
3,3,2,1,1,1,5,5,1,2024,38,3,4,1,5,1,1
3,5,2,4,1,1,5,10,3,2024,38,2,4,5,1,1,6
3,5,2,2,2,3,5,7,2,2024,38,1,4,3,5,3,3
3,6,2,3,2,2,5,6,2,2024,38,1,4,5,5,3,5
3,5,2,2,1,1,5,5,2,2024,38,1,4,3,5,3,5
3,4,2,3,1,1,5,4,2,2024,38,1,4,4,2,2,7
3,3,2,4,1,1,5,3,3,2024,38,1,4,6,5,3,7
3,5,1,4,1,1,5,5,3,2024,38,1,4,5,5,3,6
3,7,2,3,1,1,5,6,2,2024,38,1,4,4,5,3,5
3,6,1,2,2,3,5,8,2,2024,38,1,4,3,5,3,4
3,5,1,3,2,2,5,5,2,2024,38,1,4,5,2,3,7
3,5,2,3,2,3,5,7,2,2024,38,1,4,4,5,3,7
3,5,1,3,2,2,5,5,2,2024,38,1,4,4,5,3,6
3,5,1,3,2,2,5,7,2,2024,38,1,4,4,5,3,6
3,5,2,3,2,3,5,8,2,2024,38,1,4,4,5,3,7
3,8,1,1,2,2,5,7,1,2024,39,1,4,1,5,1,2
3,7,2,2,2,3,5,7,2,2024,39,1,4,2,5,2,3
3,8,1,2,2,3,5,9,2,2024,39,1,4,3,5,3,5
3,8,1,3,2,2,5,8,2,2024,39,1,4,4,5,2,4
3,7,2,3,2,2,5,8,2,2024,39,1,4,4,5,3,5
3,8,2,4,2,2,5,6,3,2024,39,1,4,5,5,1,6
3,8,2,4,2,2,5,4,3,2024,39,1,4,6,2,1,7
3,1,2,1,1,1,5,5,1,2024,39,2,4,1,5,2,2
3,5,1,2,1,1,5,5,2,2024,39,2,4,2,5,2,3
3,6,2,3,1,1,5,4,2,2024,39,2,4,4,5,1,5
3,3,2,4,1,1,5,4,3,2024,39,2,4,6,5,1,7
2,4,1,3,2,2,5,9,2,2024,39,2,4,4,2,1,4
3,4,1,3,1,1,5,4,2,2024,39,2,4,5,5,1,6
3,7,2,3,1,1,5,6,2,2024,39,2,4,5,3,1,5
2,5,1,2,2,4,5,9,2,2024,39,1,4,3,5,1,4
3,6,2,2,1,1,5,5,2,2024,39,1,4,3,5,1,2
3,7,1,3,2,3,5,8,2,2024,39,1,4,4,5,1,5
3,8,2,3,2,3,5,10,2,2024,39,1,4,4,2,3,5
3,4,1,3,2,2,5,7,2,2024,39,1,4,5,2,3,6
3,7,1,4,1,1,5,5,3,2024,39,1,4,6,5,2,6
3,7,2,4,1,1,5,4,3,2024,39,1,4,5,5,1,7
2,7,1,2,1,1,5,6,2,2024,39,2,4,3,5,1,2
3,6,1,1,1,1,5,5,1,2024,39,2,4,1,5,2,2
3,4,2,2,1,1,5,5,2,2024,39,2,4,3,5,1,3
3,4,2,3,2,3,5,8,2,2024,39,2,4,4,5,1,4
3,4,2,4,1,1,5,3,3,2024,39,2,4,6,2,1,5
3,7,1,3,2,3,5,10,2,2024,39,2,4,5,5,1,7
2,0,2,3,1,1,5,4,2,2024,39,4,4,5,5,1,5
3,3,2,1,2,3,5,7,1,2024,39,1,4,1,5,2,3
3,4,1,4,2,2,5,4,3,2024,39,1,4,6,5,2,7
3,4,1,2,2,3,5,9,2,2024,39,1,4,2,5,2,2
3,4,1,4,2,2,5,8,3,2024,39,1,4,5,2,2,7
3,8,2,2,1,1,5,8,2,2024,39,1,4,3,1,1,5
3,10,1,3,2,3,5,11,2,2024,39,1,4,4,5,1,5
3,7,2,3,2,4,5,9,2,2024,39,1,4,4,5,1,6
3,6,2,3,2,3,5,9,2,2024,39,1,4,4,5,1,3
3,7,1,1,2,2,5,8,1,2024,39,1,4,2,5,2,2
3,4,1,3,2,3,5,8,2,2024,39,1,4,4,5,2,4
3,5,2,4,2,2,5,7,3,2024,39,1,4,5,5,1,5
3,8,1,3,2,3,5,9,2,2024,39,1,4,4,1,1,4
3,6,1,4,2,2,5,6,3,2024,39,1,4,5,5,1,6
2,5,2,4,1,1,5,4,3,2024,39,1,4,6,5,1,6
2,4,1,4,1,1,5,4,3,2024,40,1,4,6,2,3,5
3,4,2,3,1,1,5,4,2,2024,40,1,4,4,5,3,4
3,7,1,3,2,4,5,12,2,2024,40,1,4,4,5,3,4
3,5,2,3,2,4,5,9,2,2024,40,1,4,4,2,3,4
2,5,1,2,2,2,5,8,2,2024,40,1,4,3,5,3,4
2,5,2,2,2,4,5,9,2,2024,40,1,4,3,5,3,3
3,5,2,3,2,2,5,7,2,2024,40,3,4,5,5,3,4
3,5,2,2,2,3,5,8,2,2024,40,3,4,3,5,3,3
2,5,1,4,2,2,5,5,3,2024,40,2,4,5,1,3,4
2,4,2,1,1,1,5,4,1,2024,40,3,4,1,5,2,2
2,6,2,3,2,3,5,7,2,2024,40,3,4,4,5,3,3
3,4,1,3,1,1,5,5,2,2024,40,3,4,4,5,2,3
3,4,1,2,1,1,5,5,2,2024,40,3,4,2,5,2,1
3,5,1,1,2,3,5,9,1,2024,40,3,4,1,5,2,3
3,5,2,3,2,2,5,6,2,2024,40,3,4,5,5,3,4
3,5,2,2,2,3,5,8,2,2024,40,3,4,2,5,3,3
3,4,2,4,1,1,5,3,3,2024,40,3,4,6,2,3,5
2,6,1,2,2,3,5,8,2,2024,40,3,4,3,5,3,4
2,6,1,3,2,4,5,9,2,2024,40,1,4,4,5,3,3
3,5,2,3,2,3,5,8,2,2024,40,1,4,4,2,3,4
3,5,2,3,2,2,5,4,2,2024,40,1,4,5,5,3,4
2,6,1,4,2,2,5,6,3,2024,40,1,4,5,1,3,4
1,5,1,3,2,3,5,8,2,2024,40,1,4,4,5,3,3
2,5,2,3,2,4,5,10,2,2024,40,1,4,4,1,3,2
2,5,1,2,2,3,5,8,2,2024,40,1,4,3,2,3,3
3,4,1,1,1,1,5,5,1,2024,40,1,4,1,5,2,1
2,5,1,2,2,3,5,7,2,2024,40,1,4,2,3,3,2
3,5,2,4,1,1,5,3,3,2024,40,1,4,6,3,3,5
2,4,2,2,1,1,5,4,2,2024,40,1,4,2,5,2,2
2,4,2,3,2,2,5,6,2,2024,40,1,4,4,1,3,3
3,4,2,4,1,1,5,3,3,2024,40,1,4,6,2,3,4
2,4,1,4,2,2,5,3,3,2024,40,1,4,6,5,3,5
3,6,1,3,2,4,5,9,2,2024,40,1,4,4,5,3,4
2,4,2,3,1,1,5,4,2,2024,40,1,4,5,2,3,4
2,5,1,2,2,3,5,7,2,2024,40,1,4,3,5,3,3
2,4,2,2,1,1,5,5,2,2024,40,1,4,2,5,2,2
3,5,2,3,2,4,5,8,2,2024,40,1,4,4,5,3,4
3,4,2,4,1,1,5,3,3,2024,40,1,4,5,2,3,5
2,4,2,1,1,1,5,4,1,2024,40,1,4,1,5,2,1
2,5,1,2,2,3,5,6,2,2024,40,1,4,2,2,2,2
2,5,2,2,2,3,5,6,2,2024,40,1,4,3,5,3,4
2,5,1,3,2,4,5,8,2,2024,40,1,4,4,1,2,3
2,5,1,4,2,2,5,4,3,2024,40,1,4,5,1,3,3
2,4,2,3,1,1,5,4,2,2024,40,1,4,4,5,3,3
2,5,1,1,1,1,5,4,1,2024,40,1,4,1,5,2,1
2,5,1,1,1,1,5,5,1,2024,40,1,4,1,5,1,1
2,3,2,1,1,1,5,5,1,2024,40,1,4,1,5,2,1
2,5,1,3,2,3,5,9,2,2024,40,1,4,4,3,2,4
2,5,1,4,2,2,5,4,3,2024,40,1,4,5,2,3,5
3,8,2,2,2,3,5,7,2,2024,42,1,4,2,5,3,2
3,6,2,3,2,4,5,8,2,2024,42,1,4,4,2,2,3
3,7,1,2,2,3,5,8,2,2024,42,1,4,2,5,2,1
3,6,1,4,1,1,5,5,3,2024,42,1,4,6,5,2,5
2,7,2,3,2,3,5,7,2,2024,42,1,4,5,2,2,4
3,7,1,3,2,3,5,6,2,2024,42,1,4,4,2,2,4
3,7,2,1,1,1,5,4,1,2024,41,3,4,1,5,1,1
3,7,1,2,1,1,5,4,2,2024,41,3,4,2,5,1,2
3,5,2,2,1,1,5,3,2,2024,41,3,4,3,2,1,2
2,7,1,4,1,1,5,4,3,2024,41,3,4,5,5,1,5
2,5,1,3,2,3,5,4,2,2024,41,3,4,4,2,2,2
2,5,2,3,1,1,5,7,2,2024,41,3,4,4,2,2,3
2,7,1,1,1,1,5,4,1,2024,41,3,4,1,5,1,1
1,3,2,3,1,1,5,3,2,2024,41,3,4,4,5,1,3
2,4,2,1,2,3,5,6,1,2024,41,3,4,2,5,1,2
2,4,1,2,2,4,5,6,2,2024,41,3,4,3,5,2,2
3,6,1,3,2,3,5,6,2,2024,41,3,4,4,2,1,3
3,3,1,3,2,3,5,4,2,2024,41,3,4,5,5,1,5
2,5,2,1,2,3,5,5,1,2024,41,1,4,1,2,1,2
2,6,2,2,2,4,5,8,2,2024,41,1,4,3,5,2,3
2,6,1,2,2,3,5,7,2,2024,41,1,4,2,5,2,2
2,6,1,3,2,3,5,5,2,2024,41,1,4,4,5,2,3
2,6,2,3,2,3,5,8,2,2024,41,1,4,4,2,3,3
3,5,2,4,1,1,5,3,3,2024,41,1,4,6,2,2,4
2,5,1,1,2,3,5,6,1,2024,41,1,4,1,2,2,2
2,5,2,1,1,1,5,5,1,2024,41,1,4,2,5,2,2
2,5,1,2,2,3,5,5,2,2024,41,1,4,3,5,2,2
2,5,1,3,2,4,5,5,2,2024,41,1,4,4,5,2,3
2,5,2,3,2,3,5,6,2,2024,41,1,4,4,2,2,2
2,7,2,4,1,1,5,7,3,2024,41,1,4,5,2,2,3
3,5,1,2,1,1,5,5,2,2024,41,1,4,2,5,2,3
3,7,2,2,2,4,5,8,2,2024,41,1,4,3,2,2,4
3,6,1,3,2,3,5,5,2,2024,41,1,4,4,2,2,3
3,6,1,4,2,3,5,6,3,2024,41,1,4,5,5,2,3
3,7,2,3,2,4,5,6,2,2024,41,1,4,4,2,2,4
3,4,2,4,1,1,5,2,3,2024,41,1,4,6,5,3,3
2,5,2,1,1,1,5,5,1,2024,41,1,4,1,5,2,2
2,5,2,1,1,1,5,5,1,2024,41,1,4,2,5,2,2
2,5,1,1,2,3,5,5,1,2024,41,1,4,1,2,2,2
2,5,1,3,2,4,5,6,2,2024,41,1,4,4,2,2,2
2,5,1,3,2,3,5,7,2,2024,41,1,4,5,2,2,3
2,5,2,3,2,3,5,6,2,2024,41,1,4,4,2,2,2
3,5,2,1,1,1,5,7,1,2024,41,1,4,2,2,2,2
2,6,1,2,2,3,5,11,2,2024,41,1,4,3,5,3,4
2,6,2,2,2,4,5,11,2,2024,41,1,4,3,5,3,3
3,6,1,3,2,4,5,12,2,2024,41,1,4,4,5,3,4
2,7,2,3,2,4,5,12,2,2024,41,1,4,4,5,3,5
2,6,1,2,2,4,5,12,2,2024,41,1,4,3,2,2,3
2,6,2,2,2,4,5,11,2,2024,41,1,4,3,5,2,4
3,6,2,2,2,4,5,11,2,2024,41,1,4,3,5,3,4
2,6,1,3,1,1,5,10,2,2024,41,1,4,4,5,3,2
3,5,2,3,1,1,5,8,2,2024,41,1,4,4,5,2,2
3,5,2,1,1,1,5,3,1,2024,42,3,4,1,1,2,2
3,6,2,2,1,1,5,5,2,2024,42,3,4,3,3,2,3
3,5,1,3,2,4,5,7,2,2024,42,3,4,4,5,1,3
3,4,2,3,2,4,5,9,2,2024,42,3,4,4,3,1,4
3,6,1,3,2,2,5,4,2,2024,42,3,4,5,5,1,3
2,6,2,3,1,1,5,4,2,2024,42,3,4,5,1,1,3
3,4,1,4,2,2,5,4,3,2024,42,3,4,6,1,1,3
3,7,1,2,2,4,5,5,2,2024,42,3,4,3,5,3,3
3,6,1,3,2,4,5,7,2,2024,42,3,4,4,2,1,2
3,8,2,3,2,4,5,6,2,2024,42,3,4,4,5,3,4
3,7,1,3,2,2,5,6,2,2024,42,3,4,5,1,3,3
3,6,2,3,1,1,5,4,2,2024,42,3,4,5,5,1,4
3,5,2,4,2,2,5,5,3,2024,42,3,4,6,1,1,3
3,6,1,4,2,2,5,7,3,2024,42,1,4,5,2,3,7
3,7,2,3,2,4,5,8,2,2024,42,1,4,4,5,3,6
2,6,2,4,1,1,5,5,3,2024,42,1,4,5,1,3,7
2,5,1,2,1,1,5,7,2,2024,42,1,4,3,2,2,4
2,5,1,1,2,4,5,12,1,2024,42,1,4,1,5,2,4
2,5,1,3,2,2,5,7,2,2024,42,1,4,4,5,2,5
2,7,2,4,2,2,5,5,3,2024,42,1,4,5,2,1,7
3,5,2,4,1,1,5,4,3,2024,42,1,4,6,3,1,7
1,4,2,3,2,4,5,8,2,2024,42,1,4,4,5,2,7
2,4,2,2,1,1,5,5,2,2024,42,1,4,2,5,2,3
1,5,1,3,2,2,5,5,2,2024,42,1,4,5,5,3,6
3,4,1,3,2,3,5,10,2,2024,42,1,4,4,5,2,5
3,8,2,2,2,3,3,11,2,2024,3,1,1,3,5,2,3
3,8,2,2,2,5,5,8,2,2024,42,1,4,2,5,1,3
3,7,2,3,2,4,5,8,2,2024,42,1,4,4,5,2,5
3,8,2,2,1,1,5,4,2,2024,42,1,4,3,2,1,4
3,10,1,3,2,4,5,5,2,2024,42,1,4,4,5,1,6
3,8,2,4,1,1,5,2,3,2024,42,1,4,6,2,1,7
3,9,2,3,2,4,5,9,2,2024,42,1,4,4,5,2,6
3,7,2,3,2,3,5,7,2,2024,42,1,4,4,5,1,6
3,7,2,2,1,1,5,4,2,2024,42,1,4,3,5,1,3
3,8,2,1,1,1,5,4,1,2024,42,1,4,1,5,1,1
3,10,1,3,2,3,5,9,2,2024,42,1,4,4,5,2,7
3,9,2,4,1,1,5,3,3,2024,42,1,4,5,2,1,4
3,9,1,4,2,2,5,5,3,2024,42,1,4,6,5,1,6
3,7,2,4,1,1,5,2,3,2024,42,1,4,6,2,3,7
3,8,2,1,1,1,1,5,1,2024,44,1,4,1,5,2,2
3,7,1,2,2,2,1,9,2,2024,44,1,4,2,5,2,1
3,7,2,2,2,4,1,8,2,2024,44,1,4,3,5,2,3
3,8,1,3,2,3,1,10,2,2024,44,1,4,4,5,2,5
3,8,2,3,2,2,1,5,2,2024,44,1,4,4,5,2,4
3,7,2,4,1,1,1,4,3,2024,44,1,4,5,5,2,3
3,5,2,3,2,2,3,5,2,2024,1,1,1,4,1,2,4
3,7,1,3,1,1,3,7,2,2024,1,1,1,4,5,1,3
2,6,2,1,2,3,3,10,1,2024,1,1,1,1,5,1,3
3,4,1,4,2,2,3,4,3,2024,1,1,1,6,5,3,4
3,5,2,4,1,1,3,3,3,2024,1,1,1,5,1,1,4
3,6,1,3,2,2,3,8,2,2024,1,1,1,4,5,3,2
3,7,2,3,2,3,3,9,2,2024,1,1,1,4,5,1,3
3,7,1,3,1,1,3,6,2,2024,3,1,1,4,2,2,4
3,8,1,3,1,1,3,6,2,2024,3,1,1,4,2,1,4
3,7,2,4,1,1,3,1,3,2024,3,1,1,6,2,3,5
3,7,2,4,1,1,3,4,3,2024,3,1,1,6,2,3,5
3,7,1,3,1,1,3,4,2,2024,3,1,1,4,2,3,4
3,6,1,3,1,1,3,4,2,2024,3,1,1,4,2,3,3
3,7,2,4,1,1,3,1,3,2024,3,1,1,6,2,2,5
3,7,1,3,2,3,3,5,2,2024,3,1,1,4,2,3,3
3,8,1,2,2,2,3,6,2,2024,3,1,1,2,2,3,3
3,5,2,1,1,1,4,3,1,2024,2,3,1,1,5,1,2
2,5,1,3,2,3,1,8,2,2024,37,1,4,4,2,2,5
3,4,2,3,1,1,1,5,2,2024,37,1,4,4,2,2,2
1,4,2,2,1,1,1,5,2,2024,37,1,4,2,5,1,2
3,7,1,1,2,4,1,6,1,2024,37,1,4,1,5,1,4
2,5,1,4,2,2,1,5,3,2024,37,1,4,6,5,2,7
3,4,1,2,2,3,1,7,2,2024,37,1,4,3,3,2,4
2,7,1,2,2,3,2,7,2,2024,13,2,2,3,2,1,4
2,5,2,2,2,2,5,11,2,2024,42,1,4,2,5,2,5
2,2,2,2,2,3,2,5,2,2024,20,1,2,2,1,1,5
2,1,1,2,1,1,1,5,2,2024,10,4,1,3,1,2,2
3,8,1,2,2,2,5,6,2,2024,39,1,4,3,2,2,3
3,7,2,2,2,4,2,7,2,2024,14,1,2,3,5,2,3
3,5,1,2,2,3,4,12,2,2024,2,1,1,3,5,2,3
3,8,1,2,2,4,5,10,2,2024,41,1,4,3,2,3,1
2,5,2,2,2,3,5,5,2,2024,39,1,4,3,2,2,3
3,8,1,1,2,4,5,8,1,2024,39,1,4,1,5,3,4
3,3,1,1,2,4,4,7,1,2024,17,1,2,1,5,2,4
1,2,1,2,1,1,2,7,2,2024,19,3,2,2,3,1,1
3,4,2,1,2,4,3,8,1,2024,9,1,1,1,1,3,4
2,5,1,1,2,4,3,8,1,2024,5,1,1,1,5,1,4
2,5,1,1,1,1,5,4,1,2024,35,3,4,1,2,2,4
3,5,2,2,2,5,4,8,2,2024,17,1,2,2,3,2,3
2,5,2,2,2,4,5,7,2,2024,38,1,4,3,1,2,3
3,5,2,1,1,1,1,2,1,2024,37,1,4,2,5,2,4
2,3,1,2,1,1,1,1,2,2024,30,4,3,3,5,1,1
2,9,1,2,2,2,4,11,2,2024,15,1,2,3,5,2,1
2,7,1,1,2,3,5,7,1,2024,36,3,4,1,2,3,4
3,6,1,1,1,1,1,2,1,2024,10,3,1,1,5,2,1
3,9,1,1,2,3,6,8,1,2024,31,1,3,2,1,2,3
3,7,2,1,2,4,3,7,1,2024,8,3,1,1,5,2,4
3,6,1,2,2,3,4,12,2,2024,2,1,1,3,5,2,2
2,6,2,1,1,1,5,6,1,2024,34,1,4,1,2,2,1
3,7,2,2,2,2,1,5,2,2024,44,1,4,2,5,1,2
3,7,1,2,2,4,1,6,2,2024,44,4,4,3,1,2,3
2,4,2,1,2,2,2,7,1,2024,13,2,2,1,5,2,1
3,6,2,2,2,3,5,11,2,2024,42,1,4,3,5,2,5
3,5,2,2,2,3,1,7,2,2024,10,1,1,2,5,3,5
3,6,2,2,2,4,6,8,2,2024,27,1,3,3,2,3,2
1,5,1,2,2,4,5,8,2,2024,41,1,4,3,5,3,3
2,2,2,2,2,4,3,7,2,2024,7,3,1,2,3,2,5
3,7,2,2,2,3,4,12,2,2024,18,1,2,3,2,3,1
3,7,1,1,2,2,6,6,1,2024,23,1,3,2,3,3,3
3,6,2,2,2,4,4,7,2,2024,2,1,1,3,5,2,3
3,5,2,2,2,3,2,7,2,2024,20,1,2,2,5,2,5
2,3,2,2,2,3,1,7,2,2024,29,2,3,3,5,2,2
3,5,1,1,2,2,4,5,1,2024,15,3,2,2,2,1,5
3,7,1,2,2,2,1,11,2,2024,43,2,4,2,5,3,1
3,4,2,2,2,4,3,9,2,2024,9,1,1,2,2,2,2
2,5,1,1,1,1,6,12,1,2024,31,4,3,1,5,2,1
1,5,2,1,2,3,4,6,1,2024,16,2,2,2,1,3,2
3,5,1,2,2,5,2,5,2,2024,20,1,2,3,5,3,1
2,7,2,1,2,2,3,4,1,2024,5,2,1,1,5,1,1
2,1,2,2,1,1,2,3,2,2024,21,3,2,2,5,1,2
3,6,1,2,2,4,2,12,2,2024,21,1,2,3,5,3,3
3,8,2,2,2,3,2,7,2,2024,21,1,2,2,5,2,3
2,0,1,2,1,1,2,5,2,2024,12,2,2,2,3,2,2
3,4,1,1,1,1,1,5,1,2024,37,1,4,1,5,1,3
3,4,2,2,2,5,5,6,2,2024,35,1,4,3,5,2,1
3,8,2,1,2,4,5,12,1,2024,41,1,4,1,5,2,4
3,7,1,2,2,3,3,6,2,2024,4,1,1,2,5,3,4
3,6,1,1,2,3,3,7,1,2024,5,1,1,1,2,3,4
2,5,1,2,2,3,2,9,2,2024,21,1,2,2,2,3,1
2,5,1,2,2,2,6,3,2,2024,25,3,3,3,1,1,6
3,5,2,2,1,1,4,4,2,2024,2,2,1,2,5,2,5
3,2,2,2,1,1,4,1,2,2024,18,1,2,2,3,1,4
3,8,1,1,1,1,4,6,1,2024,2,4,1,1,2,1,1
2,7,1,1,2,4,4,12,1,2024,16,1,2,2,5,1,5
3,5,1,1,2,3,6,4,1,2024,31,2,3,1,1,1,3
3,10,2,1,1,1,4,10,1,2024,16,2,2,2,5,3,1
3,2,1,1,2,2,5,12,1,2024,34,1,4,2,5,1,5
3,6,2,1,2,3,6,10,1,2024,27,1,3,2,5,2,4
3,6,2,2,2,3,5,9,2,2024,38,1,4,3,2,2,1
3,9,2,1,1,1,2,7,1,2024,21,2,2,1,1,1,2
3,4,2,2,2,4,4,5,2,2024,18,1,2,3,1,2,3
3,5,1,1,2,4,3,10,1,2024,3,1,1,1,5,2,4
3,7,2,1,2,4,2,12,1,2024,20,1,2,1,1,2,4
2,0,1,1,1,1,6,2,1,2024,33,3,4,1,3,1,1
3,7,2,2,2,3,1,7,2,2024,44,1,4,3,5,1,2
3,2,1,2,1,1,6,5,2,2024,23,4,3,3,5,2,5
2,7,2,1,2,5,2,9,1,2024,14,4,2,1,2,1,4
2,8,1,1,2,4,1,12,1,2024,43,1,4,1,5,3,3
3,7,1,2,2,2,4,7,2,2024,16,3,2,2,5,2,5
3,3,2,2,2,5,2,5,2,2024,13,3,2,3,5,1,4
2,7,2,1,1,1,6,5,1,2024,31,4,3,1,5,1,1
2,5,1,1,2,3,6,8,1,2024,6,3,1,2,5,1,5
2,5,2,1,2,3,5,12,1,2024,35,1,4,1,1,2,4
3,7,1,2,2,3,4,10,2,2024,15,2,2,2,5,2,1
3,5,1,2,2,4,4,8,2,2024,16,1,2,3,5,2,1
2,6,2,2,1,1,6,8,2,2024,24,3,3,3,5,3,1
3,7,1,1,2,3,2,12,1,2024,20,1,2,1,5,3,3
2,5,1,1,2,3,6,6,1,2024,31,3,3,1,5,2,4
3,7,2,1,1,1,5,1,1,2024,40,2,4,1,5,3,1
2,7,1,1,2,4,1,7,1,2024,10,1,1,1,5,1,1
3,7,1,1,2,2,3,7,1,2024,3,1,1,1,1,2,2
3,7,2,2,2,3,3,6,2,2024,3,1,1,2,1,2,5
3,6,1,1,1,1,4,5,1,2024,16,1,2,1,5,2,4
1,3,2,2,2,3,4,5,2,2024,16,1,2,2,2,1,3
3,8,2,2,2,4,4,7,2,2024,16,1,2,3,1,1,6
2,3,2,1,2,2,4,4,1,2024,16,1,2,1,3,2,3
3,2,2,1,1,1,4,4,1,2024,16,1,2,2,5,3,4
2,5,2,1,2,4,3,8,1,2024,1,3,1,1,2,2,3
2,5,1,1,2,3,3,8,1,2024,1,3,1,1,1,2,4
3,6,2,2,1,1,3,5,2,2024,1,3,1,3,2,2,4
3,4,1,2,2,3,3,8,2,2024,1,1,1,3,5,2,3
3,7,1,2,2,3,3,8,2,2024,3,1,1,3,3,2,3
3,7,2,1,2,2,3,7,1,2024,3,1,1,1,5,1,4
2,4,2,2,1,1,3,5,2,2024,1,2,1,3,2,1,1
2,4,1,2,2,2,3,5,2,2024,1,2,1,3,2,1,3
3,4,2,1,2,3,3,7,1,2024,1,2,1,1,3,1,3
3,5,1,1,2,3,3,6,1,2024,1,2,1,1,1,1,3
2,6,2,1,2,3,3,5,1,2024,1,2,1,1,3,2,3
3,6,1,1,2,3,3,7,1,2024,1,2,1,2,2,2,2
3,6,1,2,1,1,3,6,2,2024,1,3,1,2,5,2,4
3,5,1,1,1,1,3,5,1,2024,1,3,1,2,2,1,4
2,4,1,1,1,1,3,4,1,2024,1,3,1,1,5,2,3
3,7,2,2,1,1,4,5,2,2024,2,3,1,3,5,3,3
3,6,1,2,1,1,4,5,2,2024,2,3,1,2,5,2,3
3,7,1,2,1,1,4,5,2,2024,2,3,1,2,2,3,4
3,4,1,2,1,1,4,5,2,2024,2,1,1,3,2,3,4
3,4,2,1,2,2,4,7,1,2024,2,1,1,2,5,3,1
3,5,2,2,2,3,4,8,2,2024,2,1,1,2,5,2,3
3,5,2,2,1,1,4,5,2,2024,2,1,1,3,2,3,4
2,4,1,2,2,3,4,8,2,2024,2,1,1,3,5,3,2
3,5,2,2,1,1,4,5,2,2024,2,1,1,3,5,1,3
3,6,2,2,2,3,4,5,2,2024,2,1,1,2,5,2,2
3,5,1,2,2,3,4,6,2,2024,2,1,1,3,5,2,3
3,7,1,2,2,2,4,6,2,2024,2,3,1,2,2,1,4
3,8,1,1,1,1,4,5,1,2024,2,3,1,2,1,1,3
2,7,1,1,1,1,4,4,1,2024,2,3,1,1,5,1,3
3,7,2,1,2,3,4,8,1,2024,2,1,1,1,5,1,3
3,7,1,1,2,3,4,8,1,2024,2,1,1,1,1,2,3
3,7,1,2,1,1,4,5,2,2024,2,1,1,3,5,2,4
3,7,2,2,2,2,4,5,2,2024,2,1,1,2,3,2,3
2,6,2,1,1,1,4,4,1,2024,2,3,1,1,5,1,3
2,5,2,1,1,1,4,7,1,2024,2,3,1,1,5,1,4
3,5,1,1,1,1,4,4,1,2024,2,3,1,1,5,1,4
3,6,2,1,2,3,4,7,1,2024,2,1,1,1,5,2,4
3,5,2,2,2,3,4,5,2,2024,2,1,1,3,2,1,3
3,7,2,2,2,2,4,7,2,2024,2,1,1,3,1,2,3
3,5,1,2,2,2,4,5,2,2024,2,1,1,2,5,3,2
3,4,1,2,1,1,4,6,2,2024,2,1,1,2,5,1,3
3,5,2,1,2,3,4,8,1,2024,2,1,1,1,5,3,4
3,6,2,1,1,1,3,5,1,2024,3,3,1,2,2,2,1
3,6,1,1,1,1,3,5,1,2024,3,3,1,1,5,2,1
3,6,1,1,1,1,3,5,1,2024,3,3,1,1,2,1,4
3,6,1,2,1,1,3,6,2,2024,3,3,1,3,1,2,4
3,6,2,1,2,2,3,5,1,2024,3,1,1,1,3,1,1
3,6,1,1,2,2,3,8,1,2024,3,1,1,2,1,2,1
3,6,2,2,1,1,3,6,2,2024,3,1,1,3,2,2,3
3,6,2,1,2,2,3,6,1,2024,3,1,1,1,3,2,1
3,8,1,1,2,2,3,6,1,2024,3,1,1,2,5,2,2
3,7,2,2,2,4,3,10,2,2024,3,1,1,3,1,2,3
3,6,1,1,2,2,3,8,1,2024,5,1,1,1,3,2,2
3,6,1,1,1,1,3,5,1,2024,5,1,1,2,5,1,1
3,6,1,2,1,1,3,6,2,2024,5,2,1,2,5,2,1
3,6,2,2,1,1,3,5,2,2024,5,2,1,3,2,2,1
3,6,2,2,2,3,3,6,2,2024,5,1,1,2,1,2,3
3,6,2,2,2,3,3,7,2,2024,5,1,1,3,3,2,3
3,6,2,2,2,3,3,6,2,2024,5,1,1,3,3,2,3
3,6,1,2,1,1,3,7,2,2024,5,1,1,3,2,2,2
3,6,1,1,2,2,3,7,1,2024,5,1,1,2,5,2,1
3,6,2,1,2,2,3,7,1,2024,5,1,1,1,5,2,1
3,6,2,1,2,2,3,8,1,2024,5,1,1,2,2,2,2
3,6,2,2,2,3,3,6,2,2024,5,1,1,2,2,2,3
3,6,1,2,2,4,3,9,2,2024,5,1,1,3,2,2,3
3,5,1,1,2,2,3,5,1,2024,5,1,1,1,5,1,1
2,6,1,2,2,3,3,8,2,2024,5,1,1,3,5,1,3
3,3,2,1,2,2,3,5,1,2024,5,1,1,1,2,1,1
3,6,1,2,2,3,2,7,2,2024,14,1,2,3,5,1,4
3,5,1,2,1,1,2,6,2,2024,14,1,2,3,1,1,6
3,8,1,2,2,4,2,9,2,2024,14,1,2,3,2,1,3
3,2,2,2,2,3,2,5,2,2024,14,1,2,2,1,2,5
2,4,2,2,2,4,2,7,2,2024,14,1,2,3,5,2,3
1,3,2,2,2,3,2,6,2,2024,14,1,2,2,5,1,2
3,4,1,1,2,3,2,4,1,2024,14,1,2,2,5,2,5
3,4,2,1,1,1,2,3,1,2024,14,1,2,1,1,2,3
3,5,2,2,2,4,2,8,2,2024,14,1,2,3,2,2,2
3,8,1,2,2,3,2,5,2,2024,14,1,2,2,5,3,2
3,4,1,1,1,1,4,6,1,2024,16,1,2,2,5,1,3
3,8,1,2,2,3,4,9,2,2024,16,1,2,3,5,1,6
3,5,1,2,1,1,4,5,2,2024,16,3,2,2,1,2,2
3,3,2,2,2,4,4,7,2,2024,16,3,2,3,5,2,6
3,4,2,1,1,1,4,4,1,2024,17,3,2,1,1,1,3
3,8,1,2,2,4,4,5,2,2024,17,3,2,3,5,1,6
3,3,1,2,2,3,4,8,2,2024,17,3,2,3,2,2,3
3,5,2,2,1,1,4,5,2,2024,17,3,2,3,5,1,4
1,2,1,1,2,3,4,6,1,2024,17,3,2,1,5,2,4
1,3,1,2,2,4,4,7,2,2024,17,1,2,3,5,2,3
3,4,2,1,2,3,4,8,1,2024,17,1,2,1,2,2,4
3,7,1,2,1,1,4,6,2,2024,17,1,2,2,3,1,2
3,5,2,2,2,4,4,9,2,2024,17,1,2,3,3,2,4
2,4,1,1,2,3,4,7,1,2024,17,1,2,1,5,3,4
3,7,1,2,2,2,4,5,2,2024,17,1,2,3,1,1,4
3,5,1,2,1,1,4,4,2,2024,17,1,2,2,5,3,5
3,5,2,2,2,3,4,6,2,2024,17,1,2,3,1,2,6
3,5,1,1,2,3,4,6,1,2024,17,1,2,1,2,2,1
3,7,2,2,1,1,4,5,2,2024,17,1,2,2,2,1,3
3,5,2,2,2,3,4,7,2,2024,17,1,2,3,2,3,6
3,4,1,1,2,3,4,8,1,2024,17,1,2,1,5,2,3
3,8,1,2,2,3,4,9,2,2024,17,1,2,2,3,3,3
2,4,1,1,1,1,4,4,1,2024,17,1,2,1,5,3,4
3,5,1,1,1,1,4,4,1,2024,17,1,2,2,2,3,3
1,5,1,1,2,2,4,8,1,2024,17,1,2,1,3,1,4
3,4,2,2,1,1,4,6,2,2024,17,1,2,2,5,1,5
2,3,1,2,2,3,4,7,2,2024,17,1,2,3,5,2,4
3,9,1,2,1,1,4,6,2,2024,17,1,2,2,2,1,2
3,5,2,2,2,4,4,7,2,2024,17,1,2,3,5,2,6
3,4,2,1,1,1,4,4,1,2024,17,1,2,1,5,2,2
3,9,1,2,1,1,4,6,2,2024,17,1,2,3,1,2,3
3,3,2,1,1,1,4,5,1,2024,17,1,2,1,3,1,4
2,1,1,1,1,1,4,4,1,2024,18,3,2,1,5,1,1
3,4,1,1,1,1,4,3,1,2024,18,3,2,1,5,3,4
3,6,1,1,1,1,4,4,1,2024,18,3,2,1,1,1,1
3,1,1,1,1,1,4,4,1,2024,18,3,2,1,3,2,4
3,7,1,1,1,1,4,4,1,2024,18,2,2,2,1,2,2
3,3,2,1,1,1,4,4,1,2024,18,2,2,1,5,1,3
2,7,2,1,2,3,4,8,1,2024,18,1,2,2,5,2,5
3,3,1,1,2,3,4,9,1,2024,18,1,2,2,3,2,2
1,3,2,1,2,3,4,8,1,2024,18,1,2,2,1,2,3
3,5,2,1,2,3,4,7,1,2024,18,1,2,1,2,1,4
2,4,2,2,2,3,4,8,2,2024,18,1,2,2,5,3,2
3,8,1,2,2,2,4,9,2,2024,18,1,2,3,3,2,5
3,4,1,2,2,4,4,9,2,2024,18,1,2,3,5,2,4
3,2,1,2,2,3,4,5,2,2024,18,1,2,3,5,1,6
3,2,2,1,2,4,4,7,1,2024,18,1,2,1,3,1,3
2,1,2,2,2,4,4,9,2,2024,18,1,2,3,5,1,6
2,7,1,2,2,4,4,10,2,2024,18,1,2,2,5,2,2
2,4,1,2,1,1,4,6,2,2024,18,1,2,3,5,1,1
2,3,1,1,1,1,4,5,1,2024,18,1,2,1,3,3,1
3,2,1,2,2,3,4,7,2,2024,18,1,2,3,5,1,4
2,6,1,2,1,1,4,6,2,2024,18,1,2,2,1,2,3
3,7,2,2,1,1,4,6,2,2024,18,1,2,3,5,1,3
3,3,2,2,1,1,4,5,2,2024,18,1,2,3,2,1,6
2,7,2,2,2,3,4,8,2,2024,18,1,2,3,5,2,5
3,7,2,1,2,3,4,6,1,2024,18,1,2,1,1,1,4
3,3,2,2,1,1,4,4,2,2024,18,1,2,2,5,1,3
3,3,2,2,1,1,4,4,2,2024,18,1,2,3,3,2,6
3,5,2,1,1,1,6,4,1,2024,23,2,3,1,2,2,1
2,5,2,1,1,1,6,5,1,2024,23,2,3,1,2,2,1
2,5,1,1,1,1,6,5,1,2024,23,2,3,2,3,2,1
2,5,2,2,2,3,6,9,2,2024,23,2,3,3,3,2,1
2,5,1,1,1,1,6,5,1,2024,23,2,3,1,2,2,1
2,5,1,1,2,3,6,7,1,2024,23,2,3,1,2,2,1
2,5,2,2,2,3,6,8,2,2024,23,1,3,3,3,2,1
2,5,2,2,2,3,6,9,2,2024,23,1,3,3,2,2,1
2,5,1,2,2,2,6,9,2,2024,23,1,3,2,2,3,1
2,5,2,1,1,1,6,7,1,2024,23,1,3,2,2,2,1
2,5,2,1,1,1,6,5,1,2024,23,1,3,2,2,2,1
2,5,1,1,2,3,6,10,1,2024,23,1,3,1,2,2,3
2,5,1,1,1,1,6,6,1,2024,23,1,3,1,2,2,1
2,5,1,2,1,1,6,6,2,2024,23,1,3,2,2,2,2
2,5,2,2,2,4,6,9,2,2024,23,1,3,3,3,2,2
2,5,1,2,2,4,6,9,2,2024,23,1,3,3,2,2,3
2,5,1,2,2,3,6,9,2,2024,23,1,3,3,2,2,3
2,6,2,2,1,1,6,5,2,2024,23,1,3,2,3,2,2
2,5,1,2,1,1,6,5,2,2024,23,1,3,3,1,2,2
3,5,2,1,1,1,6,5,1,2024,23,1,3,1,2,1,1
3,5,2,2,2,2,6,5,2,2024,27,1,3,2,5,2,3
2,5,2,2,2,3,6,5,2,2024,27,1,3,2,5,2,3
2,6,2,1,2,2,6,5,1,2024,27,1,3,2,5,3,1
2,5,1,2,2,3,6,6,2,2024,27,1,3,3,5,2,3
2,6,1,1,1,1,6,5,1,2024,24,3,3,1,2,2,1
3,6,2,1,2,2,6,7,1,2024,24,3,3,1,2,2,2
2,5,2,1,1,1,6,5,1,2024,24,3,3,2,1,2,3
3,5,1,1,1,1,6,5,1,2024,24,3,3,2,2,2,2
2,5,2,2,1,1,6,7,2,2024,24,1,3,2,2,2,3
3,5,1,2,2,3,6,6,2,2024,24,1,3,3,2,2,3
2,5,2,1,2,2,6,9,1,2024,24,1,3,1,1,2,2
2,6,2,2,2,2,6,6,2,2024,24,1,3,3,2,2,3
2,6,1,2,2,2,6,9,2,2024,24,1,3,3,2,2,2
2,5,1,1,1,1,6,5,1,2024,24,1,3,1,3,2,1
3,5,1,1,1,1,6,4,1,2024,25,3,3,1,5,1,3
3,4,1,1,2,3,6,8,1,2024,25,3,3,1,5,2,4
2,4,2,1,1,1,6,4,1,2024,25,3,3,1,2,1,2
2,4,1,1,1,1,6,4,1,2024,25,3,3,2,5,1,3
2,4,2,2,2,3,6,6,2,2024,25,3,3,3,5,1,2
2,5,1,2,2,3,6,5,2,2024,25,3,3,3,5,1,2
2,3,1,2,1,1,6,4,2,2024,25,3,3,3,5,2,3
2,5,1,1,2,4,6,9,1,2024,25,1,3,1,5,1,4
2,5,2,1,2,4,6,8,1,2024,25,1,3,1,5,1,3
3,5,2,2,1,1,6,5,2,2024,25,1,3,2,5,1,5
3,5,2,2,2,5,6,9,2,2024,25,1,3,2,5,2,5
2,5,1,2,2,4,6,6,2,2024,25,1,3,3,5,1,6
2,5,1,1,2,2,6,9,1,2024,25,1,3,2,2,3,4
2,5,2,1,2,3,6,8,1,2024,25,1,3,2,5,2,3
2,5,1,2,2,3,6,5,2,2024,25,1,3,3,5,2,3
2,5,2,2,1,1,6,5,2,2024,25,1,3,3,5,2,1
3,5,1,2,2,2,6,7,2,2024,25,1,3,2,5,2,3
3,5,2,2,2,4,6,6,2,2024,25,1,3,3,3,2,4
2,5,2,2,2,3,6,5,2,2024,25,1,3,3,5,2,3
3,5,2,2,2,3,6,7,2,2024,26,3,3,3,3,1,5
3,7,1,2,2,3,6,8,2,2024,26,3,3,3,2,1,4
3,7,1,2,2,2,6,7,2,2024,26,3,3,2,1,2,3
3,3,1,2,2,3,6,7,2,2024,26,3,3,2,5,1,3
3,6,2,2,2,3,6,7,2,2024,26,3,3,2,5,1,2
3,7,2,1,2,2,6,7,1,2024,26,2,3,2,5,1,2
3,6,1,1,1,1,6,5,1,2024,26,2,3,1,5,1,1
3,6,2,1,1,1,6,5,1,2024,26,2,3,1,5,3,2
3,7,2,1,1,1,6,4,1,2024,26,2,3,1,5,2,3
3,7,2,1,1,1,6,4,1,2024,26,2,3,1,2,3,2
3,5,1,1,1,1,6,5,1,2024,26,2,3,1,5,3,3
3,2,1,1,1,1,6,5,1,2024,26,2,3,2,5,1,2
3,3,1,1,1,1,6,5,1,2024,26,2,3,1,5,2,2
3,8,1,1,1,1,6,5,1,2024,26,2,3,1,3,1,2
3,7,2,1,1,1,6,4,1,2024,26,2,3,1,5,1,1
2,5,1,2,2,2,6,4,2,2024,27,1,3,3,5,2,3
2,5,1,2,2,2,6,5,2,2024,27,1,3,3,5,1,3
2,5,1,1,1,1,6,5,1,2024,27,1,3,2,5,2,2
3,4,2,2,2,4,6,8,2,2024,26,1,3,3,2,3,5
3,4,2,2,2,3,6,8,2,2024,26,1,3,3,1,1,3
3,7,2,2,2,3,6,8,2,2024,26,1,3,3,1,2,4
3,3,2,2,2,3,6,8,2,2024,26,1,3,2,5,2,3
3,7,1,2,2,3,6,9,2,2024,26,1,3,3,5,1,3
3,6,1,2,2,3,6,9,2,2024,26,1,3,3,5,2,4
3,5,1,1,2,2,6,7,1,2024,27,1,3,2,5,1,3
3,5,1,2,1,1,6,5,2,2024,27,1,3,2,5,3,3
3,4,2,1,2,4,6,8,1,2024,27,1,3,1,5,2,1
2,4,1,1,1,1,6,5,1,2024,27,1,3,1,5,2,1
3,5,1,1,1,1,6,4,1,2024,27,1,3,1,5,2,1
2,6,2,2,2,3,6,6,2,2024,27,1,3,3,5,3,3
2,6,2,1,2,3,6,6,1,2024,27,1,3,1,5,3,4
3,5,2,2,2,2,6,6,2,2024,27,1,3,3,5,2,4
3,5,2,2,2,5,6,9,2,2024,27,1,3,3,2,2,3
2,5,2,1,2,2,6,7,1,2024,27,1,3,1,5,3,1
3,5,1,2,1,1,6,5,2,2024,27,1,3,3,5,2,1
3,5,1,2,1,1,6,6,2,2024,33,1,4,3,5,2,3
3,7,2,2,2,2,6,7,2,2024,33,1,4,3,2,2,4
3,5,1,2,2,2,6,7,2,2024,33,1,4,2,5,2,3
3,7,2,1,2,3,6,9,1,2024,33,1,4,1,5,3,4
3,7,1,2,1,1,6,6,2,2024,33,1,4,2,5,2,3
3,5,2,2,2,3,6,8,2,2024,33,2,4,3,5,2,3
3,6,2,1,2,2,6,5,1,2024,33,2,4,1,5,3,4
3,5,2,2,1,1,6,5,2,2024,33,2,4,2,2,2,3
3,5,1,1,2,3,6,9,1,2024,33,2,4,1,5,2,4
3,6,1,1,2,3,6,9,1,2024,33,3,4,1,5,3,4
3,6,1,2,1,1,6,6,2,2024,33,3,4,3,5,1,4
3,5,2,2,1,1,6,5,2,2024,33,1,4,2,5,2,2
3,5,2,1,2,2,5,7,1,2024,34,3,4,1,2,2,4
3,5,1,2,2,2,5,8,2,2024,34,3,4,2,5,2,3
3,6,1,2,2,2,5,7,2,2024,34,2,4,2,5,2,3
3,5,2,2,1,1,5,5,2,2024,34,2,4,2,2,1,3
3,6,1,1,2,3,5,9,1,2024,34,2,4,1,5,3,4
3,6,1,1,2,3,5,8,1,2024,34,2,4,1,5,2,4
3,6,2,1,2,3,5,3,1,2024,34,2,4,1,5,2,4
2,6,2,1,1,1,5,3,1,2024,34,2,4,1,2,3,3
3,6,2,2,1,1,5,3,2,2024,34,2,4,2,5,2,4
3,5,2,2,2,2,5,7,2,2024,34,1,4,2,2,2,3
3,6,1,2,2,2,5,8,2,2024,34,1,4,3,5,3,4
3,7,2,2,1,1,5,6,2,2024,34,1,4,3,2,2,3
3,7,2,2,1,1,5,6,2,2024,34,1,4,3,2,3,4
3,5,1,2,1,1,5,7,2,2024,34,1,4,3,5,2,4
3,7,1,2,2,2,5,8,2,2024,34,1,4,2,5,2,4
2,7,1,2,2,4,5,7,2,2024,36,3,4,3,5,1,3
3,5,2,2,1,1,5,4,2,2024,36,3,4,3,5,3,3
3,6,1,1,1,1,5,5,1,2024,36,3,4,1,2,3,3
3,4,1,1,1,1,5,2,1,2024,36,3,4,1,1,1,1
3,6,1,1,1,1,5,4,1,2024,36,3,4,1,5,1,4
2,5,2,1,1,1,5,5,1,2024,36,3,4,1,2,2,1
2,6,1,2,1,1,5,6,2,2024,36,1,4,2,3,1,2
2,7,1,2,2,3,5,10,2,2024,36,1,4,3,2,1,4
3,5,1,1,2,3,5,9,1,2024,36,1,4,2,2,2,3
3,6,1,2,2,4,5,10,2,2024,36,1,4,3,2,1,4
3,6,2,1,2,3,5,5,1,2024,36,1,4,2,2,1,5
2,6,2,1,2,4,5,8,1,2024,36,1,4,1,2,1,3
3,3,2,2,2,4,1,8,2,2024,43,1,4,3,5,1,4
3,2,2,2,2,3,1,10,2,2024,43,1,4,2,5,3,5
2,5,1,1,1,1,1,5,1,2024,43,1,4,1,2,2,4
3,5,2,2,2,4,1,10,2,2024,43,1,4,3,5,1,5
3,2,2,1,1,1,1,5,1,2024,43,1,4,1,5,2,4
2,3,1,2,2,3,1,7,2,2024,43,1,4,3,2,3,6
2,3,1,2,2,2,1,8,2,2024,43,1,4,2,5,2,5
2,3,2,2,2,3,1,9,2,2024,43,1,4,3,5,1,6
3,4,2,2,1,1,1,6,2,2024,43,1,4,2,5,2,5
3,2,1,1,1,1,1,6,1,2024,43,1,4,1,5,3,4
3,6,2,1,1,1,1,5,1,2024,43,1,4,1,5,3,4
3,2,1,2,2,3,1,5,2,2024,43,1,4,3,5,2,5
2,6,2,2,2,3,1,8,2,2024,43,3,4,3,5,2,5
3,2,1,1,1,1,1,5,1,2024,43,3,4,2,5,2,4
3,6,2,2,2,2,1,5,2,2024,43,3,4,2,5,3,2
2,5,1,2,2,3,1,9,2,2024,43,3,4,3,3,1,5
3,7,1,1,1,1,1,5,1,2024,43,1,4,1,5,2,3
1,2,2,2,2,3,1,4,2,2024,43,1,4,2,5,1,5
2,6,2,2,2,3,1,9,2,2024,43,1,4,3,5,3,4
3,5,1,1,1,1,1,5,1,2024,43,1,4,2,5,2,2
3,2,2,2,2,3,1,9,2,2024,43,1,4,2,5,2,5
2,4,1,1,1,1,1,4,1,2024,43,1,4,1,5,2,1
3,6,1,2,2,4,1,9,2,2024,43,3,4,3,5,3,4
2,3,2,1,1,1,1,5,1,2024,43,3,4,1,5,3,4
3,2,1,2,1,1,1,5,2,2024,43,3,4,2,5,2,5
3,2,1,2,2,3,1,5,2,2024,43,3,4,3,2,3,5
3,2,2,1,2,2,1,6,1,2024,43,3,4,1,5,1,4
3,4,2,2,2,3,5,8,2,2024,38,1,4,3,5,1,2
3,8,1,2,2,4,5,6,2,2024,38,1,4,2,5,3,4
3,3,1,1,2,3,5,7,1,2024,38,1,4,1,5,1,4
3,6,2,2,2,2,5,8,2,2024,38,1,4,2,5,2,4
3,7,1,2,1,1,1,7,2,2024,37,3,4,3,2,3,3
3,4,2,2,2,3,1,7,2,2024,37,3,4,3,2,2,4
3,4,2,2,2,3,5,6,2,2024,40,3,4,3,5,3,6
3,5,2,2,1,1,5,5,2,2024,38,1,4,3,5,1,3
3,7,2,2,2,3,5,7,2,2024,38,1,4,3,2,3,5
3,3,2,1,2,3,5,7,1,2024,38,1,4,1,5,1,4
3,7,1,2,1,1,5,5,2,2024,38,1,4,2,2,3,4
3,4,1,1,1,1,5,4,1,2024,38,3,4,1,5,1,4
3,5,2,1,1,1,5,5,1,2024,38,3,4,2,2,1,3
3,7,1,2,2,3,5,5,2,2024,38,3,4,3,5,3,5
3,4,2,1,2,2,5,6,1,2024,38,1,4,1,5,2,4
3,6,1,2,1,1,5,6,2,2024,38,1,4,2,5,1,5
3,7,1,2,2,3,5,9,2,2024,38,1,4,3,5,3,3
1,4,2,2,2,3,5,7,2,2024,38,1,4,2,5,1,2
3,3,1,1,2,3,5,8,1,2024,38,1,4,1,5,1,4
3,7,2,1,1,1,5,5,1,2024,38,1,4,1,3,2,2
2,8,2,1,2,3,5,9,1,2024,38,1,4,2,1,3,3
2,4,1,1,1,1,5,4,1,2024,38,1,4,1,5,1,1
3,6,1,2,2,3,5,6,2,2024,38,1,4,3,2,3,4
2,5,2,2,2,3,5,7,2,2024,40,1,4,3,5,1,5
3,5,2,2,2,3,5,7,2,2024,40,1,4,2,3,3,5
3,7,1,2,1,1,5,5,2,2024,40,1,4,3,5,3,6
3,5,1,2,1,1,5,5,2,2024,40,3,4,2,5,1,3
2,5,1,1,1,1,5,4,1,2024,40,3,4,2,5,1,2
3,4,2,1,1,1,5,4,1,2024,40,3,4,1,2,1,4
3,3,1,1,1,1,5,3,1,2024,40,3,4,1,5,1,2
2,3,1,1,1,1,5,2,1,2024,40,3,4,1,5,1,1
3,6,2,2,2,3,5,6,2,2024,40,3,4,2,5,3,5
1,3,2,1,2,3,5,6,1,2024,40,1,4,2,2,1,5
3,7,2,2,1,1,5,7,2,2024,40,1,4,2,3,3,5
3,2,2,2,2,4,5,7,2,2024,40,1,4,3,5,3,6
3,7,1,2,1,1,5,5,2,2024,40,1,4,2,2,1,2
3,2,2,2,2,4,5,8,2,2024,40,1,4,3,5,3,4
3,6,1,2,2,3,5,8,2,2024,40,1,4,3,2,1,4
3,7,1,2,1,1,5,5,2,2024,40,1,4,2,5,3,2
3,7,1,1,2,3,5,8,1,2024,40,1,4,1,5,1,4
3,7,1,2,2,2,5,7,2,2024,40,1,4,3,5,3,6
3,7,1,2,2,4,5,7,2,2024,40,1,4,3,5,1,5
3,7,2,2,2,3,5,7,2,2024,40,1,4,3,5,3,6
3,3,1,1,2,3,5,7,1,2024,40,1,4,1,5,3,4
3,5,2,1,2,3,5,9,1,2024,40,1,4,1,5,1,4
3,6,2,1,2,2,5,7,1,2024,40,1,4,1,5,3,4
3,7,2,1,2,3,5,9,1,2024,40,1,4,1,2,1,4
3,5,2,2,2,2,3,7,2,2024,1,1,1,2,2,1,2
3,5,1,2,2,3,3,7,2,2024,1,1,1,3,5,3,3
3,5,1,1,1,1,3,6,1,2024,1,1,1,2,5,3,1
3,6,2,2,2,3,3,5,2,2024,1,1,1,3,3,2,3
3,6,2,2,1,1,3,5,2,2024,1,1,1,2,5,2,1
3,6,1,2,1,1,3,8,2,2024,3,1,1,2,2,2,2
3,6,2,2,2,3,3,9,2,2024,3,1,1,3,1,2,4
2,4,1,4,2,2,4,3,3,2024,2,2,1,6,1,2,5
2,5,2,1,2,3,4,4,1,2024,2,3,1,2,2,1,3
3,6,2,3,2,2,4,6,2,2024,2,3,1,5,2,2,3
3,6,2,3,1,1,4,4,2,2024,2,3,1,4,2,2,3
3,5,2,4,1,1,4,3,3,2024,2,3,1,5,1,1,4
3,6,2,3,2,3,4,7,2,2024,2,3,1,4,1,2,3
3,4,2,4,1,1,4,1,3,2024,2,3,1,6,1,2,5
3,8,1,1,1,1,3,5,1,2024,5,3,1,1,2,3,2
3,7,1,3,1,1,3,5,2,2024,5,3,1,5,2,3,3
3,7,1,4,1,1,3,5,3,2024,5,3,1,5,2,3,3
3,7,1,1,1,1,3,4,1,2024,5,3,1,1,2,2,2
3,7,1,4,1,1,3,5,3,2024,5,3,1,5,2,2,3
3,8,1,3,1,1,3,5,2,2024,5,3,1,5,2,2,4
3,8,1,1,1,1,3,5,1,2024,5,3,1,2,2,3,2
3,9,1,4,2,2,3,5,3,2024,5,4,1,6,2,3,3
3,6,1,3,2,2,3,5,2,2024,5,2,1,4,2,2,3
3,7,1,3,2,2,3,5,2,2024,5,3,1,4,2,2,3
2,3,2,1,2,3,2,6,1,2024,14,3,2,1,5,2,4
3,2,2,1,1,1,2,4,1,2024,14,2,2,2,5,2,1
3,2,1,1,1,1,2,3,1,2024,14,2,2,1,5,2,1
3,0,1,4,2,2,2,3,3,2024,14,2,2,5,5,3,3
3,2,1,2,1,1,2,4,2,2024,14,2,2,2,5,2,3
3,5,1,3,1,1,2,6,2,2024,14,3,2,4,5,2,2
2,3,1,3,2,2,2,6,2,2024,14,3,2,4,5,1,5
3,0,1,4,2,2,2,2,3,2024,14,3,2,6,1,3,7
3,2,2,1,1,1,2,3,1,2024,14,2,2,1,5,3,3
3,4,1,2,2,3,2,5,2,2024,14,3,2,3,5,3,4
3,6,1,2,1,1,2,5,2,2024,14,3,2,3,5,3,2
3,5,1,3,1,1,2,6,2,2024,14,3,2,4,5,3,3
3,5,1,4,2,2,2,5,3,2024,14,3,2,6,5,3,7
3,2,2,3,1,1,2,4,2,2024,14,3,2,4,2,3,4
3,5,1,4,2,2,2,4,3,2024,14,2,2,6,1,3,5
3,4,2,3,2,2,2,5,2,2024,14,3,2,4,2,3,3
3,5,1,3,1,1,2,5,2,2024,14,2,2,4,5,3,1
3,4,1,3,2,3,2,6,2,2024,14,3,2,4,5,3,4
3,4,2,3,2,2,2,5,2,2024,14,3,2,5,2,3,5
3,3,1,1,2,2,2,6,1,2024,14,3,2,2,5,3,1
3,4,2,4,2,2,2,5,3,2024,14,2,2,5,2,3,6
3,2,2,3,1,1,2,4,2,2024,14,2,2,4,3,3,1
3,2,2,4,1,1,2,4,3,2024,14,2,2,5,5,2,5
3,3,1,3,2,4,4,12,2,2024,15,3,2,4,5,1,6
3,5,2,3,2,3,4,7,2,2024,15,3,2,4,1,1,7
3,4,2,4,1,1,4,3,3,2024,15,3,2,6,5,2,5
1,5,1,3,2,2,4,4,2,2024,15,3,2,5,3,3,5
3,7,2,3,2,3,4,10,2,2024,15,3,2,4,5,3,7
2,2,1,3,2,2,4,5,2,2024,15,3,2,5,5,1,4
3,3,1,3,2,3,2,6,2,2024,21,3,2,5,5,3,4
3,2,2,3,2,4,2,5,2,2024,21,2,2,4,5,2,3
3,3,2,3,2,2,2,5,2,2024,21,3,2,5,5,3,7
3,3,2,2,1,1,2,5,2,2024,21,3,2,3,5,3,1
3,1,2,4,2,2,2,4,3,2024,21,3,2,6,5,2,7
3,2,2,4,1,1,2,3,3,2024,21,3,2,6,2,2,5
3,7,1,4,1,1,4,4,3,2024,22,3,2,6,2,2,1
3,7,1,4,1,1,4,4,3,2024,22,3,2,6,5,3,2
3,8,1,3,2,3,4,7,2,2024,22,3,2,4,2,2,3
3,8,2,3,2,3,4,5,2,2024,22,3,2,5,2,2,2
3,5,1,3,1,1,4,5,2,2024,22,3,2,5,5,2,5
3,7,2,3,1,1,4,6,2,2024,22,3,2,5,5,3,2
3,8,2,4,2,2,4,4,3,2024,22,3,2,6,5,1,1
3,8,1,2,2,2,4,4,2,2024,22,3,2,3,5,2,1
2,2,1,3,1,1,6,4,2,2024,31,3,3,5,5,1,3
2,5,2,3,1,1,6,4,2,2024,31,3,3,5,5,2,3
2,2,1,3,1,1,6,5,2,2024,31,3,3,4,5,1,2
2,6,2,3,2,3,6,7,2,2024,31,3,3,4,2,2,4
2,3,1,2,1,1,6,4,2,2024,31,3,3,3,5,1,3
2,5,2,1,1,1,6,4,1,2024,31,3,3,1,5,2,1
2,6,1,1,1,1,6,4,1,2024,31,3,3,1,2,2,1
2,6,2,4,1,1,6,3,3,2024,24,2,3,6,2,2,3
3,5,2,4,1,1,6,3,3,2024,24,2,3,6,3,2,4
3,5,2,4,1,1,6,4,3,2024,24,3,3,6,2,1,2
2,6,2,4,1,1,6,4,3,2024,24,3,3,6,2,2,4
3,6,1,2,2,4,6,9,2,2024,25,2,3,3,5,3,2
3,5,2,2,1,1,6,4,2,2024,25,2,3,3,5,2,4
3,7,1,3,2,4,6,7,2,2024,25,2,3,4,5,3,4
3,4,2,4,1,1,6,3,3,2024,25,3,3,6,5,2,6
3,6,2,1,1,1,6,4,1,2024,25,2,3,1,5,1,1
3,6,1,3,1,1,6,6,2,2024,25,2,3,4,5,3,3
3,4,1,4,1,1,6,4,3,2024,25,2,3,6,5,1,5
3,3,1,1,1,1,6,4,1,2024,27,2,3,1,5,3,2
2,3,2,1,2,2,6,7,1,2024,27,2,3,1,5,3,2
3,4,1,1,1,1,6,5,1,2024,27,2,3,2,5,3,1
3,4,2,3,2,3,6,9,2,2024,27,2,3,4,2,3,4
3,3,1,4,1,1,6,4,3,2024,27,2,3,6,5,2,7
3,5,2,3,2,2,6,5,2,2024,27,2,3,5,2,3,5
2,2,1,1,1,1,6,4,1,2024,27,2,3,1,5,2,1
2,2,2,1,1,1,6,5,1,2024,27,2,3,1,5,3,2
3,5,1,3,2,2,6,6,2,2024,27,3,3,5,5,3,5
3,3,2,3,1,1,6,4,2,2024,27,3,3,5,2,3,5
3,4,1,3,2,3,6,8,2,2024,27,3,3,4,5,3,5
3,4,2,3,1,1,6,4,2,2024,27,3,3,4,2,3,5
3,5,1,4,1,1,6,4,3,2024,27,3,3,6,5,3,7
3,2,2,4,1,1,1,5,3,2024,43,1,4,5,2,3,7
3,2,2,3,2,3,1,9,2,2024,43,1,4,4,2,2,7
3,6,1,4,2,2,1,6,3,2024,43,1,4,6,2,2,7
3,2,2,4,1,1,1,4,3,2024,43,1,4,5,2,1,7
3,5,2,3,2,3,1,9,2,2024,43,1,4,4,1,3,7
3,2,1,1,1,1,1,4,1,2024,43,1,4,2,5,2,5
1,2,1,3,2,3,1,10,2,2024,43,1,4,4,5,2,6
3,2,1,3,2,2,1,7,2,2024,43,3,4,4,5,3,7
3,6,1,4,2,2,1,9,3,2024,43,3,4,5,5,3,7
3,7,1,1,1,1,1,6,1,2024,43,3,4,2,5,2,4
3,1,2,2,1,1,1,5,2,2024,43,3,4,2,5,2,5
3,1,2,1,1,1,1,5,1,2024,43,3,4,1,5,3,2
2,1,1,2,1,1,1,5,2,2024,43,3,4,3,2,2,1
3,1,1,2,1,1,1,5,2,2024,43,3,4,3,5,2,4
2,4,1,1,2,3,4,7,1,2024,2,3,1,1,5,2,4
2,4,1,1,2,2,4,5,1,2024,2,3,1,1,2,2,3
2,4,1,1,2,2,4,5,1,2024,2,3,1,1,5,2,3
2,2,2,1,1,1,3,4,1,2024,5,2,1,1,5,2,4
2,2,1,1,1,1,3,5,1,2024,5,2,1,1,5,1,1
2,1,1,1,1,1,2,3,1,2024,14,3,2,1,3,1,4
3,4,1,1,1,1,2,5,1,2024,14,2,2,1,5,2,1
3,7,1,1,1,1,2,4,1,2024,14,2,2,1,2,2,4
3,7,1,2,1,1,2,6,2,2024,14,2,2,2,5,1,2
3,7,2,2,2,3,2,9,2,2024,14,2,2,3,3,1,3
3,6,2,1,1,1,2,3,1,2024,14,2,2,1,5,1,4
3,4,1,1,2,2,2,4,1,2024,14,2,2,1,1,2,3
3,2,2,1,1,1,2,4,1,2024,14,2,2,1,5,1,4
2,6,1,1,2,2,6,8,1,2024,24,3,3,2,2,2,2
2,6,2,2,2,2,6,9,2,2024,24,3,3,3,3,2,2
2,4,2,1,1,1,6,4,1,2024,25,3,3,1,2,2,3
2,5,2,1,2,2,6,6,1,2024,25,3,3,2,5,2,3
2,5,1,1,1,1,6,4,1,2024,27,3,3,1,5,1,1
2,4,2,2,2,3,6,6,2,2024,27,1,3,2,5,3,5
3,6,2,1,2,3,6,8,1,2024,27,3,3,1,5,1,4
2,4,2,1,2,5,6,9,1,2024,27,3,3,1,3,2,4
3,5,1,1,2,3,6,6,1,2024,27,3,3,1,5,2,3
2,5,1,2,2,3,6,5,2,2024,27,3,3,2,5,2,1
3,5,1,1,1,1,6,2,1,2024,6,3,1,1,5,1,1
2,8,1,2,2,3,1,8,2,2024,30,1,3,3,2,2,1
2,4,1,2,1,1,4,5,2,2024,15,3,2,3,1,3,3
3,8,1,2,2,4,5,4,2,2024,42,1,4,2,5,1,4
3,7,2,1,2,3,1,12,1,2024,44,1,4,2,1,3,4
3,6,1,2,2,3,5,5,2,2024,42,1,4,3,5,2,3
2,5,1,2,2,3,1,5,2,2024,10,3,1,3,5,2,5
3,1,2,2,1,1,6,3,2,2024,31,4,3,3,2,1,6
3,3,2,2,2,5,2,6,2,2024,21,1,2,2,5,1,4
3,5,1,1,2,3,3,4,1,2024,9,1,1,2,5,1,5
3,6,1,1,1,1,1,5,1,2024,30,1,3,1,1,2,2
3,7,2,2,2,4,5,12,2,2024,42,1,4,3,5,2,3
2,4,1,2,2,3,6,9,2,2024,32,2,3,3,5,2,4
3,6,2,2,2,2,5,6,2,2024,35,1,4,2,5,3,1
2,5,1,2,2,3,5,8,2,2024,39,1,4,2,2,1,1
3,9,2,1,2,3,6,10,1,2024,33,1,4,1,5,1,2
3,6,2,1,1,1,1,5,1,2024,10,3,1,1,5,2,1
3,5,2,2,1,1,6,4,2,2024,31,2,3,2,1,2,3
3,6,1,2,2,3,5,10,2,2024,39,3,4,3,5,1,1
3,2,1,1,1,1,1,2,1,2024,29,1,3,1,5,1,1
3,3,1,1,2,4,4,3,1,2024,15,3,2,2,2,2,2
2,5,2,1,2,4,6,7,1,2024,23,1,3,2,5,1,1
3,1,1,1,1,1,1,5,1,2024,30,3,3,1,5,1,2
3,6,2,2,1,1,5,5,2,2024,39,4,4,2,5,1,1
1,4,1,2,1,1,1,4,2,2024,10,3,1,2,5,1,3
3,7,2,1,2,3,1,12,1,2024,44,3,4,1,5,1,2
3,4,1,1,1,1,5,4,1,2024,39,4,4,1,1,2,1
3,6,2,1,2,3,1,4,1,2024,10,3,1,1,2,2,3
2,6,2,1,2,2,5,9,1,2024,41,1,4,1,5,2,1
3,3,2,1,2,4,3,3,1,2024,4,1,1,1,5,2,4
3,5,2,2,2,4,5,9,2,2024,41,1,4,3,5,2,1
3,4,2,1,2,4,3,12,1,2024,8,3,1,1,5,3,4
2,5,2,1,1,1,5,5,1,2024,35,4,4,1,5,2,1
3,6,1,2,2,4,5,8,2,2024,41,1,4,2,2,1,5
3,6,2,1,2,3,5,7,1,2024,42,1,4,1,2,3,3
3,6,1,1,1,1,3,12,1,2024,8,2,1,1,5,2,4
2,0,2,1,2,4,1,5,1,2024,10,1,1,1,5,1,4
2,7,1,1,2,4,6,7,1,2024,28,2,3,1,1,2,1
2,5,2,1,1,1,6,4,1,2024,31,3,3,1,5,1,1
2,5,2,1,1,1,6,5,1,2024,31,4,3,1,5,2,1
3,5,2,1,1,1,1,5,1,2024,37,1,4,2,5,2,1
3,7,2,1,2,2,2,5,1,2024,19,3,2,1,5,1,1
3,6,1,1,1,1,1,5,1,2024,10,2,1,2,5,1,1
2,3,2,1,2,2,1,11,1,2024,44,1,4,2,2,1,1
2,3,2,1,1,1,2,4,1,2024,21,3,2,2,2,1,1
3,8,1,2,2,3,1,7,2,2024,44,1,4,2,5,2,3
3,6,2,2,2,3,2,12,2,2024,19,1,2,2,1,1,5
3,5,2,2,2,5,5,6,2,2024,35,1,4,2,5,2,5
3,4,2,1,2,3,4,10,1,2024,15,3,2,1,5,3,4
3,5,2,2,2,4,5,8,2,2024,40,1,4,3,2,2,3
3,5,1,1,1,1,6,5,1,2024,31,4,3,2,5,2,1
3,6,2,2,2,3,6,6,2,2024,31,1,3,2,5,3,5
3,4,1,1,1,1,6,4,1,2024,32,3,3,1,1,1,1
2,6,2,1,2,4,5,5,1,2024,41,1,4,1,5,3,3
3,5,2,1,1,1,1,5,1,2024,37,3,4,2,5,1,1
3,5,1,1,2,2,3,6,1,2024,3,1,1,2,5,1,1
2,5,1,2,2,3,3,7,2,2024,9,1,1,2,5,2,5
3,6,1,1,2,3,1,6,1,2024,10,1,1,1,5,2,4
2,6,1,1,1,1,5,6,1,2024,35,3,4,1,5,1,1
3,7,2,1,2,3,3,10,1,2024,9,1,1,1,3,2,4
3,6,2,2,2,4,1,9,2,2024,44,4,4,3,5,2,1
1,6,2,2,2,4,2,9,2,2024,21,1,2,3,5,2,5
2,6,1,2,2,4,5,7,2,2024,42,1,4,3,5,2,3
2,3,1,1,1,1,5,4,1,2024,35,4,4,1,5,1,1
3,5,2,1,1,1,2,4,1,2024,20,3,2,2,5,3,4
3,6,2,1,2,3,4,10,1,2024,22,1,2,1,5,1,4
1,3,1,1,2,4,4,8,1,2024,22,1,2,2,2,1,1
3,3,1,1,1,1,2,4,1,2024,12,3,2,2,5,3,1
3,6,1,1,2,4,2,11,1,2024,13,1,2,1,5,3,4
2,5,2,2,1,1,6,4,2,2024,31,4,3,3,3,3,1
3,5,2,1,2,4,3,8,1,2024,9,1,1,2,5,2,5
3,5,2,1,2,3,2,10,1,2024,20,1,2,2,5,2,4
3,7,1,1,2,3,1,5,1,2024,29,3,3,2,5,2,5
3,4,1,2,2,3,2,5,2,2024,12,3,2,3,5,3,2
3,7,1,2,2,4,1,8,2,2024,30,1,3,3,2,3,3
3,5,2,1,2,3,2,3,1,2024,12,3,2,1,5,2,4
3,5,1,2,2,4,1,10,2,2024,44,1,4,3,1,2,2
2,4,2,2,2,2,6,6,2,2024,31,1,3,2,3,1,5
3,8,1,1,1,1,6,6,1,2024,31,1,3,1,2,3,3
2,3,1,1,2,4,2,10,1,2024,20,1,2,1,5,2,4
2,4,1,2,2,5,5,5,2,2024,42,1,4,3,5,3,3
1,4,1,1,2,2,2,9,1,2024,21,1,2,2,5,1,1
2,0,2,2,1,1,4,3,2,2024,18,3,2,2,5,1,5
2,5,2,1,2,2,2,12,1,2024,21,1,2,1,5,1,4
2,5,2,2,2,4,2,6,2,2024,21,1,2,3,2,2,4
3,6,1,1,2,3,5,8,1,2024,42,1,4,2,5,2,3
3,7,1,2,2,3,1,6,2,2024,10,1,1,3,3,2,3
3,6,2,2,1,1,3,8,2,2024,8,1,1,3,3,2,6
3,7,2,2,2,2,1,10,2,2024,44,1,4,2,3,2,1
3,4,1,2,2,3,5,4,2,2024,34,1,4,3,1,3,4
3,7,1,2,2,4,4,6,2,2024,15,3,2,3,2,3,3
3,8,1,2,2,3,2,7,2,2024,21,1,2,3,5,3,6
2,5,1,2,2,4,5,7,2,2024,41,1,4,3,1,1,2
2,7,1,1,2,3,5,7,1,2024,41,1,4,1,5,1,3
3,6,1,2,2,5,1,7,2,2024,44,1,4,3,5,2,2
3,7,1,1,1,1,1,3,1,2024,30,3,3,1,5,3,3
2,7,2,2,2,3,6,11,2,2024,31,1,3,3,2,2,2
3,7,2,2,2,3,2,12,2,2024,20,1,2,3,5,2,2
2,3,1,2,2,4,2,5,2,2024,21,1,2,3,5,1,3
2,5,1,1,1,1,6,5,1,2024,31,3,3,1,5,2,1
2,4,1,1,2,3,1,5,1,2024,37,1,4,2,5,1,2
3,7,2,2,2,4,1,12,2,2024,37,1,4,2,5,3,2
3,4,1,2,2,4,3,7,2,2024,4,1,1,3,3,2,4
3,5,1,2,2,3,2,12,2,2024,20,1,2,3,5,2,6
3,5,2,1,1,1,2,5,1,2024,19,3,2,1,5,3,1
3,6,1,2,2,2,1,11,2,2024,37,1,4,3,3,2,4
1,6,2,2,2,4,5,11,2,2024,39,1,4,2,2,3,2
3,3,2,1,1,1,1,4,1,2024,10,3,1,1,5,1,1
3,7,1,2,1,1,3,5,2,2024,8,2,1,3,1,2,6
3,5,2,2,2,4,5,6,2,2024,35,1,4,3,1,2,3
3,7,1,2,2,3,5,10,2,2024,42,1,4,3,2,2,2
2,3,1,2,2,4,6,7,2,2024,33,1,4,3,2,3,1
2,5,1,2,1,1,6,5,2,2024,31,1,3,2,5,2,2
2,3,1,2,2,4,5,6,2,2024,42,1,4,3,2,1,2
3,5,1,2,1,1,4,5,2,2024,15,3,2,3,5,2,4
3,3,2,2,2,4,6,6,2,2024,31,1,3,2,5,2,3
3,5,1,1,2,3,2,6,1,2024,20,1,2,2,2,3,3
3,5,2,2,2,3,3,12,2,2024,9,1,1,2,3,2,5
3,8,1,2,1,1,1,6,2,2024,37,1,4,2,5,2,3
3,7,2,1,2,4,1,10,1,2024,37,1,4,1,3,3,4
3,4,1,1,2,3,6,4,1,2024,6,3,1,1,5,3,4
3,2,2,1,2,2,2,4,1,2024,20,1,2,2,5,2,1
3,6,1,2,1,1,5,6,2,2024,35,4,4,3,5,1,3
2,5,2,1,2,2,6,8,1,2024,23,1,3,2,5,1,1
3,7,2,1,2,2,3,5,1,2024,4,1,1,2,5,2,1
2,5,2,2,2,4,2,8,2,2024,11,2,2,3,1,3,5
3,5,2,1,2,2,6,9,1,2024,31,1,3,1,2,1,1
3,8,1,2,2,4,3,9,2,2024,9,1,1,3,5,2,6
2,6,2,1,1,1,6,6,1,2024,31,4,3,1,5,1,1
3,7,2,2,2,4,5,7,2,2024,39,1,4,2,5,1,3
3,7,2,1,2,4,2,12,1,2024,20,1,2,1,5,1,4
3,4,2,1,2,2,6,10,1,2024,6,3,1,2,5,3,4
2,7,2,2,2,5,3,10,2,2024,8,3,1,3,2,1,1
3,6,2,1,2,4,5,12,1,2024,41,1,4,1,5,1,3
2,7,1,1,1,1,4,2,1,2024,15,4,2,1,5,1,1
2,4,2,1,1,1,1,4,1,2024,37,3,4,2,5,1,1
1,1,2,1,1,1,5,4,1,2024,39,3,4,1,5,1,1
3,7,2,1,1,1,1,6,1,2024,37,1,4,1,5,3,1
3,5,2,2,2,4,1,9,2,2024,37,1,4,3,3,1,3
3,5,2,1,1,1,6,5,1,2024,6,3,1,1,1,1,1
1,6,2,2,2,4,2,12,2,2024,20,1,2,3,5,1,1
3,5,2,1,1,1,4,4,1,2024,22,1,2,2,5,3,4
2,8,2,1,2,4,5,7,1,2024,41,1,4,1,5,3,4
3,6,2,2,2,2,3,12,2,2024,9,1,1,3,2,2,1
3,5,2,1,2,3,3,12,1,2024,9,1,1,1,5,3,4
2,5,2,1,2,4,3,7,1,2024,9,1,1,2,3,2,4
2,2,1,1,1,1,2,4,1,2024,13,3,2,1,5,1,4
2,6,1,1,1,1,1,6,1,2024,30,3,3,1,5,1,1
2,7,2,2,2,3,6,10,2,2024,31,1,3,2,3,1,3
3,6,1,2,2,2,1,7,2,2024,37,1,4,2,5,1,2
2,5,2,1,1,1,1,6,1,2024,30,1,3,1,5,2,1
2,5,2,2,2,4,1,7,2,2024,29,3,3,3,2,3,3
2,3,1,1,2,3,3,7,1,2024,9,1,1,2,5,2,5
3,5,1,2,2,5,5,9,2,2024,41,1,4,3,5,2,3
2,6,1,2,2,3,5,10,2,2024,42,1,4,3,3,2,1
2,4,2,1,1,1,6,4,1,2024,31,3,3,1,1,1,1
2,3,2,1,1,1,6,4,1,2024,31,3,3,1,5,2,4
2,5,1,2,2,3,2,6,2,2024,20,1,2,3,2,2,3
3,5,1,1,2,4,2,9,1,2024,21,1,2,1,5,3,4
1,1,1,1,2,2,4,4,1,2024,22,1,2,1,2,3,2
3,5,1,2,1,1,5,6,2,2024,41,1,4,3,5,3,2
2,6,2,1,1,1,6,4,1,2024,31,4,3,1,5,1,1
2,7,2,1,2,3,5,9,1,2024,42,1,4,2,5,1,5
3,1,2,1,2,4,4,12,1,2024,22,1,2,1,5,1,4
3,6,2,2,2,3,2,9,2,2024,20,1,2,2,3,2,2
2,3,2,1,2,3,4,4,1,2024,22,1,2,1,5,1,1
3,8,2,1,1,1,1,12,1,2024,44,4,4,2,5,2,1
3,5,2,2,2,3,3,5,2,2024,4,1,1,3,5,1,3
3,5,2,2,2,4,5,6,2,2024,39,1,4,2,2,2,3
3,7,1,2,2,2,2,9,2,2024,20,1,2,2,1,2,3
3,8,1,2,2,5,1,12,2,2024,37,1,4,3,2,3,2
3,6,1,2,2,4,5,12,2,2024,42,1,4,3,5,2,3
3,3,2,2,1,1,4,4,2,2024,22,1,2,3,5,3,3
3,6,2,2,2,4,2,11,2,2024,21,1,2,2,5,2,2
3,5,2,1,1,1,6,1,1,2024,6,3,1,1,5,2,1
2,3,2,1,2,2,2,4,1,2024,13,1,2,1,5,1,1
3,5,2,2,2,4,3,10,2,2024,4,1,1,3,5,2,5
3,6,1,2,2,4,5,7,2,2024,42,1,4,3,5,2,2
3,5,2,1,1,1,1,4,1,2024,10,4,1,2,1,3,1
2,4,1,1,2,2,4,10,1,2024,15,3,2,1,5,1,4
3,7,2,2,2,5,1,11,2,2024,37,1,4,3,2,2,4
2,2,1,1,1,1,2,4,1,2024,19,3,2,2,5,1,1
3,7,1,2,2,4,5,9,2,2024,39,1,4,3,3,2,2
3,5,2,2,1,1,1,4,2,2024,44,1,4,2,5,3,5
3,5,1,2,2,3,5,7,2,2024,41,1,4,2,5,2,2
3,5,2,1,2,4,2,8,1,2024,21,1,2,1,5,1,3
3,5,2,1,2,3,3,1,1,2024,9,1,1,1,5,2,4
1,4,1,2,2,5,3,8,2,2024,9,1,1,3,5,2,4
1,5,2,2,2,2,5,7,2,2024,41,1,4,3,5,2,1
3,6,2,2,2,2,5,9,2,2024,42,1,4,3,2,2,1
3,5,2,1,2,4,5,6,1,2024,41,1,4,2,5,1,5
3,7,2,2,2,3,4,8,2,2024,15,1,2,2,5,1,1
2,5,1,2,2,3,4,6,2,2024,22,1,2,2,5,1,1
1,4,1,2,2,4,5,11,2,2024,42,1,4,2,5,1,2
3,7,2,2,2,3,6,11,2,2024,31,1,3,2,5,1,5
2,6,1,1,2,3,6,4,1,2024,31,1,3,2,2,1,5
2,2,2,1,1,1,6,4,1,2024,24,2,3,1,1,2,3
3,4,1,2,2,4,5,7,2,2024,42,1,4,3,2,3,1
3,5,1,2,2,3,6,9,2,2024,31,1,3,3,5,3,2
3,3,1,1,1,1,6,12,1,2024,31,4,3,2,2,3,1
2,0,1,1,1,1,5,3,1,2024,35,3,4,1,5,1,1
3,4,2,1,2,2,2,6,1,2024,20,1,2,2,2,1,5
3,5,2,1,2,4,3,12,1,2024,4,1,1,1,2,1,3
2,2,1,2,2,3,6,7,2,2024,26,1,3,2,5,1,1
1,1,1,1,1,1,6,4,1,2024,23,4,3,1,5,2,3
3,6,1,2,2,2,5,7,2,2024,42,1,4,2,3,2,2
2,6,1,1,2,3,5,12,1,2024,35,1,4,1,5,1,4
3,7,2,2,1,1,6,5,2,2024,31,3,3,2,5,2,2
2,6,2,1,2,4,1,4,1,2024,37,1,4,1,5,2,4
3,9,1,2,1,1,1,6,2,2024,44,4,4,3,5,2,3
2,5,2,1,1,1,6,7,1,2024,32,4,3,1,5,2,1
3,3,1,1,1,1,1,4,1,2024,10,3,1,1,2,3,1
2,2,2,1,1,1,2,4,1,2024,11,3,2,1,5,1,1
3,8,1,2,1,1,1,7,2,2024,29,2,3,3,2,1,4
3,5,2,1,1,1,1,5,1,2024,30,4,3,1,5,3,1
1,5,1,1,2,3,5,3,1,2024,35,1,4,2,5,1,1
3,5,2,1,1,1,5,5,1,2024,39,4,4,1,5,2,1
3,5,2,2,2,4,3,9,2,2024,4,1,1,3,1,2,2
2,2,2,1,1,1,6,3,1,2024,6,2,1,1,5,2,3
3,4,2,2,1,1,6,5,2,2024,25,1,3,2,2,3,3
2,5,1,1,1,1,3,3,1,2024,8,3,1,1,5,3,3
3,4,2,2,2,2,5,9,2,2024,40,1,4,3,2,3,3
3,3,1,2,1,1,5,5,2,2024,35,2,4,2,5,1,2
2,6,2,2,2,4,3,11,2,2024,9,1,1,3,3,2,4
3,5,2,2,2,2,2,10,2,2024,21,1,2,3,2,2,4
3,8,2,2,2,3,5,8,2,2024,41,1,4,3,2,2,6
3,5,2,2,2,2,5,8,2,2024,35,1,4,3,3,2,6
3,3,2,2,2,4,3,4,2,2024,4,1,1,3,5,2,1
3,4,2,2,2,3,1,12,2,2024,10,1,1,3,1,2,5
3,7,1,2,1,1,1,7,2,2024,37,1,4,2,5,2,2
3,5,1,1,1,1,4,6,1,2024,15,4,2,2,2,1,1
3,8,1,2,2,3,5,12,2,2024,35,1,4,3,5,2,3
2,3,1,1,1,1,2,6,1,2024,12,2,2,1,1,1,4
2,5,1,2,2,4,6,8,2,2024,31,1,3,3,2,3,4
